query_id,split,query_set,tier,policy,ran,picked_slot,rank,candidate_rank@30,candidate_recall,hit1,hit5,hit10,mrr10,ndcg10,shown_ids
c601,dev,clarify_v1,vague,initial,1,,10,10,1.0,0.0,0.0,1.0,0.1,0.289065,1210836|4085875|317997|4764928|1322134|4077|2135469|5826461|903404|3853978
c601,dev,clarify_v1,vague,reject_only,0,,10,10,1.0,0.0,0.0,1.0,0.1,0.289065,1210836|4085875|317997|4764928|1322134|4077|2135469|5826461|903404|3853978
c601,dev,clarify_v1,vague,reject_twice,0,,10,10,1.0,0.0,0.0,1.0,0.1,0.289065,1210836|4085875|317997|4764928|1322134|4077|2135469|5826461|903404|3853978
c601,dev,clarify_v1,vague,skip,0,,10,10,1.0,0.0,0.0,1.0,0.1,0.289065,1210836|4085875|317997|4764928|1322134|4077|2135469|5826461|903404|3853978
c601,dev,clarify_v1,vague,oracle:vocal_gender,0,,10,10,1.0,0.0,0.0,1.0,0.1,0.289065,1210836|4085875|317997|4764928|1322134|4077|2135469|5826461|903404|3853978
c601,dev,clarify_v1,vague,oracle:type,0,,10,10,1.0,0.0,0.0,1.0,0.1,0.289065,1210836|4085875|317997|4764928|1322134|4077|2135469|5826461|903404|3853978
c601,dev,clarify_v1,vague,oracle:genre,0,,10,10,1.0,0.0,0.0,1.0,0.1,0.289065,1210836|4085875|317997|4764928|1322134|4077|2135469|5826461|903404|3853978
c601,dev,clarify_v1,vague,oracle:release_era,0,,10,10,1.0,0.0,0.0,1.0,0.1,0.289065,1210836|4085875|317997|4764928|1322134|4077|2135469|5826461|903404|3853978
c601,dev,clarify_v1,vague,noisy:vocal_gender,0,,10,10,1.0,0.0,0.0,1.0,0.1,0.289065,1210836|4085875|317997|4764928|1322134|4077|2135469|5826461|903404|3853978
c601,dev,clarify_v1,vague,noisy:type,0,,10,10,1.0,0.0,0.0,1.0,0.1,0.289065,1210836|4085875|317997|4764928|1322134|4077|2135469|5826461|903404|3853978
c601,dev,clarify_v1,vague,noisy:genre,0,,10,10,1.0,0.0,0.0,1.0,0.1,0.289065,1210836|4085875|317997|4764928|1322134|4077|2135469|5826461|903404|3853978
c601,dev,clarify_v1,vague,noisy:release_era,0,,10,10,1.0,0.0,0.0,1.0,0.1,0.289065,1210836|4085875|317997|4764928|1322134|4077|2135469|5826461|903404|3853978
c601,dev,clarify_v1,vague,rule:oracle,0,,10,10,1.0,0.0,0.0,1.0,0.1,0.289065,1210836|4085875|317997|4764928|1322134|4077|2135469|5826461|903404|3853978
c601,dev,clarify_v1,vague,rule:noisy,0,,10,10,1.0,0.0,0.0,1.0,0.1,0.289065,1210836|4085875|317997|4764928|1322134|4077|2135469|5826461|903404|3853978
c601,dev,clarify_v1,vague,rule:skip,0,,10,10,1.0,0.0,0.0,1.0,0.1,0.289065,1210836|4085875|317997|4764928|1322134|4077|2135469|5826461|903404|3853978
c601,dev,clarify_v1,vague,oracle:best,0,,10,10,1.0,0.0,0.0,1.0,0.1,0.289065,1210836|4085875|317997|4764928|1322134|4077|2135469|5826461|903404|3853978
c602,dev,clarify_v1,vague,initial,1,,7,7,1.0,0.0,0.0,1.0,0.142857,0.333333,31554317|1786851|8100402|1903050|2930969|8252408|4854588|8261338|8308231|90105
c602,dev,clarify_v1,vague,reject_only,0,,7,7,1.0,0.0,0.0,1.0,0.142857,0.333333,31554317|1786851|8100402|1903050|2930969|8252408|4854588|8261338|8308231|90105
c602,dev,clarify_v1,vague,reject_twice,0,,7,7,1.0,0.0,0.0,1.0,0.142857,0.333333,31554317|1786851|8100402|1903050|2930969|8252408|4854588|8261338|8308231|90105
c602,dev,clarify_v1,vague,skip,0,,7,7,1.0,0.0,0.0,1.0,0.142857,0.333333,31554317|1786851|8100402|1903050|2930969|8252408|4854588|8261338|8308231|90105
c602,dev,clarify_v1,vague,oracle:vocal_gender,0,,7,7,1.0,0.0,0.0,1.0,0.142857,0.333333,31554317|1786851|8100402|1903050|2930969|8252408|4854588|8261338|8308231|90105
c602,dev,clarify_v1,vague,oracle:type,0,,7,7,1.0,0.0,0.0,1.0,0.142857,0.333333,31554317|1786851|8100402|1903050|2930969|8252408|4854588|8261338|8308231|90105
c602,dev,clarify_v1,vague,oracle:genre,0,,7,7,1.0,0.0,0.0,1.0,0.142857,0.333333,31554317|1786851|8100402|1903050|2930969|8252408|4854588|8261338|8308231|90105
c602,dev,clarify_v1,vague,oracle:release_era,0,,7,7,1.0,0.0,0.0,1.0,0.142857,0.333333,31554317|1786851|8100402|1903050|2930969|8252408|4854588|8261338|8308231|90105
c602,dev,clarify_v1,vague,noisy:vocal_gender,0,,7,7,1.0,0.0,0.0,1.0,0.142857,0.333333,31554317|1786851|8100402|1903050|2930969|8252408|4854588|8261338|8308231|90105
c602,dev,clarify_v1,vague,noisy:type,0,,7,7,1.0,0.0,0.0,1.0,0.142857,0.333333,31554317|1786851|8100402|1903050|2930969|8252408|4854588|8261338|8308231|90105
c602,dev,clarify_v1,vague,noisy:genre,0,,7,7,1.0,0.0,0.0,1.0,0.142857,0.333333,31554317|1786851|8100402|1903050|2930969|8252408|4854588|8261338|8308231|90105
c602,dev,clarify_v1,vague,noisy:release_era,0,,7,7,1.0,0.0,0.0,1.0,0.142857,0.333333,31554317|1786851|8100402|1903050|2930969|8252408|4854588|8261338|8308231|90105
c602,dev,clarify_v1,vague,rule:oracle,0,,7,7,1.0,0.0,0.0,1.0,0.142857,0.333333,31554317|1786851|8100402|1903050|2930969|8252408|4854588|8261338|8308231|90105
c602,dev,clarify_v1,vague,rule:noisy,0,,7,7,1.0,0.0,0.0,1.0,0.142857,0.333333,31554317|1786851|8100402|1903050|2930969|8252408|4854588|8261338|8308231|90105
c602,dev,clarify_v1,vague,rule:skip,0,,7,7,1.0,0.0,0.0,1.0,0.142857,0.333333,31554317|1786851|8100402|1903050|2930969|8252408|4854588|8261338|8308231|90105
c602,dev,clarify_v1,vague,oracle:best,0,,7,7,1.0,0.0,0.0,1.0,0.142857,0.333333,31554317|1786851|8100402|1903050|2930969|8252408|4854588|8261338|8308231|90105
c603,dev,clarify_v1,vague,initial,1,,7,7,1.0,0.0,0.0,1.0,0.142857,0.333333,2336218|529685|1563629|31406357|485716|1379738|2967751|1592906|2270749|439346
c603,dev,clarify_v1,vague,reject_only,0,,7,7,1.0,0.0,0.0,1.0,0.142857,0.333333,2336218|529685|1563629|31406357|485716|1379738|2967751|1592906|2270749|439346
c603,dev,clarify_v1,vague,reject_twice,0,,7,7,1.0,0.0,0.0,1.0,0.142857,0.333333,2336218|529685|1563629|31406357|485716|1379738|2967751|1592906|2270749|439346
c603,dev,clarify_v1,vague,skip,0,,7,7,1.0,0.0,0.0,1.0,0.142857,0.333333,2336218|529685|1563629|31406357|485716|1379738|2967751|1592906|2270749|439346
c603,dev,clarify_v1,vague,oracle:vocal_gender,0,,7,7,1.0,0.0,0.0,1.0,0.142857,0.333333,2336218|529685|1563629|31406357|485716|1379738|2967751|1592906|2270749|439346
c603,dev,clarify_v1,vague,oracle:type,0,,7,7,1.0,0.0,0.0,1.0,0.142857,0.333333,2336218|529685|1563629|31406357|485716|1379738|2967751|1592906|2270749|439346
c603,dev,clarify_v1,vague,oracle:genre,0,,7,7,1.0,0.0,0.0,1.0,0.142857,0.333333,2336218|529685|1563629|31406357|485716|1379738|2967751|1592906|2270749|439346
c603,dev,clarify_v1,vague,oracle:release_era,0,,7,7,1.0,0.0,0.0,1.0,0.142857,0.333333,2336218|529685|1563629|31406357|485716|1379738|2967751|1592906|2270749|439346
c603,dev,clarify_v1,vague,noisy:vocal_gender,0,,7,7,1.0,0.0,0.0,1.0,0.142857,0.333333,2336218|529685|1563629|31406357|485716|1379738|2967751|1592906|2270749|439346
c603,dev,clarify_v1,vague,noisy:type,0,,7,7,1.0,0.0,0.0,1.0,0.142857,0.333333,2336218|529685|1563629|31406357|485716|1379738|2967751|1592906|2270749|439346
c603,dev,clarify_v1,vague,noisy:genre,0,,7,7,1.0,0.0,0.0,1.0,0.142857,0.333333,2336218|529685|1563629|31406357|485716|1379738|2967751|1592906|2270749|439346
c603,dev,clarify_v1,vague,noisy:release_era,0,,7,7,1.0,0.0,0.0,1.0,0.142857,0.333333,2336218|529685|1563629|31406357|485716|1379738|2967751|1592906|2270749|439346
c603,dev,clarify_v1,vague,rule:oracle,0,,7,7,1.0,0.0,0.0,1.0,0.142857,0.333333,2336218|529685|1563629|31406357|485716|1379738|2967751|1592906|2270749|439346
c603,dev,clarify_v1,vague,rule:noisy,0,,7,7,1.0,0.0,0.0,1.0,0.142857,0.333333,2336218|529685|1563629|31406357|485716|1379738|2967751|1592906|2270749|439346
c603,dev,clarify_v1,vague,rule:skip,0,,7,7,1.0,0.0,0.0,1.0,0.142857,0.333333,2336218|529685|1563629|31406357|485716|1379738|2967751|1592906|2270749|439346
c603,dev,clarify_v1,vague,oracle:best,0,,7,7,1.0,0.0,0.0,1.0,0.142857,0.333333,2336218|529685|1563629|31406357|485716|1379738|2967751|1592906|2270749|439346
c605,dev,clarify_v1,vague,initial,1,,2,2,1.0,0.0,1.0,1.0,0.5,0.63093,8203900|1525533|4375626|4446485|4843704|8089568|4262073|2101171|4412196|8102386
c605,dev,clarify_v1,vague,reject_only,0,,2,2,1.0,0.0,1.0,1.0,0.5,0.63093,8203900|1525533|4375626|4446485|4843704|8089568|4262073|2101171|4412196|8102386
c605,dev,clarify_v1,vague,reject_twice,0,,2,2,1.0,0.0,1.0,1.0,0.5,0.63093,8203900|1525533|4375626|4446485|4843704|8089568|4262073|2101171|4412196|8102386
c605,dev,clarify_v1,vague,skip,0,,2,2,1.0,0.0,1.0,1.0,0.5,0.63093,8203900|1525533|4375626|4446485|4843704|8089568|4262073|2101171|4412196|8102386
c605,dev,clarify_v1,vague,oracle:vocal_gender,0,,2,2,1.0,0.0,1.0,1.0,0.5,0.63093,8203900|1525533|4375626|4446485|4843704|8089568|4262073|2101171|4412196|8102386
c605,dev,clarify_v1,vague,oracle:type,0,,2,2,1.0,0.0,1.0,1.0,0.5,0.63093,8203900|1525533|4375626|4446485|4843704|8089568|4262073|2101171|4412196|8102386
c605,dev,clarify_v1,vague,oracle:genre,0,,2,2,1.0,0.0,1.0,1.0,0.5,0.63093,8203900|1525533|4375626|4446485|4843704|8089568|4262073|2101171|4412196|8102386
c605,dev,clarify_v1,vague,oracle:release_era,0,,2,2,1.0,0.0,1.0,1.0,0.5,0.63093,8203900|1525533|4375626|4446485|4843704|8089568|4262073|2101171|4412196|8102386
c605,dev,clarify_v1,vague,noisy:vocal_gender,0,,2,2,1.0,0.0,1.0,1.0,0.5,0.63093,8203900|1525533|4375626|4446485|4843704|8089568|4262073|2101171|4412196|8102386
c605,dev,clarify_v1,vague,noisy:type,0,,2,2,1.0,0.0,1.0,1.0,0.5,0.63093,8203900|1525533|4375626|4446485|4843704|8089568|4262073|2101171|4412196|8102386
c605,dev,clarify_v1,vague,noisy:genre,0,,2,2,1.0,0.0,1.0,1.0,0.5,0.63093,8203900|1525533|4375626|4446485|4843704|8089568|4262073|2101171|4412196|8102386
c605,dev,clarify_v1,vague,noisy:release_era,0,,2,2,1.0,0.0,1.0,1.0,0.5,0.63093,8203900|1525533|4375626|4446485|4843704|8089568|4262073|2101171|4412196|8102386
c605,dev,clarify_v1,vague,rule:oracle,0,,2,2,1.0,0.0,1.0,1.0,0.5,0.63093,8203900|1525533|4375626|4446485|4843704|8089568|4262073|2101171|4412196|8102386
c605,dev,clarify_v1,vague,rule:noisy,0,,2,2,1.0,0.0,1.0,1.0,0.5,0.63093,8203900|1525533|4375626|4446485|4843704|8089568|4262073|2101171|4412196|8102386
c605,dev,clarify_v1,vague,rule:skip,0,,2,2,1.0,0.0,1.0,1.0,0.5,0.63093,8203900|1525533|4375626|4446485|4843704|8089568|4262073|2101171|4412196|8102386
c605,dev,clarify_v1,vague,oracle:best,0,,2,2,1.0,0.0,1.0,1.0,0.5,0.63093,8203900|1525533|4375626|4446485|4843704|8089568|4262073|2101171|4412196|8102386
c607,dev,clarify_v1,vague,initial,1,vocal_gender,,15,1.0,0.0,0.0,0.0,0.0,0.0,686651|2226049|5668985|1008495|732519|5482064|2540268|37100|466094|7942948
c607,dev,clarify_v1,vague,reject_only,1,vocal_gender,5,5,1.0,0.0,1.0,1.0,0.2,0.386853,430051|1649188|489055|4381724|7921208|27600|4262073|667278|8053157|8071102
c607,dev,clarify_v1,vague,reject_twice,0,vocal_gender,5,5,1.0,0.0,1.0,1.0,0.2,0.386853,430051|1649188|489055|4381724|7921208|27600|4262073|667278|8053157|8071102
c607,dev,clarify_v1,vague,skip,1,vocal_gender,5,5,1.0,0.0,1.0,1.0,0.2,0.386853,430051|1649188|489055|4381724|7921208|27600|4262073|667278|8053157|8071102
c607,dev,clarify_v1,vague,oracle:vocal_gender,1,vocal_gender,4,4,1.0,0.0,1.0,1.0,0.25,0.430677,1649188|489055|4381724|7921208|27600|530043|667166|31373277|1836107|30859584
c607,dev,clarify_v1,vague,oracle:type,1,vocal_gender,5,5,1.0,0.0,1.0,1.0,0.2,0.386853,430051|1649188|489055|4381724|7921208|27600|4262073|667278|8053157|8071102
c607,dev,clarify_v1,vague,oracle:genre,1,vocal_gender,2,2,1.0,0.0,1.0,1.0,0.5,0.63093,4381724|7921208|27600|667278|8053157|8071102|530043|667166|34093|4375626
c607,dev,clarify_v1,vague,oracle:release_era,1,vocal_gender,5,5,1.0,0.0,1.0,1.0,0.2,0.386853,430051|1649188|489055|4381724|7921208|27600|4262073|667278|8053157|8071102
c607,dev,clarify_v1,vague,noisy:vocal_gender,1,vocal_gender,,20,1.0,0.0,0.0,0.0,0.0,0.0,430051|4262073|667278|8053157|8071102|2112982|34093|4375626|4843704|2684572
c607,dev,clarify_v1,vague,noisy:type,1,vocal_gender,5,5,1.0,0.0,1.0,1.0,0.2,0.386853,430051|1649188|489055|4381724|7921208|27600|4262073|667278|8053157|8071102
c607,dev,clarify_v1,vague,noisy:genre,1,vocal_gender,9,9,1.0,0.0,0.0,1.0,0.111111,0.30103,2112982|4711007|2684572|3457172|430051|1649188|489055|4381724|7921208|27600
c607,dev,clarify_v1,vague,noisy:release_era,1,vocal_gender,5,5,1.0,0.0,1.0,1.0,0.2,0.386853,430051|1649188|489055|4381724|7921208|27600|4262073|667278|8053157|8071102
c607,dev,clarify_v1,vague,rule:oracle,1,vocal_gender,4,4,1.0,0.0,1.0,1.0,0.25,0.430677,1649188|489055|4381724|7921208|27600|530043|667166|31373277|1836107|30859584
c607,dev,clarify_v1,vague,rule:noisy,1,vocal_gender,,20,1.0,0.0,0.0,0.0,0.0,0.0,430051|4262073|667278|8053157|8071102|2112982|34093|4375626|4843704|2684572
c607,dev,clarify_v1,vague,rule:skip,1,vocal_gender,5,5,1.0,0.0,1.0,1.0,0.2,0.386853,430051|1649188|489055|4381724|7921208|27600|4262073|667278|8053157|8071102
c607,dev,clarify_v1,vague,oracle:best,1,vocal_gender,2,2,1.0,0.0,1.0,1.0,0.5,0.63093,4381724|7921208|27600|667278|8053157|8071102|530043|667166|34093|4375626
c701,dev,clarify_v1,misinformation,initial,1,vocal_gender,,28,1.0,0.0,0.0,0.0,0.0,0.0,523274|7942948|4446485|4038857|622912|31984204|27600|31373277|89806|425634
c701,dev,clarify_v1,misinformation,reject_only,1,vocal_gender,,24,1.0,0.0,0.0,0.0,0.0,0.0,30721801|8203900|30755375|1521180|1459456|32574|686651|848156|5482064|5668985
c701,dev,clarify_v1,misinformation,reject_twice,1,vocal_gender,,20,1.0,0.0,0.0,0.0,0.0,0.0,31532642|8102386|4021445|1538203|30962526|499230|30157753|432357|1459449|1996934
c701,dev,clarify_v1,misinformation,skip,1,vocal_gender,,24,1.0,0.0,0.0,0.0,0.0,0.0,30721801|8203900|30755375|1521180|1459456|32574|686651|848156|5482064|5668985
c701,dev,clarify_v1,misinformation,oracle:vocal_gender,1,vocal_gender,,21,1.0,0.0,0.0,0.0,0.0,0.0,30721801|8203900|30755375|1521180|1459456|32574|686651|848156|5482064|5668985
c701,dev,clarify_v1,misinformation,oracle:type,1,vocal_gender,,24,1.0,0.0,0.0,0.0,0.0,0.0,30721801|8203900|30755375|1521180|1459456|32574|686651|848156|5482064|5668985
c701,dev,clarify_v1,misinformation,oracle:genre,1,vocal_gender,,23,1.0,0.0,0.0,0.0,0.0,0.0,30721801|8203900|30755375|1459456|1521180|32574|686651|848156|5482064|5668985
c701,dev,clarify_v1,misinformation,oracle:release_era,1,vocal_gender,,24,1.0,0.0,0.0,0.0,0.0,0.0,30721801|8203900|30755375|1521180|1459456|32574|686651|848156|5482064|5668985
c701,dev,clarify_v1,misinformation,noisy:vocal_gender,1,vocal_gender,,24,1.0,0.0,0.0,0.0,0.0,0.0,30721801|8203900|30755375|1459456|1521180|32574|686651|848156|5482064|5668985
c701,dev,clarify_v1,misinformation,noisy:type,1,vocal_gender,,24,1.0,0.0,0.0,0.0,0.0,0.0,30721801|8203900|30755375|1521180|1459456|32574|686651|848156|5482064|5668985
c701,dev,clarify_v1,misinformation,noisy:genre,1,vocal_gender,,24,1.0,0.0,0.0,0.0,0.0,0.0,30721801|8203900|30755375|1521180|1459456|32574|686651|848156|5482064|5668985
c701,dev,clarify_v1,misinformation,noisy:release_era,1,vocal_gender,,24,1.0,0.0,0.0,0.0,0.0,0.0,30721801|8203900|30755375|1521180|1459456|32574|686651|848156|5482064|5668985
c701,dev,clarify_v1,misinformation,rule:oracle,1,vocal_gender,,21,1.0,0.0,0.0,0.0,0.0,0.0,30721801|8203900|30755375|1521180|1459456|32574|686651|848156|5482064|5668985
c701,dev,clarify_v1,misinformation,rule:noisy,1,vocal_gender,,24,1.0,0.0,0.0,0.0,0.0,0.0,30721801|8203900|30755375|1459456|1521180|32574|686651|848156|5482064|5668985
c701,dev,clarify_v1,misinformation,rule:skip,1,vocal_gender,,24,1.0,0.0,0.0,0.0,0.0,0.0,30721801|8203900|30755375|1521180|1459456|32574|686651|848156|5482064|5668985
c701,dev,clarify_v1,misinformation,oracle:best,1,vocal_gender,,21,1.0,0.0,0.0,0.0,0.0,0.0,30721801|8203900|30755375|1521180|1459456|32574|686651|848156|5482064|5668985
c705,dev,clarify_v1,misinformation,initial,1,vocal_gender,,22,1.0,0.0,0.0,0.0,0.0,0.0,8203900|490173|27600|31373277|530043|622912|8102386|4038857|30962526|529685
c705,dev,clarify_v1,misinformation,reject_only,1,vocal_gender,,18,1.0,0.0,0.0,0.0,0.0,0.0,7942948|31984204|5668985|1901874|848156|5482064|2386960|866706|732373|30721801
c705,dev,clarify_v1,misinformation,reject_twice,1,vocal_gender,,14,1.0,0.0,0.0,0.0,0.0,0.0,523274|445413|7921208|686651|4446485|2109706|1563629|667166|2549955|432357
c705,dev,clarify_v1,misinformation,skip,1,vocal_gender,,18,1.0,0.0,0.0,0.0,0.0,0.0,7942948|31984204|5668985|1901874|848156|5482064|2386960|866706|732373|30721801
c705,dev,clarify_v1,misinformation,oracle:vocal_gender,1,vocal_gender,,17,1.0,0.0,0.0,0.0,0.0,0.0,7942948|31984204|5668985|1901874|848156|5482064|2386960|866706|732373|30721801
c705,dev,clarify_v1,misinformation,oracle:type,1,vocal_gender,,18,1.0,0.0,0.0,0.0,0.0,0.0,7942948|31984204|5668985|1901874|848156|5482064|2386960|866706|732373|30721801
c705,dev,clarify_v1,misinformation,oracle:genre,1,vocal_gender,,17,1.0,0.0,0.0,0.0,0.0,0.0,7942948|31984204|5668985|1901874|848156|5482064|2386960|866706|732373|30721801
c705,dev,clarify_v1,misinformation,oracle:release_era,1,vocal_gender,,18,1.0,0.0,0.0,0.0,0.0,0.0,7942948|31984204|5668985|1901874|848156|5482064|2386960|866706|732373|30721801
c705,dev,clarify_v1,misinformation,noisy:vocal_gender,1,vocal_gender,,18,1.0,0.0,0.0,0.0,0.0,0.0,7942948|31984204|5668985|1901874|848156|5482064|2386960|866706|732373|30721801
c705,dev,clarify_v1,misinformation,noisy:type,1,vocal_gender,,18,1.0,0.0,0.0,0.0,0.0,0.0,7942948|31984204|5668985|1901874|848156|5482064|2386960|866706|732373|30721801
c705,dev,clarify_v1,misinformation,noisy:genre,1,vocal_gender,,18,1.0,0.0,0.0,0.0,0.0,0.0,7942948|31984204|5668985|1901874|848156|5482064|2386960|866706|732373|30721801
c705,dev,clarify_v1,misinformation,noisy:release_era,1,vocal_gender,,18,1.0,0.0,0.0,0.0,0.0,0.0,7942948|31984204|5668985|1901874|848156|5482064|2386960|866706|732373|30721801
c705,dev,clarify_v1,misinformation,rule:oracle,1,vocal_gender,,17,1.0,0.0,0.0,0.0,0.0,0.0,7942948|31984204|5668985|1901874|848156|5482064|2386960|866706|732373|30721801
c705,dev,clarify_v1,misinformation,rule:noisy,1,vocal_gender,,18,1.0,0.0,0.0,0.0,0.0,0.0,7942948|31984204|5668985|1901874|848156|5482064|2386960|866706|732373|30721801
c705,dev,clarify_v1,misinformation,rule:skip,1,vocal_gender,,18,1.0,0.0,0.0,0.0,0.0,0.0,7942948|31984204|5668985|1901874|848156|5482064|2386960|866706|732373|30721801
c705,dev,clarify_v1,misinformation,oracle:best,1,vocal_gender,,17,1.0,0.0,0.0,0.0,0.0,0.0,7942948|31984204|5668985|1901874|848156|5482064|2386960|866706|732373|30721801
c706,dev,clarify_v1,misinformation,initial,1,,4,4,1.0,0.0,1.0,1.0,0.25,0.430677,5628083|4024692|4237755|4020215|4047160|91166|4011596|2049250|497095|2684572
c706,dev,clarify_v1,misinformation,reject_only,0,,4,4,1.0,0.0,1.0,1.0,0.25,0.430677,5628083|4024692|4237755|4020215|4047160|91166|4011596|2049250|497095|2684572
c706,dev,clarify_v1,misinformation,reject_twice,0,,4,4,1.0,0.0,1.0,1.0,0.25,0.430677,5628083|4024692|4237755|4020215|4047160|91166|4011596|2049250|497095|2684572
c706,dev,clarify_v1,misinformation,skip,0,,4,4,1.0,0.0,1.0,1.0,0.25,0.430677,5628083|4024692|4237755|4020215|4047160|91166|4011596|2049250|497095|2684572
c706,dev,clarify_v1,misinformation,oracle:vocal_gender,0,,4,4,1.0,0.0,1.0,1.0,0.25,0.430677,5628083|4024692|4237755|4020215|4047160|91166|4011596|2049250|497095|2684572
c706,dev,clarify_v1,misinformation,oracle:type,0,,4,4,1.0,0.0,1.0,1.0,0.25,0.430677,5628083|4024692|4237755|4020215|4047160|91166|4011596|2049250|497095|2684572
c706,dev,clarify_v1,misinformation,oracle:genre,0,,4,4,1.0,0.0,1.0,1.0,0.25,0.430677,5628083|4024692|4237755|4020215|4047160|91166|4011596|2049250|497095|2684572
c706,dev,clarify_v1,misinformation,oracle:release_era,0,,4,4,1.0,0.0,1.0,1.0,0.25,0.430677,5628083|4024692|4237755|4020215|4047160|91166|4011596|2049250|497095|2684572
c706,dev,clarify_v1,misinformation,noisy:vocal_gender,0,,4,4,1.0,0.0,1.0,1.0,0.25,0.430677,5628083|4024692|4237755|4020215|4047160|91166|4011596|2049250|497095|2684572
c706,dev,clarify_v1,misinformation,noisy:type,0,,4,4,1.0,0.0,1.0,1.0,0.25,0.430677,5628083|4024692|4237755|4020215|4047160|91166|4011596|2049250|497095|2684572
c706,dev,clarify_v1,misinformation,noisy:genre,0,,4,4,1.0,0.0,1.0,1.0,0.25,0.430677,5628083|4024692|4237755|4020215|4047160|91166|4011596|2049250|497095|2684572
c706,dev,clarify_v1,misinformation,noisy:release_era,0,,4,4,1.0,0.0,1.0,1.0,0.25,0.430677,5628083|4024692|4237755|4020215|4047160|91166|4011596|2049250|497095|2684572
c706,dev,clarify_v1,misinformation,rule:oracle,0,,4,4,1.0,0.0,1.0,1.0,0.25,0.430677,5628083|4024692|4237755|4020215|4047160|91166|4011596|2049250|497095|2684572
c706,dev,clarify_v1,misinformation,rule:noisy,0,,4,4,1.0,0.0,1.0,1.0,0.25,0.430677,5628083|4024692|4237755|4020215|4047160|91166|4011596|2049250|497095|2684572
c706,dev,clarify_v1,misinformation,rule:skip,0,,4,4,1.0,0.0,1.0,1.0,0.25,0.430677,5628083|4024692|4237755|4020215|4047160|91166|4011596|2049250|497095|2684572
c706,dev,clarify_v1,misinformation,oracle:best,0,,4,4,1.0,0.0,1.0,1.0,0.25,0.430677,5628083|4024692|4237755|4020215|4047160|91166|4011596|2049250|497095|2684572
c707,dev,clarify_v1,misinformation,initial,1,vocal_gender,,18,1.0,0.0,0.0,0.0,0.0,0.0,4044859|4262073|4375626|4843704|8174429|90693|30190630|30177818|1928055|1798588
c707,dev,clarify_v1,misinformation,reject_only,1,vocal_gender,10,10,1.0,0.0,0.0,1.0,0.1,0.289065,8089568|4412196|31938460|672010|8071102|8053157|4212782|5605860|667278|5650996
c707,dev,clarify_v1,misinformation,reject_twice,0,vocal_gender,10,10,1.0,0.0,0.0,1.0,0.1,0.289065,8089568|4412196|31938460|672010|8071102|8053157|4212782|5605860|667278|5650996
c707,dev,clarify_v1,misinformation,skip,1,vocal_gender,10,10,1.0,0.0,0.0,1.0,0.1,0.289065,8089568|4412196|31938460|672010|8071102|8053157|4212782|5605860|667278|5650996
c707,dev,clarify_v1,misinformation,oracle:vocal_gender,1,vocal_gender,2,2,1.0,0.0,1.0,1.0,0.5,0.63093,8089568|5650996|4412196|4097003|4665220|31938460|672010|4579468|30132687|5674119
c707,dev,clarify_v1,misinformation,oracle:type,1,vocal_gender,10,10,1.0,0.0,0.0,1.0,0.1,0.289065,8089568|4412196|31938460|672010|8071102|8053157|4212782|5605860|667278|5650996
c707,dev,clarify_v1,misinformation,oracle:genre,1,vocal_gender,9,9,1.0,0.0,0.0,1.0,0.111111,0.30103,8089568|4412196|31938460|672010|8071102|8053157|4212782|667278|5650996|4579468
c707,dev,clarify_v1,misinformation,oracle:release_era,1,vocal_gender,10,10,1.0,0.0,0.0,1.0,0.1,0.289065,8089568|4412196|31938460|672010|8071102|8053157|4212782|5605860|667278|5650996
c707,dev,clarify_v1,misinformation,noisy:vocal_gender,1,vocal_gender,,13,1.0,0.0,0.0,0.0,0.0,0.0,8089568|4412196|31938460|672010|8071102|8053157|4212782|5605860|667278|32003395
c707,dev,clarify_v1,misinformation,noisy:type,1,vocal_gender,10,10,1.0,0.0,0.0,1.0,0.1,0.289065,8089568|4412196|31938460|672010|8071102|8053157|4212782|5605860|667278|5650996
c707,dev,clarify_v1,misinformation,noisy:genre,1,vocal_gender,10,10,1.0,0.0,0.0,1.0,0.1,0.289065,8089568|4412196|31938460|672010|8071102|8053157|4212782|5605860|667278|5650996
c707,dev,clarify_v1,misinformation,noisy:release_era,1,vocal_gender,10,10,1.0,0.0,0.0,1.0,0.1,0.289065,8089568|4412196|31938460|672010|8071102|8053157|4212782|5605860|667278|5650996
c707,dev,clarify_v1,misinformation,rule:oracle,1,vocal_gender,2,2,1.0,0.0,1.0,1.0,0.5,0.63093,8089568|5650996|4412196|4097003|4665220|31938460|672010|4579468|30132687|5674119
c707,dev,clarify_v1,misinformation,rule:noisy,1,vocal_gender,,13,1.0,0.0,0.0,0.0,0.0,0.0,8089568|4412196|31938460|672010|8071102|8053157|4212782|5605860|667278|32003395
c707,dev,clarify_v1,misinformation,rule:skip,1,vocal_gender,10,10,1.0,0.0,0.0,1.0,0.1,0.289065,8089568|4412196|31938460|672010|8071102|8053157|4212782|5605860|667278|5650996
c707,dev,clarify_v1,misinformation,oracle:best,1,vocal_gender,2,2,1.0,0.0,1.0,1.0,0.5,0.63093,8089568|5650996|4412196|4097003|4665220|31938460|672010|4579468|30132687|5674119
m102,dev,modality_v1,vague,initial,1,,1,1,1.0,1.0,1.0,1.0,1.0,1.0,3467466|19094|1851229|4400561|90105|30859584|8308231|529850|1322134|1604265
m102,dev,modality_v1,vague,reject_only,0,,1,1,1.0,1.0,1.0,1.0,1.0,1.0,3467466|19094|1851229|4400561|90105|30859584|8308231|529850|1322134|1604265
m102,dev,modality_v1,vague,reject_twice,0,,1,1,1.0,1.0,1.0,1.0,1.0,1.0,3467466|19094|1851229|4400561|90105|30859584|8308231|529850|1322134|1604265
m102,dev,modality_v1,vague,skip,0,,1,1,1.0,1.0,1.0,1.0,1.0,1.0,3467466|19094|1851229|4400561|90105|30859584|8308231|529850|1322134|1604265
m102,dev,modality_v1,vague,oracle:vocal_gender,0,,1,1,1.0,1.0,1.0,1.0,1.0,1.0,3467466|19094|1851229|4400561|90105|30859584|8308231|529850|1322134|1604265
m102,dev,modality_v1,vague,oracle:type,0,,1,1,1.0,1.0,1.0,1.0,1.0,1.0,3467466|19094|1851229|4400561|90105|30859584|8308231|529850|1322134|1604265
m102,dev,modality_v1,vague,oracle:genre,0,,1,1,1.0,1.0,1.0,1.0,1.0,1.0,3467466|19094|1851229|4400561|90105|30859584|8308231|529850|1322134|1604265
m102,dev,modality_v1,vague,oracle:release_era,0,,1,1,1.0,1.0,1.0,1.0,1.0,1.0,3467466|19094|1851229|4400561|90105|30859584|8308231|529850|1322134|1604265
m102,dev,modality_v1,vague,noisy:vocal_gender,0,,1,1,1.0,1.0,1.0,1.0,1.0,1.0,3467466|19094|1851229|4400561|90105|30859584|8308231|529850|1322134|1604265
m102,dev,modality_v1,vague,noisy:type,0,,1,1,1.0,1.0,1.0,1.0,1.0,1.0,3467466|19094|1851229|4400561|90105|30859584|8308231|529850|1322134|1604265
m102,dev,modality_v1,vague,noisy:genre,0,,1,1,1.0,1.0,1.0,1.0,1.0,1.0,3467466|19094|1851229|4400561|90105|30859584|8308231|529850|1322134|1604265
m102,dev,modality_v1,vague,noisy:release_era,0,,1,1,1.0,1.0,1.0,1.0,1.0,1.0,3467466|19094|1851229|4400561|90105|30859584|8308231|529850|1322134|1604265
m102,dev,modality_v1,vague,rule:oracle,0,,1,1,1.0,1.0,1.0,1.0,1.0,1.0,3467466|19094|1851229|4400561|90105|30859584|8308231|529850|1322134|1604265
m102,dev,modality_v1,vague,rule:noisy,0,,1,1,1.0,1.0,1.0,1.0,1.0,1.0,3467466|19094|1851229|4400561|90105|30859584|8308231|529850|1322134|1604265
m102,dev,modality_v1,vague,rule:skip,0,,1,1,1.0,1.0,1.0,1.0,1.0,1.0,3467466|19094|1851229|4400561|90105|30859584|8308231|529850|1322134|1604265
m102,dev,modality_v1,vague,oracle:best,0,,1,1,1.0,1.0,1.0,1.0,1.0,1.0,3467466|19094|1851229|4400561|90105|30859584|8308231|529850|1322134|1604265
m103,dev,modality_v1,vague,initial,1,,2,1,1.0,0.0,1.0,1.0,0.5,0.63093,27600|523274|4299165|89806|499229|67169|527016|2025249|32574|610483
m103,dev,modality_v1,vague,reject_only,0,,2,1,1.0,0.0,1.0,1.0,0.5,0.63093,27600|523274|4299165|89806|499229|67169|527016|2025249|32574|610483
m103,dev,modality_v1,vague,reject_twice,0,,2,1,1.0,0.0,1.0,1.0,0.5,0.63093,27600|523274|4299165|89806|499229|67169|527016|2025249|32574|610483
m103,dev,modality_v1,vague,skip,0,,2,1,1.0,0.0,1.0,1.0,0.5,0.63093,27600|523274|4299165|89806|499229|67169|527016|2025249|32574|610483
m103,dev,modality_v1,vague,oracle:vocal_gender,0,,2,1,1.0,0.0,1.0,1.0,0.5,0.63093,27600|523274|4299165|89806|499229|67169|527016|2025249|32574|610483
m103,dev,modality_v1,vague,oracle:type,0,,2,1,1.0,0.0,1.0,1.0,0.5,0.63093,27600|523274|4299165|89806|499229|67169|527016|2025249|32574|610483
m103,dev,modality_v1,vague,oracle:genre,0,,2,1,1.0,0.0,1.0,1.0,0.5,0.63093,27600|523274|4299165|89806|499229|67169|527016|2025249|32574|610483
m103,dev,modality_v1,vague,oracle:release_era,0,,2,1,1.0,0.0,1.0,1.0,0.5,0.63093,27600|523274|4299165|89806|499229|67169|527016|2025249|32574|610483
m103,dev,modality_v1,vague,noisy:vocal_gender,0,,2,1,1.0,0.0,1.0,1.0,0.5,0.63093,27600|523274|4299165|89806|499229|67169|527016|2025249|32574|610483
m103,dev,modality_v1,vague,noisy:type,0,,2,1,1.0,0.0,1.0,1.0,0.5,0.63093,27600|523274|4299165|89806|499229|67169|527016|2025249|32574|610483
m103,dev,modality_v1,vague,noisy:genre,0,,2,1,1.0,0.0,1.0,1.0,0.5,0.63093,27600|523274|4299165|89806|499229|67169|527016|2025249|32574|610483
m103,dev,modality_v1,vague,noisy:release_era,0,,2,1,1.0,0.0,1.0,1.0,0.5,0.63093,27600|523274|4299165|89806|499229|67169|527016|2025249|32574|610483
m103,dev,modality_v1,vague,rule:oracle,0,,2,1,1.0,0.0,1.0,1.0,0.5,0.63093,27600|523274|4299165|89806|499229|67169|527016|2025249|32574|610483
m103,dev,modality_v1,vague,rule:noisy,0,,2,1,1.0,0.0,1.0,1.0,0.5,0.63093,27600|523274|4299165|89806|499229|67169|527016|2025249|32574|610483
m103,dev,modality_v1,vague,rule:skip,0,,2,1,1.0,0.0,1.0,1.0,0.5,0.63093,27600|523274|4299165|89806|499229|67169|527016|2025249|32574|610483
m103,dev,modality_v1,vague,oracle:best,0,,2,1,1.0,0.0,1.0,1.0,0.5,0.63093,27600|523274|4299165|89806|499229|67169|527016|2025249|32574|610483
m104,dev,modality_v1,vague,initial,1,,1,1,1.0,1.0,1.0,1.0,1.0,1.0,30157753|31406357|31388145|31373277|30962526|8203900|9642570|30550388|31984204|30011624
m104,dev,modality_v1,vague,reject_only,0,,1,1,1.0,1.0,1.0,1.0,1.0,1.0,30157753|31406357|31388145|31373277|30962526|8203900|9642570|30550388|31984204|30011624
m104,dev,modality_v1,vague,reject_twice,0,,1,1,1.0,1.0,1.0,1.0,1.0,1.0,30157753|31406357|31388145|31373277|30962526|8203900|9642570|30550388|31984204|30011624
m104,dev,modality_v1,vague,skip,0,,1,1,1.0,1.0,1.0,1.0,1.0,1.0,30157753|31406357|31388145|31373277|30962526|8203900|9642570|30550388|31984204|30011624
m104,dev,modality_v1,vague,oracle:vocal_gender,0,,1,1,1.0,1.0,1.0,1.0,1.0,1.0,30157753|31406357|31388145|31373277|30962526|8203900|9642570|30550388|31984204|30011624
m104,dev,modality_v1,vague,oracle:type,0,,1,1,1.0,1.0,1.0,1.0,1.0,1.0,30157753|31406357|31388145|31373277|30962526|8203900|9642570|30550388|31984204|30011624
m104,dev,modality_v1,vague,oracle:genre,0,,1,1,1.0,1.0,1.0,1.0,1.0,1.0,30157753|31406357|31388145|31373277|30962526|8203900|9642570|30550388|31984204|30011624
m104,dev,modality_v1,vague,oracle:release_era,0,,1,1,1.0,1.0,1.0,1.0,1.0,1.0,30157753|31406357|31388145|31373277|30962526|8203900|9642570|30550388|31984204|30011624
m104,dev,modality_v1,vague,noisy:vocal_gender,0,,1,1,1.0,1.0,1.0,1.0,1.0,1.0,30157753|31406357|31388145|31373277|30962526|8203900|9642570|30550388|31984204|30011624
m104,dev,modality_v1,vague,noisy:type,0,,1,1,1.0,1.0,1.0,1.0,1.0,1.0,30157753|31406357|31388145|31373277|30962526|8203900|9642570|30550388|31984204|30011624
m104,dev,modality_v1,vague,noisy:genre,0,,1,1,1.0,1.0,1.0,1.0,1.0,1.0,30157753|31406357|31388145|31373277|30962526|8203900|9642570|30550388|31984204|30011624
m104,dev,modality_v1,vague,noisy:release_era,0,,1,1,1.0,1.0,1.0,1.0,1.0,1.0,30157753|31406357|31388145|31373277|30962526|8203900|9642570|30550388|31984204|30011624
m104,dev,modality_v1,vague,rule:oracle,0,,1,1,1.0,1.0,1.0,1.0,1.0,1.0,30157753|31406357|31388145|31373277|30962526|8203900|9642570|30550388|31984204|30011624
m104,dev,modality_v1,vague,rule:noisy,0,,1,1,1.0,1.0,1.0,1.0,1.0,1.0,30157753|31406357|31388145|31373277|30962526|8203900|9642570|30550388|31984204|30011624
m104,dev,modality_v1,vague,rule:skip,0,,1,1,1.0,1.0,1.0,1.0,1.0,1.0,30157753|31406357|31388145|31373277|30962526|8203900|9642570|30550388|31984204|30011624
m104,dev,modality_v1,vague,oracle:best,0,,1,1,1.0,1.0,1.0,1.0,1.0,1.0,30157753|31406357|31388145|31373277|30962526|8203900|9642570|30550388|31984204|30011624
m201,dev,modality_v1,vague,initial,1,,4,5,1.0,0.0,1.0,1.0,0.25,0.430677,30181278|4129672|5390701|4097003|4660909|31853557|3884575|4723861|30468654|2705410
m201,dev,modality_v1,vague,reject_only,0,,4,5,1.0,0.0,1.0,1.0,0.25,0.430677,30181278|4129672|5390701|4097003|4660909|31853557|3884575|4723861|30468654|2705410
m201,dev,modality_v1,vague,reject_twice,0,,4,5,1.0,0.0,1.0,1.0,0.25,0.430677,30181278|4129672|5390701|4097003|4660909|31853557|3884575|4723861|30468654|2705410
m201,dev,modality_v1,vague,skip,0,,4,5,1.0,0.0,1.0,1.0,0.25,0.430677,30181278|4129672|5390701|4097003|4660909|31853557|3884575|4723861|30468654|2705410
m201,dev,modality_v1,vague,oracle:vocal_gender,0,,4,5,1.0,0.0,1.0,1.0,0.25,0.430677,30181278|4129672|5390701|4097003|4660909|31853557|3884575|4723861|30468654|2705410
m201,dev,modality_v1,vague,oracle:type,0,,4,5,1.0,0.0,1.0,1.0,0.25,0.430677,30181278|4129672|5390701|4097003|4660909|31853557|3884575|4723861|30468654|2705410
m201,dev,modality_v1,vague,oracle:genre,0,,4,5,1.0,0.0,1.0,1.0,0.25,0.430677,30181278|4129672|5390701|4097003|4660909|31853557|3884575|4723861|30468654|2705410
m201,dev,modality_v1,vague,oracle:release_era,0,,4,5,1.0,0.0,1.0,1.0,0.25,0.430677,30181278|4129672|5390701|4097003|4660909|31853557|3884575|4723861|30468654|2705410
m201,dev,modality_v1,vague,noisy:vocal_gender,0,,4,5,1.0,0.0,1.0,1.0,0.25,0.430677,30181278|4129672|5390701|4097003|4660909|31853557|3884575|4723861|30468654|2705410
m201,dev,modality_v1,vague,noisy:type,0,,4,5,1.0,0.0,1.0,1.0,0.25,0.430677,30181278|4129672|5390701|4097003|4660909|31853557|3884575|4723861|30468654|2705410
m201,dev,modality_v1,vague,noisy:genre,0,,4,5,1.0,0.0,1.0,1.0,0.25,0.430677,30181278|4129672|5390701|4097003|4660909|31853557|3884575|4723861|30468654|2705410
m201,dev,modality_v1,vague,noisy:release_era,0,,4,5,1.0,0.0,1.0,1.0,0.25,0.430677,30181278|4129672|5390701|4097003|4660909|31853557|3884575|4723861|30468654|2705410
m201,dev,modality_v1,vague,rule:oracle,0,,4,5,1.0,0.0,1.0,1.0,0.25,0.430677,30181278|4129672|5390701|4097003|4660909|31853557|3884575|4723861|30468654|2705410
m201,dev,modality_v1,vague,rule:noisy,0,,4,5,1.0,0.0,1.0,1.0,0.25,0.430677,30181278|4129672|5390701|4097003|4660909|31853557|3884575|4723861|30468654|2705410
m201,dev,modality_v1,vague,rule:skip,0,,4,5,1.0,0.0,1.0,1.0,0.25,0.430677,30181278|4129672|5390701|4097003|4660909|31853557|3884575|4723861|30468654|2705410
m201,dev,modality_v1,vague,oracle:best,0,,4,5,1.0,0.0,1.0,1.0,0.25,0.430677,30181278|4129672|5390701|4097003|4660909|31853557|3884575|4723861|30468654|2705410
m202,dev,modality_v1,vague,initial,1,,9,9,1.0,0.0,0.0,1.0,0.111111,0.30103,1850242|1199786|1204915|4579474|4020215|4660909|1871159|4237755|3467463|4100521
m202,dev,modality_v1,vague,reject_only,0,,9,9,1.0,0.0,0.0,1.0,0.111111,0.30103,1850242|1199786|1204915|4579474|4020215|4660909|1871159|4237755|3467463|4100521
m202,dev,modality_v1,vague,reject_twice,0,,9,9,1.0,0.0,0.0,1.0,0.111111,0.30103,1850242|1199786|1204915|4579474|4020215|4660909|1871159|4237755|3467463|4100521
m202,dev,modality_v1,vague,skip,0,,9,9,1.0,0.0,0.0,1.0,0.111111,0.30103,1850242|1199786|1204915|4579474|4020215|4660909|1871159|4237755|3467463|4100521
m202,dev,modality_v1,vague,oracle:vocal_gender,0,,9,9,1.0,0.0,0.0,1.0,0.111111,0.30103,1850242|1199786|1204915|4579474|4020215|4660909|1871159|4237755|3467463|4100521
m202,dev,modality_v1,vague,oracle:type,0,,9,9,1.0,0.0,0.0,1.0,0.111111,0.30103,1850242|1199786|1204915|4579474|4020215|4660909|1871159|4237755|3467463|4100521
m202,dev,modality_v1,vague,oracle:genre,0,,9,9,1.0,0.0,0.0,1.0,0.111111,0.30103,1850242|1199786|1204915|4579474|4020215|4660909|1871159|4237755|3467463|4100521
m202,dev,modality_v1,vague,oracle:release_era,0,,9,9,1.0,0.0,0.0,1.0,0.111111,0.30103,1850242|1199786|1204915|4579474|4020215|4660909|1871159|4237755|3467463|4100521
m202,dev,modality_v1,vague,noisy:vocal_gender,0,,9,9,1.0,0.0,0.0,1.0,0.111111,0.30103,1850242|1199786|1204915|4579474|4020215|4660909|1871159|4237755|3467463|4100521
m202,dev,modality_v1,vague,noisy:type,0,,9,9,1.0,0.0,0.0,1.0,0.111111,0.30103,1850242|1199786|1204915|4579474|4020215|4660909|1871159|4237755|3467463|4100521
m202,dev,modality_v1,vague,noisy:genre,0,,9,9,1.0,0.0,0.0,1.0,0.111111,0.30103,1850242|1199786|1204915|4579474|4020215|4660909|1871159|4237755|3467463|4100521
m202,dev,modality_v1,vague,noisy:release_era,0,,9,9,1.0,0.0,0.0,1.0,0.111111,0.30103,1850242|1199786|1204915|4579474|4020215|4660909|1871159|4237755|3467463|4100521
m202,dev,modality_v1,vague,rule:oracle,0,,9,9,1.0,0.0,0.0,1.0,0.111111,0.30103,1850242|1199786|1204915|4579474|4020215|4660909|1871159|4237755|3467463|4100521
m202,dev,modality_v1,vague,rule:noisy,0,,9,9,1.0,0.0,0.0,1.0,0.111111,0.30103,1850242|1199786|1204915|4579474|4020215|4660909|1871159|4237755|3467463|4100521
m202,dev,modality_v1,vague,rule:skip,0,,9,9,1.0,0.0,0.0,1.0,0.111111,0.30103,1850242|1199786|1204915|4579474|4020215|4660909|1871159|4237755|3467463|4100521
m202,dev,modality_v1,vague,oracle:best,0,,9,9,1.0,0.0,0.0,1.0,0.111111,0.30103,1850242|1199786|1204915|4579474|4020215|4660909|1871159|4237755|3467463|4100521
m203,dev,modality_v1,vague,initial,1,,1,1,1.0,1.0,1.0,1.0,1.0,1.0,5824839|2593618|3156950|2135469|3448185|1786851|480998|5658708|5684826|4633162
m203,dev,modality_v1,vague,reject_only,0,,1,1,1.0,1.0,1.0,1.0,1.0,1.0,5824839|2593618|3156950|2135469|3448185|1786851|480998|5658708|5684826|4633162
m203,dev,modality_v1,vague,reject_twice,0,,1,1,1.0,1.0,1.0,1.0,1.0,1.0,5824839|2593618|3156950|2135469|3448185|1786851|480998|5658708|5684826|4633162
m203,dev,modality_v1,vague,skip,0,,1,1,1.0,1.0,1.0,1.0,1.0,1.0,5824839|2593618|3156950|2135469|3448185|1786851|480998|5658708|5684826|4633162
m203,dev,modality_v1,vague,oracle:vocal_gender,0,,1,1,1.0,1.0,1.0,1.0,1.0,1.0,5824839|2593618|3156950|2135469|3448185|1786851|480998|5658708|5684826|4633162
m203,dev,modality_v1,vague,oracle:type,0,,1,1,1.0,1.0,1.0,1.0,1.0,1.0,5824839|2593618|3156950|2135469|3448185|1786851|480998|5658708|5684826|4633162
m203,dev,modality_v1,vague,oracle:genre,0,,1,1,1.0,1.0,1.0,1.0,1.0,1.0,5824839|2593618|3156950|2135469|3448185|1786851|480998|5658708|5684826|4633162
m203,dev,modality_v1,vague,oracle:release_era,0,,1,1,1.0,1.0,1.0,1.0,1.0,1.0,5824839|2593618|3156950|2135469|3448185|1786851|480998|5658708|5684826|4633162
m203,dev,modality_v1,vague,noisy:vocal_gender,0,,1,1,1.0,1.0,1.0,1.0,1.0,1.0,5824839|2593618|3156950|2135469|3448185|1786851|480998|5658708|5684826|4633162
m203,dev,modality_v1,vague,noisy:type,0,,1,1,1.0,1.0,1.0,1.0,1.0,1.0,5824839|2593618|3156950|2135469|3448185|1786851|480998|5658708|5684826|4633162
m203,dev,modality_v1,vague,noisy:genre,0,,1,1,1.0,1.0,1.0,1.0,1.0,1.0,5824839|2593618|3156950|2135469|3448185|1786851|480998|5658708|5684826|4633162
m203,dev,modality_v1,vague,noisy:release_era,0,,1,1,1.0,1.0,1.0,1.0,1.0,1.0,5824839|2593618|3156950|2135469|3448185|1786851|480998|5658708|5684826|4633162
m203,dev,modality_v1,vague,rule:oracle,0,,1,1,1.0,1.0,1.0,1.0,1.0,1.0,5824839|2593618|3156950|2135469|3448185|1786851|480998|5658708|5684826|4633162
m203,dev,modality_v1,vague,rule:noisy,0,,1,1,1.0,1.0,1.0,1.0,1.0,1.0,5824839|2593618|3156950|2135469|3448185|1786851|480998|5658708|5684826|4633162
m203,dev,modality_v1,vague,rule:skip,0,,1,1,1.0,1.0,1.0,1.0,1.0,1.0,5824839|2593618|3156950|2135469|3448185|1786851|480998|5658708|5684826|4633162
m203,dev,modality_v1,vague,oracle:best,0,,1,1,1.0,1.0,1.0,1.0,1.0,1.0,5824839|2593618|3156950|2135469|3448185|1786851|480998|5658708|5684826|4633162
m402,dev,modality_v1,vague,initial,1,,,,0.0,0.0,0.0,0.0,0.0,0.0,31324607|67169|1144020|4512170|527016|89806|31565593|31388145|530958|30721801
m402,dev,modality_v1,vague,reject_only,1,,,,0.0,0.0,0.0,0.0,0.0,0.0,1797709|27600|418253|4446485|2025249|5668985|8218594|30699142|2979880|8033528
m402,dev,modality_v1,vague,reject_twice,1,,,,0.0,0.0,0.0,0.0,0.0,0.0,499229|449161|31406357|31777113|5629186|7861392|9631530|30550388|30884950|610483
m402,dev,modality_v1,vague,skip,1,,,,0.0,0.0,0.0,0.0,0.0,0.0,1797709|27600|418253|4446485|2025249|5668985|8218594|30699142|2979880|8033528
m402,dev,modality_v1,vague,oracle:vocal_gender,1,,,,0.0,0.0,0.0,0.0,0.0,0.0,1797709|27600|418253|4446485|2025249|5668985|8218594|30699142|2979880|8033528
m402,dev,modality_v1,vague,oracle:type,1,,,,0.0,0.0,0.0,0.0,0.0,0.0,1797709|27600|418253|4446485|2025249|5668985|8218594|30699142|2979880|8033528
m402,dev,modality_v1,vague,oracle:genre,1,,,,0.0,0.0,0.0,0.0,0.0,0.0,1797709|27600|418253|4446485|2025249|5668985|8218594|30699142|2979880|8033528
m402,dev,modality_v1,vague,oracle:release_era,1,,,,0.0,0.0,0.0,0.0,0.0,0.0,1797709|27600|418253|4446485|2025249|5668985|8218594|30699142|2979880|8033528
m402,dev,modality_v1,vague,noisy:vocal_gender,1,,,,0.0,0.0,0.0,0.0,0.0,0.0,1797709|27600|418253|4446485|2025249|5668985|8218594|30699142|2979880|8033528
m402,dev,modality_v1,vague,noisy:type,1,,,,0.0,0.0,0.0,0.0,0.0,0.0,1797709|27600|418253|4446485|2025249|5668985|8218594|30699142|2979880|8033528
m402,dev,modality_v1,vague,noisy:genre,1,,,,0.0,0.0,0.0,0.0,0.0,0.0,1797709|27600|418253|4446485|2025249|5668985|8218594|30699142|2979880|8033528
m402,dev,modality_v1,vague,noisy:release_era,1,,,,0.0,0.0,0.0,0.0,0.0,0.0,1797709|27600|418253|4446485|2025249|5668985|8218594|30699142|2979880|8033528
m402,dev,modality_v1,vague,rule:oracle,1,,,,0.0,0.0,0.0,0.0,0.0,0.0,1797709|27600|418253|4446485|2025249|5668985|8218594|30699142|2979880|8033528
m402,dev,modality_v1,vague,rule:noisy,1,,,,0.0,0.0,0.0,0.0,0.0,0.0,1797709|27600|418253|4446485|2025249|5668985|8218594|30699142|2979880|8033528
m402,dev,modality_v1,vague,rule:skip,1,,,,0.0,0.0,0.0,0.0,0.0,0.0,1797709|27600|418253|4446485|2025249|5668985|8218594|30699142|2979880|8033528
m402,dev,modality_v1,vague,oracle:best,1,,,,0.0,0.0,0.0,0.0,0.0,0.0,1797709|27600|418253|4446485|2025249|5668985|8218594|30699142|2979880|8033528
q101,dev,v04,vague,initial,1,vocal_gender,,26,1.0,0.0,0.0,0.0,0.0,0.0,1807098|2269959|1724693|2271648|1929329|1566277|2930969|2238379|2159715|1927248
q101,dev,v04,vague,reject_only,1,vocal_gender,,18,1.0,0.0,0.0,0.0,0.0,0.0,2012282|2688949|2197448|3903316|2371261|2093362|2741416|3764899|2629049|2117748
q101,dev,v04,vague,reject_twice,1,vocal_gender,,12,1.0,0.0,0.0,0.0,0.0,0.0,27654|2705407|2987448|2930967|2930968|2093360|1906673|2534748|3440448|1897011
q101,dev,v04,vague,skip,1,vocal_gender,,18,1.0,0.0,0.0,0.0,0.0,0.0,2012282|2688949|2197448|3903316|2371261|2093362|2741416|3764899|2629049|2117748
q101,dev,v04,vague,oracle:vocal_gender,1,vocal_gender,2,2,1.0,0.0,1.0,1.0,0.5,0.63093,2117748|2289852|2012282|2688949|2197448|3903316|2371261|2093362|2741416|3764899
q101,dev,v04,vague,oracle:type,1,vocal_gender,,18,1.0,0.0,0.0,0.0,0.0,0.0,2012282|2688949|2197448|3903316|2371261|2093362|2741416|3764899|2629049|2117748
q101,dev,v04,vague,oracle:genre,1,vocal_gender,,18,1.0,0.0,0.0,0.0,0.0,0.0,2012282|2688949|2197448|3903316|2371261|2093362|2741416|3764899|2629049|2117748
q101,dev,v04,vague,oracle:release_era,1,vocal_gender,,18,1.0,0.0,0.0,0.0,0.0,0.0,2012282|2688949|2197448|3903316|2371261|2093362|2741416|3764899|2629049|2117748
q101,dev,v04,vague,noisy:vocal_gender,1,vocal_gender,,18,1.0,0.0,0.0,0.0,0.0,0.0,2012282|2688949|2197448|3903316|2371261|2093362|2741416|3764899|2629049|2117748
q101,dev,v04,vague,noisy:type,1,vocal_gender,,18,1.0,0.0,0.0,0.0,0.0,0.0,2012282|2688949|2197448|3903316|2371261|2093362|2741416|3764899|2629049|2117748
q101,dev,v04,vague,noisy:genre,1,vocal_gender,,19,1.0,0.0,0.0,0.0,0.0,0.0,2012282|2688949|2197448|3903316|2371261|2093362|2741416|3764899|2629049|2117748
q101,dev,v04,vague,noisy:release_era,1,vocal_gender,,18,1.0,0.0,0.0,0.0,0.0,0.0,2012282|2688949|2197448|3903316|2371261|2093362|2741416|3764899|2629049|2117748
q101,dev,v04,vague,rule:oracle,1,vocal_gender,2,2,1.0,0.0,1.0,1.0,0.5,0.63093,2117748|2289852|2012282|2688949|2197448|3903316|2371261|2093362|2741416|3764899
q101,dev,v04,vague,rule:noisy,1,vocal_gender,,18,1.0,0.0,0.0,0.0,0.0,0.0,2012282|2688949|2197448|3903316|2371261|2093362|2741416|3764899|2629049|2117748
q101,dev,v04,vague,rule:skip,1,vocal_gender,,18,1.0,0.0,0.0,0.0,0.0,0.0,2012282|2688949|2197448|3903316|2371261|2093362|2741416|3764899|2629049|2117748
q101,dev,v04,vague,oracle:best,1,vocal_gender,2,2,1.0,0.0,1.0,1.0,0.5,0.63093,2117748|2289852|2012282|2688949|2197448|3903316|2371261|2093362|2741416|3764899
q103,dev,v04,vague,initial,1,,1,1,1.0,1.0,1.0,1.0,1.0,1.0,5572312|5576417|30461396|3910821|2063248|30809895|30806580|85108|1654868|5702706
q103,dev,v04,vague,reject_only,0,,1,1,1.0,1.0,1.0,1.0,1.0,1.0,5572312|5576417|30461396|3910821|2063248|30809895|30806580|85108|1654868|5702706
q103,dev,v04,vague,reject_twice,0,,1,1,1.0,1.0,1.0,1.0,1.0,1.0,5572312|5576417|30461396|3910821|2063248|30809895|30806580|85108|1654868|5702706
q103,dev,v04,vague,skip,0,,1,1,1.0,1.0,1.0,1.0,1.0,1.0,5572312|5576417|30461396|3910821|2063248|30809895|30806580|85108|1654868|5702706
q103,dev,v04,vague,oracle:vocal_gender,0,,1,1,1.0,1.0,1.0,1.0,1.0,1.0,5572312|5576417|30461396|3910821|2063248|30809895|30806580|85108|1654868|5702706
q103,dev,v04,vague,oracle:type,0,,1,1,1.0,1.0,1.0,1.0,1.0,1.0,5572312|5576417|30461396|3910821|2063248|30809895|30806580|85108|1654868|5702706
q103,dev,v04,vague,oracle:genre,0,,1,1,1.0,1.0,1.0,1.0,1.0,1.0,5572312|5576417|30461396|3910821|2063248|30809895|30806580|85108|1654868|5702706
q103,dev,v04,vague,oracle:release_era,0,,1,1,1.0,1.0,1.0,1.0,1.0,1.0,5572312|5576417|30461396|3910821|2063248|30809895|30806580|85108|1654868|5702706
q103,dev,v04,vague,noisy:vocal_gender,0,,1,1,1.0,1.0,1.0,1.0,1.0,1.0,5572312|5576417|30461396|3910821|2063248|30809895|30806580|85108|1654868|5702706
q103,dev,v04,vague,noisy:type,0,,1,1,1.0,1.0,1.0,1.0,1.0,1.0,5572312|5576417|30461396|3910821|2063248|30809895|30806580|85108|1654868|5702706
q103,dev,v04,vague,noisy:genre,0,,1,1,1.0,1.0,1.0,1.0,1.0,1.0,5572312|5576417|30461396|3910821|2063248|30809895|30806580|85108|1654868|5702706
q103,dev,v04,vague,noisy:release_era,0,,1,1,1.0,1.0,1.0,1.0,1.0,1.0,5572312|5576417|30461396|3910821|2063248|30809895|30806580|85108|1654868|5702706
q103,dev,v04,vague,rule:oracle,0,,1,1,1.0,1.0,1.0,1.0,1.0,1.0,5572312|5576417|30461396|3910821|2063248|30809895|30806580|85108|1654868|5702706
q103,dev,v04,vague,rule:noisy,0,,1,1,1.0,1.0,1.0,1.0,1.0,1.0,5572312|5576417|30461396|3910821|2063248|30809895|30806580|85108|1654868|5702706
q103,dev,v04,vague,rule:skip,0,,1,1,1.0,1.0,1.0,1.0,1.0,1.0,5572312|5576417|30461396|3910821|2063248|30809895|30806580|85108|1654868|5702706
q103,dev,v04,vague,oracle:best,0,,1,1,1.0,1.0,1.0,1.0,1.0,1.0,5572312|5576417|30461396|3910821|2063248|30809895|30806580|85108|1654868|5702706
q104,dev,v04,vague,initial,1,,1,1,1.0,1.0,1.0,1.0,1.0,1.0,27833|91166|420534|537750|3824|492082|1115206|1097091|418596|105886
q104,dev,v04,vague,reject_only,0,,1,1,1.0,1.0,1.0,1.0,1.0,1.0,27833|91166|420534|537750|3824|492082|1115206|1097091|418596|105886
q104,dev,v04,vague,reject_twice,0,,1,1,1.0,1.0,1.0,1.0,1.0,1.0,27833|91166|420534|537750|3824|492082|1115206|1097091|418596|105886
q104,dev,v04,vague,skip,0,,1,1,1.0,1.0,1.0,1.0,1.0,1.0,27833|91166|420534|537750|3824|492082|1115206|1097091|418596|105886
q104,dev,v04,vague,oracle:vocal_gender,0,,1,1,1.0,1.0,1.0,1.0,1.0,1.0,27833|91166|420534|537750|3824|492082|1115206|1097091|418596|105886
q104,dev,v04,vague,oracle:type,0,,1,1,1.0,1.0,1.0,1.0,1.0,1.0,27833|91166|420534|537750|3824|492082|1115206|1097091|418596|105886
q104,dev,v04,vague,oracle:genre,0,,1,1,1.0,1.0,1.0,1.0,1.0,1.0,27833|91166|420534|537750|3824|492082|1115206|1097091|418596|105886
q104,dev,v04,vague,oracle:release_era,0,,1,1,1.0,1.0,1.0,1.0,1.0,1.0,27833|91166|420534|537750|3824|492082|1115206|1097091|418596|105886
q104,dev,v04,vague,noisy:vocal_gender,0,,1,1,1.0,1.0,1.0,1.0,1.0,1.0,27833|91166|420534|537750|3824|492082|1115206|1097091|418596|105886
q104,dev,v04,vague,noisy:type,0,,1,1,1.0,1.0,1.0,1.0,1.0,1.0,27833|91166|420534|537750|3824|492082|1115206|1097091|418596|105886
q104,dev,v04,vague,noisy:genre,0,,1,1,1.0,1.0,1.0,1.0,1.0,1.0,27833|91166|420534|537750|3824|492082|1115206|1097091|418596|105886
q104,dev,v04,vague,noisy:release_era,0,,1,1,1.0,1.0,1.0,1.0,1.0,1.0,27833|91166|420534|537750|3824|492082|1115206|1097091|418596|105886
q104,dev,v04,vague,rule:oracle,0,,1,1,1.0,1.0,1.0,1.0,1.0,1.0,27833|91166|420534|537750|3824|492082|1115206|1097091|418596|105886
q104,dev,v04,vague,rule:noisy,0,,1,1,1.0,1.0,1.0,1.0,1.0,1.0,27833|91166|420534|537750|3824|492082|1115206|1097091|418596|105886
q104,dev,v04,vague,rule:skip,0,,1,1,1.0,1.0,1.0,1.0,1.0,1.0,27833|91166|420534|537750|3824|492082|1115206|1097091|418596|105886
q104,dev,v04,vague,oracle:best,0,,1,1,1.0,1.0,1.0,1.0,1.0,1.0,27833|91166|420534|537750|3824|492082|1115206|1097091|418596|105886
q105,dev,v04,vague,initial,1,,1,2,1.0,1.0,1.0,1.0,1.0,1.0,30838076|1903057|30587846|85258|85257|3911750|864433|1928044|631232|8983
q105,dev,v04,vague,reject_only,0,,1,2,1.0,1.0,1.0,1.0,1.0,1.0,30838076|1903057|30587846|85258|85257|3911750|864433|1928044|631232|8983
q105,dev,v04,vague,reject_twice,0,,1,2,1.0,1.0,1.0,1.0,1.0,1.0,30838076|1903057|30587846|85258|85257|3911750|864433|1928044|631232|8983
q105,dev,v04,vague,skip,0,,1,2,1.0,1.0,1.0,1.0,1.0,1.0,30838076|1903057|30587846|85258|85257|3911750|864433|1928044|631232|8983
q105,dev,v04,vague,oracle:vocal_gender,0,,1,2,1.0,1.0,1.0,1.0,1.0,1.0,30838076|1903057|30587846|85258|85257|3911750|864433|1928044|631232|8983
q105,dev,v04,vague,oracle:type,0,,1,2,1.0,1.0,1.0,1.0,1.0,1.0,30838076|1903057|30587846|85258|85257|3911750|864433|1928044|631232|8983
q105,dev,v04,vague,oracle:genre,0,,1,2,1.0,1.0,1.0,1.0,1.0,1.0,30838076|1903057|30587846|85258|85257|3911750|864433|1928044|631232|8983
q105,dev,v04,vague,oracle:release_era,0,,1,2,1.0,1.0,1.0,1.0,1.0,1.0,30838076|1903057|30587846|85258|85257|3911750|864433|1928044|631232|8983
q105,dev,v04,vague,noisy:vocal_gender,0,,1,2,1.0,1.0,1.0,1.0,1.0,1.0,30838076|1903057|30587846|85258|85257|3911750|864433|1928044|631232|8983
q105,dev,v04,vague,noisy:type,0,,1,2,1.0,1.0,1.0,1.0,1.0,1.0,30838076|1903057|30587846|85258|85257|3911750|864433|1928044|631232|8983
q105,dev,v04,vague,noisy:genre,0,,1,2,1.0,1.0,1.0,1.0,1.0,1.0,30838076|1903057|30587846|85258|85257|3911750|864433|1928044|631232|8983
q105,dev,v04,vague,noisy:release_era,0,,1,2,1.0,1.0,1.0,1.0,1.0,1.0,30838076|1903057|30587846|85258|85257|3911750|864433|1928044|631232|8983
q105,dev,v04,vague,rule:oracle,0,,1,2,1.0,1.0,1.0,1.0,1.0,1.0,30838076|1903057|30587846|85258|85257|3911750|864433|1928044|631232|8983
q105,dev,v04,vague,rule:noisy,0,,1,2,1.0,1.0,1.0,1.0,1.0,1.0,30838076|1903057|30587846|85258|85257|3911750|864433|1928044|631232|8983
q105,dev,v04,vague,rule:skip,0,,1,2,1.0,1.0,1.0,1.0,1.0,1.0,30838076|1903057|30587846|85258|85257|3911750|864433|1928044|631232|8983
q105,dev,v04,vague,oracle:best,0,,1,2,1.0,1.0,1.0,1.0,1.0,1.0,30838076|1903057|30587846|85258|85257|3911750|864433|1928044|631232|8983
q106,dev,v04,vague,initial,1,,4,4,1.0,0.0,1.0,1.0,0.25,0.430677,420424|476529|732519|2906349|5713422|489055|732516|316434|3753302|2540268
q106,dev,v04,vague,reject_only,0,,4,4,1.0,0.0,1.0,1.0,0.25,0.430677,420424|476529|732519|2906349|5713422|489055|732516|316434|3753302|2540268
q106,dev,v04,vague,reject_twice,0,,4,4,1.0,0.0,1.0,1.0,0.25,0.430677,420424|476529|732519|2906349|5713422|489055|732516|316434|3753302|2540268
q106,dev,v04,vague,skip,0,,4,4,1.0,0.0,1.0,1.0,0.25,0.430677,420424|476529|732519|2906349|5713422|489055|732516|316434|3753302|2540268
q106,dev,v04,vague,oracle:vocal_gender,0,,4,4,1.0,0.0,1.0,1.0,0.25,0.430677,420424|476529|732519|2906349|5713422|489055|732516|316434|3753302|2540268
q106,dev,v04,vague,oracle:type,0,,4,4,1.0,0.0,1.0,1.0,0.25,0.430677,420424|476529|732519|2906349|5713422|489055|732516|316434|3753302|2540268
q106,dev,v04,vague,oracle:genre,0,,4,4,1.0,0.0,1.0,1.0,0.25,0.430677,420424|476529|732519|2906349|5713422|489055|732516|316434|3753302|2540268
q106,dev,v04,vague,oracle:release_era,0,,4,4,1.0,0.0,1.0,1.0,0.25,0.430677,420424|476529|732519|2906349|5713422|489055|732516|316434|3753302|2540268
q106,dev,v04,vague,noisy:vocal_gender,0,,4,4,1.0,0.0,1.0,1.0,0.25,0.430677,420424|476529|732519|2906349|5713422|489055|732516|316434|3753302|2540268
q106,dev,v04,vague,noisy:type,0,,4,4,1.0,0.0,1.0,1.0,0.25,0.430677,420424|476529|732519|2906349|5713422|489055|732516|316434|3753302|2540268
q106,dev,v04,vague,noisy:genre,0,,4,4,1.0,0.0,1.0,1.0,0.25,0.430677,420424|476529|732519|2906349|5713422|489055|732516|316434|3753302|2540268
q106,dev,v04,vague,noisy:release_era,0,,4,4,1.0,0.0,1.0,1.0,0.25,0.430677,420424|476529|732519|2906349|5713422|489055|732516|316434|3753302|2540268
q106,dev,v04,vague,rule:oracle,0,,4,4,1.0,0.0,1.0,1.0,0.25,0.430677,420424|476529|732519|2906349|5713422|489055|732516|316434|3753302|2540268
q106,dev,v04,vague,rule:noisy,0,,4,4,1.0,0.0,1.0,1.0,0.25,0.430677,420424|476529|732519|2906349|5713422|489055|732516|316434|3753302|2540268
q106,dev,v04,vague,rule:skip,0,,4,4,1.0,0.0,1.0,1.0,0.25,0.430677,420424|476529|732519|2906349|5713422|489055|732516|316434|3753302|2540268
q106,dev,v04,vague,oracle:best,0,,4,4,1.0,0.0,1.0,1.0,0.25,0.430677,420424|476529|732519|2906349|5713422|489055|732516|316434|3753302|2540268
q107,dev,v04,vague,initial,1,,1,1,1.0,1.0,1.0,1.0,1.0,1.0,420424|316434|476529|732519|732512|489055|466094|317254|499230|430051
q107,dev,v04,vague,reject_only,0,,1,1,1.0,1.0,1.0,1.0,1.0,1.0,420424|316434|476529|732519|732512|489055|466094|317254|499230|430051
q107,dev,v04,vague,reject_twice,0,,1,1,1.0,1.0,1.0,1.0,1.0,1.0,420424|316434|476529|732519|732512|489055|466094|317254|499230|430051
q107,dev,v04,vague,skip,0,,1,1,1.0,1.0,1.0,1.0,1.0,1.0,420424|316434|476529|732519|732512|489055|466094|317254|499230|430051
q107,dev,v04,vague,oracle:vocal_gender,0,,1,1,1.0,1.0,1.0,1.0,1.0,1.0,420424|316434|476529|732519|732512|489055|466094|317254|499230|430051
q107,dev,v04,vague,oracle:type,0,,1,1,1.0,1.0,1.0,1.0,1.0,1.0,420424|316434|476529|732519|732512|489055|466094|317254|499230|430051
q107,dev,v04,vague,oracle:genre,0,,1,1,1.0,1.0,1.0,1.0,1.0,1.0,420424|316434|476529|732519|732512|489055|466094|317254|499230|430051
q107,dev,v04,vague,oracle:release_era,0,,1,1,1.0,1.0,1.0,1.0,1.0,1.0,420424|316434|476529|732519|732512|489055|466094|317254|499230|430051
q107,dev,v04,vague,noisy:vocal_gender,0,,1,1,1.0,1.0,1.0,1.0,1.0,1.0,420424|316434|476529|732519|732512|489055|466094|317254|499230|430051
q107,dev,v04,vague,noisy:type,0,,1,1,1.0,1.0,1.0,1.0,1.0,1.0,420424|316434|476529|732519|732512|489055|466094|317254|499230|430051
q107,dev,v04,vague,noisy:genre,0,,1,1,1.0,1.0,1.0,1.0,1.0,1.0,420424|316434|476529|732519|732512|489055|466094|317254|499230|430051
q107,dev,v04,vague,noisy:release_era,0,,1,1,1.0,1.0,1.0,1.0,1.0,1.0,420424|316434|476529|732519|732512|489055|466094|317254|499230|430051
q107,dev,v04,vague,rule:oracle,0,,1,1,1.0,1.0,1.0,1.0,1.0,1.0,420424|316434|476529|732519|732512|489055|466094|317254|499230|430051
q107,dev,v04,vague,rule:noisy,0,,1,1,1.0,1.0,1.0,1.0,1.0,1.0,420424|316434|476529|732519|732512|489055|466094|317254|499230|430051
q107,dev,v04,vague,rule:skip,0,,1,1,1.0,1.0,1.0,1.0,1.0,1.0,420424|316434|476529|732519|732512|489055|466094|317254|499230|430051
q107,dev,v04,vague,oracle:best,0,,1,1,1.0,1.0,1.0,1.0,1.0,1.0,420424|316434|476529|732519|732512|489055|466094|317254|499230|430051
q108,dev,v04,vague,initial,1,,1,1,1.0,1.0,1.0,1.0,1.0,1.0,30859584|5682700|90105|1913501|1456783|3403761|499229|1932604|1199786|5826447
q108,dev,v04,vague,reject_only,0,,1,1,1.0,1.0,1.0,1.0,1.0,1.0,30859584|5682700|90105|1913501|1456783|3403761|499229|1932604|1199786|5826447
q108,dev,v04,vague,reject_twice,0,,1,1,1.0,1.0,1.0,1.0,1.0,1.0,30859584|5682700|90105|1913501|1456783|3403761|499229|1932604|1199786|5826447
q108,dev,v04,vague,skip,0,,1,1,1.0,1.0,1.0,1.0,1.0,1.0,30859584|5682700|90105|1913501|1456783|3403761|499229|1932604|1199786|5826447
q108,dev,v04,vague,oracle:vocal_gender,0,,1,1,1.0,1.0,1.0,1.0,1.0,1.0,30859584|5682700|90105|1913501|1456783|3403761|499229|1932604|1199786|5826447
q108,dev,v04,vague,oracle:type,0,,1,1,1.0,1.0,1.0,1.0,1.0,1.0,30859584|5682700|90105|1913501|1456783|3403761|499229|1932604|1199786|5826447
q108,dev,v04,vague,oracle:genre,0,,1,1,1.0,1.0,1.0,1.0,1.0,1.0,30859584|5682700|90105|1913501|1456783|3403761|499229|1932604|1199786|5826447
q108,dev,v04,vague,oracle:release_era,0,,1,1,1.0,1.0,1.0,1.0,1.0,1.0,30859584|5682700|90105|1913501|1456783|3403761|499229|1932604|1199786|5826447
q108,dev,v04,vague,noisy:vocal_gender,0,,1,1,1.0,1.0,1.0,1.0,1.0,1.0,30859584|5682700|90105|1913501|1456783|3403761|499229|1932604|1199786|5826447
q108,dev,v04,vague,noisy:type,0,,1,1,1.0,1.0,1.0,1.0,1.0,1.0,30859584|5682700|90105|1913501|1456783|3403761|499229|1932604|1199786|5826447
q108,dev,v04,vague,noisy:genre,0,,1,1,1.0,1.0,1.0,1.0,1.0,1.0,30859584|5682700|90105|1913501|1456783|3403761|499229|1932604|1199786|5826447
q108,dev,v04,vague,noisy:release_era,0,,1,1,1.0,1.0,1.0,1.0,1.0,1.0,30859584|5682700|90105|1913501|1456783|3403761|499229|1932604|1199786|5826447
q108,dev,v04,vague,rule:oracle,0,,1,1,1.0,1.0,1.0,1.0,1.0,1.0,30859584|5682700|90105|1913501|1456783|3403761|499229|1932604|1199786|5826447
q108,dev,v04,vague,rule:noisy,0,,1,1,1.0,1.0,1.0,1.0,1.0,1.0,30859584|5682700|90105|1913501|1456783|3403761|499229|1932604|1199786|5826447
q108,dev,v04,vague,rule:skip,0,,1,1,1.0,1.0,1.0,1.0,1.0,1.0,30859584|5682700|90105|1913501|1456783|3403761|499229|1932604|1199786|5826447
q108,dev,v04,vague,oracle:best,0,,1,1,1.0,1.0,1.0,1.0,1.0,1.0,30859584|5682700|90105|1913501|1456783|3403761|499229|1932604|1199786|5826447
q110,dev,v04,vague,initial,1,,2,2,1.0,0.0,1.0,1.0,0.5,0.63093,1566277|4503810|1929329|2160048|2269959|2197448|8068881|425453|2667293|2024974
q110,dev,v04,vague,reject_only,0,,2,2,1.0,0.0,1.0,1.0,0.5,0.63093,1566277|4503810|1929329|2160048|2269959|2197448|8068881|425453|2667293|2024974
q110,dev,v04,vague,reject_twice,0,,2,2,1.0,0.0,1.0,1.0,0.5,0.63093,1566277|4503810|1929329|2160048|2269959|2197448|8068881|425453|2667293|2024974
q110,dev,v04,vague,skip,0,,2,2,1.0,0.0,1.0,1.0,0.5,0.63093,1566277|4503810|1929329|2160048|2269959|2197448|8068881|425453|2667293|2024974
q110,dev,v04,vague,oracle:vocal_gender,0,,2,2,1.0,0.0,1.0,1.0,0.5,0.63093,1566277|4503810|1929329|2160048|2269959|2197448|8068881|425453|2667293|2024974
q110,dev,v04,vague,oracle:type,0,,2,2,1.0,0.0,1.0,1.0,0.5,0.63093,1566277|4503810|1929329|2160048|2269959|2197448|8068881|425453|2667293|2024974
q110,dev,v04,vague,oracle:genre,0,,2,2,1.0,0.0,1.0,1.0,0.5,0.63093,1566277|4503810|1929329|2160048|2269959|2197448|8068881|425453|2667293|2024974
q110,dev,v04,vague,oracle:release_era,0,,2,2,1.0,0.0,1.0,1.0,0.5,0.63093,1566277|4503810|1929329|2160048|2269959|2197448|8068881|425453|2667293|2024974
q110,dev,v04,vague,noisy:vocal_gender,0,,2,2,1.0,0.0,1.0,1.0,0.5,0.63093,1566277|4503810|1929329|2160048|2269959|2197448|8068881|425453|2667293|2024974
q110,dev,v04,vague,noisy:type,0,,2,2,1.0,0.0,1.0,1.0,0.5,0.63093,1566277|4503810|1929329|2160048|2269959|2197448|8068881|425453|2667293|2024974
q110,dev,v04,vague,noisy:genre,0,,2,2,1.0,0.0,1.0,1.0,0.5,0.63093,1566277|4503810|1929329|2160048|2269959|2197448|8068881|425453|2667293|2024974
q110,dev,v04,vague,noisy:release_era,0,,2,2,1.0,0.0,1.0,1.0,0.5,0.63093,1566277|4503810|1929329|2160048|2269959|2197448|8068881|425453|2667293|2024974
q110,dev,v04,vague,rule:oracle,0,,2,2,1.0,0.0,1.0,1.0,0.5,0.63093,1566277|4503810|1929329|2160048|2269959|2197448|8068881|425453|2667293|2024974
q110,dev,v04,vague,rule:noisy,0,,2,2,1.0,0.0,1.0,1.0,0.5,0.63093,1566277|4503810|1929329|2160048|2269959|2197448|8068881|425453|2667293|2024974
q110,dev,v04,vague,rule:skip,0,,2,2,1.0,0.0,1.0,1.0,0.5,0.63093,1566277|4503810|1929329|2160048|2269959|2197448|8068881|425453|2667293|2024974
q110,dev,v04,vague,oracle:best,0,,2,2,1.0,0.0,1.0,1.0,0.5,0.63093,1566277|4503810|1929329|2160048|2269959|2197448|8068881|425453|2667293|2024974
q112,dev,v04,vague,initial,1,,1,1,1.0,1.0,1.0,1.0,1.0,1.0,1556547|1765767|1932604|933372|1786851|1850242|1199786|1139741|1657769|1583453
q112,dev,v04,vague,reject_only,0,,1,1,1.0,1.0,1.0,1.0,1.0,1.0,1556547|1765767|1932604|933372|1786851|1850242|1199786|1139741|1657769|1583453
q112,dev,v04,vague,reject_twice,0,,1,1,1.0,1.0,1.0,1.0,1.0,1.0,1556547|1765767|1932604|933372|1786851|1850242|1199786|1139741|1657769|1583453
q112,dev,v04,vague,skip,0,,1,1,1.0,1.0,1.0,1.0,1.0,1.0,1556547|1765767|1932604|933372|1786851|1850242|1199786|1139741|1657769|1583453
q112,dev,v04,vague,oracle:vocal_gender,0,,1,1,1.0,1.0,1.0,1.0,1.0,1.0,1556547|1765767|1932604|933372|1786851|1850242|1199786|1139741|1657769|1583453
q112,dev,v04,vague,oracle:type,0,,1,1,1.0,1.0,1.0,1.0,1.0,1.0,1556547|1765767|1932604|933372|1786851|1850242|1199786|1139741|1657769|1583453
q112,dev,v04,vague,oracle:genre,0,,1,1,1.0,1.0,1.0,1.0,1.0,1.0,1556547|1765767|1932604|933372|1786851|1850242|1199786|1139741|1657769|1583453
q112,dev,v04,vague,oracle:release_era,0,,1,1,1.0,1.0,1.0,1.0,1.0,1.0,1556547|1765767|1932604|933372|1786851|1850242|1199786|1139741|1657769|1583453
q112,dev,v04,vague,noisy:vocal_gender,0,,1,1,1.0,1.0,1.0,1.0,1.0,1.0,1556547|1765767|1932604|933372|1786851|1850242|1199786|1139741|1657769|1583453
q112,dev,v04,vague,noisy:type,0,,1,1,1.0,1.0,1.0,1.0,1.0,1.0,1556547|1765767|1932604|933372|1786851|1850242|1199786|1139741|1657769|1583453
q112,dev,v04,vague,noisy:genre,0,,1,1,1.0,1.0,1.0,1.0,1.0,1.0,1556547|1765767|1932604|933372|1786851|1850242|1199786|1139741|1657769|1583453
q112,dev,v04,vague,noisy:release_era,0,,1,1,1.0,1.0,1.0,1.0,1.0,1.0,1556547|1765767|1932604|933372|1786851|1850242|1199786|1139741|1657769|1583453
q112,dev,v04,vague,rule:oracle,0,,1,1,1.0,1.0,1.0,1.0,1.0,1.0,1556547|1765767|1932604|933372|1786851|1850242|1199786|1139741|1657769|1583453
q112,dev,v04,vague,rule:noisy,0,,1,1,1.0,1.0,1.0,1.0,1.0,1.0,1556547|1765767|1932604|933372|1786851|1850242|1199786|1139741|1657769|1583453
q112,dev,v04,vague,rule:skip,0,,1,1,1.0,1.0,1.0,1.0,1.0,1.0,1556547|1765767|1932604|933372|1786851|1850242|1199786|1139741|1657769|1583453
q112,dev,v04,vague,oracle:best,0,,1,1,1.0,1.0,1.0,1.0,1.0,1.0,1556547|1765767|1932604|933372|1786851|1850242|1199786|1139741|1657769|1583453
q113,dev,v04,vague,initial,1,,1,1,1.0,1.0,1.0,1.0,1.0,1.0,1569649|1581597|481199|85258|1903057|528529|8983|25629|27638|85257
q113,dev,v04,vague,reject_only,0,,1,1,1.0,1.0,1.0,1.0,1.0,1.0,1569649|1581597|481199|85258|1903057|528529|8983|25629|27638|85257
q113,dev,v04,vague,reject_twice,0,,1,1,1.0,1.0,1.0,1.0,1.0,1.0,1569649|1581597|481199|85258|1903057|528529|8983|25629|27638|85257
q113,dev,v04,vague,skip,0,,1,1,1.0,1.0,1.0,1.0,1.0,1.0,1569649|1581597|481199|85258|1903057|528529|8983|25629|27638|85257
q113,dev,v04,vague,oracle:vocal_gender,0,,1,1,1.0,1.0,1.0,1.0,1.0,1.0,1569649|1581597|481199|85258|1903057|528529|8983|25629|27638|85257
q113,dev,v04,vague,oracle:type,0,,1,1,1.0,1.0,1.0,1.0,1.0,1.0,1569649|1581597|481199|85258|1903057|528529|8983|25629|27638|85257
q113,dev,v04,vague,oracle:genre,0,,1,1,1.0,1.0,1.0,1.0,1.0,1.0,1569649|1581597|481199|85258|1903057|528529|8983|25629|27638|85257
q113,dev,v04,vague,oracle:release_era,0,,1,1,1.0,1.0,1.0,1.0,1.0,1.0,1569649|1581597|481199|85258|1903057|528529|8983|25629|27638|85257
q113,dev,v04,vague,noisy:vocal_gender,0,,1,1,1.0,1.0,1.0,1.0,1.0,1.0,1569649|1581597|481199|85258|1903057|528529|8983|25629|27638|85257
q113,dev,v04,vague,noisy:type,0,,1,1,1.0,1.0,1.0,1.0,1.0,1.0,1569649|1581597|481199|85258|1903057|528529|8983|25629|27638|85257
q113,dev,v04,vague,noisy:genre,0,,1,1,1.0,1.0,1.0,1.0,1.0,1.0,1569649|1581597|481199|85258|1903057|528529|8983|25629|27638|85257
q113,dev,v04,vague,noisy:release_era,0,,1,1,1.0,1.0,1.0,1.0,1.0,1.0,1569649|1581597|481199|85258|1903057|528529|8983|25629|27638|85257
q113,dev,v04,vague,rule:oracle,0,,1,1,1.0,1.0,1.0,1.0,1.0,1.0,1569649|1581597|481199|85258|1903057|528529|8983|25629|27638|85257
q113,dev,v04,vague,rule:noisy,0,,1,1,1.0,1.0,1.0,1.0,1.0,1.0,1569649|1581597|481199|85258|1903057|528529|8983|25629|27638|85257
q113,dev,v04,vague,rule:skip,0,,1,1,1.0,1.0,1.0,1.0,1.0,1.0,1569649|1581597|481199|85258|1903057|528529|8983|25629|27638|85257
q113,dev,v04,vague,oracle:best,0,,1,1,1.0,1.0,1.0,1.0,1.0,1.0,1569649|1581597|481199|85258|1903057|528529|8983|25629|27638|85257
q114,dev,v04,vague,initial,1,,1,1,1.0,1.0,1.0,1.0,1.0,1.0,3065249|8261338|2951700|5684826|3906377|3853978|1913501|1556553|4454349|4160246
q114,dev,v04,vague,reject_only,0,,1,1,1.0,1.0,1.0,1.0,1.0,1.0,3065249|8261338|2951700|5684826|3906377|3853978|1913501|1556553|4454349|4160246
q114,dev,v04,vague,reject_twice,0,,1,1,1.0,1.0,1.0,1.0,1.0,1.0,3065249|8261338|2951700|5684826|3906377|3853978|1913501|1556553|4454349|4160246
q114,dev,v04,vague,skip,0,,1,1,1.0,1.0,1.0,1.0,1.0,1.0,3065249|8261338|2951700|5684826|3906377|3853978|1913501|1556553|4454349|4160246
q114,dev,v04,vague,oracle:vocal_gender,0,,1,1,1.0,1.0,1.0,1.0,1.0,1.0,3065249|8261338|2951700|5684826|3906377|3853978|1913501|1556553|4454349|4160246
q114,dev,v04,vague,oracle:type,0,,1,1,1.0,1.0,1.0,1.0,1.0,1.0,3065249|8261338|2951700|5684826|3906377|3853978|1913501|1556553|4454349|4160246
q114,dev,v04,vague,oracle:genre,0,,1,1,1.0,1.0,1.0,1.0,1.0,1.0,3065249|8261338|2951700|5684826|3906377|3853978|1913501|1556553|4454349|4160246
q114,dev,v04,vague,oracle:release_era,0,,1,1,1.0,1.0,1.0,1.0,1.0,1.0,3065249|8261338|2951700|5684826|3906377|3853978|1913501|1556553|4454349|4160246
q114,dev,v04,vague,noisy:vocal_gender,0,,1,1,1.0,1.0,1.0,1.0,1.0,1.0,3065249|8261338|2951700|5684826|3906377|3853978|1913501|1556553|4454349|4160246
q114,dev,v04,vague,noisy:type,0,,1,1,1.0,1.0,1.0,1.0,1.0,1.0,3065249|8261338|2951700|5684826|3906377|3853978|1913501|1556553|4454349|4160246
q114,dev,v04,vague,noisy:genre,0,,1,1,1.0,1.0,1.0,1.0,1.0,1.0,3065249|8261338|2951700|5684826|3906377|3853978|1913501|1556553|4454349|4160246
q114,dev,v04,vague,noisy:release_era,0,,1,1,1.0,1.0,1.0,1.0,1.0,1.0,3065249|8261338|2951700|5684826|3906377|3853978|1913501|1556553|4454349|4160246
q114,dev,v04,vague,rule:oracle,0,,1,1,1.0,1.0,1.0,1.0,1.0,1.0,3065249|8261338|2951700|5684826|3906377|3853978|1913501|1556553|4454349|4160246
q114,dev,v04,vague,rule:noisy,0,,1,1,1.0,1.0,1.0,1.0,1.0,1.0,3065249|8261338|2951700|5684826|3906377|3853978|1913501|1556553|4454349|4160246
q114,dev,v04,vague,rule:skip,0,,1,1,1.0,1.0,1.0,1.0,1.0,1.0,3065249|8261338|2951700|5684826|3906377|3853978|1913501|1556553|4454349|4160246
q114,dev,v04,vague,oracle:best,0,,1,1,1.0,1.0,1.0,1.0,1.0,1.0,3065249|8261338|2951700|5684826|3906377|3853978|1913501|1556553|4454349|4160246
q115,dev,v04,vague,initial,1,,,14,1.0,0.0,0.0,0.0,0.0,0.0,31406357|31532642|30514366|31316695|3436083|31304766|31324607|31777113|7861392|31388145
q115,dev,v04,vague,reject_only,1,,4,4,1.0,0.0,1.0,1.0,0.25,0.430677,4543502|30699142|30849733|31829536|445413|31706215|31984204|1099594|31565593|1789828
q115,dev,v04,vague,reject_twice,0,,4,4,1.0,0.0,1.0,1.0,0.25,0.430677,4543502|30699142|30849733|31829536|445413|31706215|31984204|1099594|31565593|1789828
q115,dev,v04,vague,skip,1,,4,4,1.0,0.0,1.0,1.0,0.25,0.430677,4543502|30699142|30849733|31829536|445413|31706215|31984204|1099594|31565593|1789828
q115,dev,v04,vague,oracle:vocal_gender,1,,4,4,1.0,0.0,1.0,1.0,0.25,0.430677,4543502|30699142|30849733|31829536|445413|31706215|31984204|1099594|31565593|1789828
q115,dev,v04,vague,oracle:type,1,,4,4,1.0,0.0,1.0,1.0,0.25,0.430677,4543502|30699142|30849733|31829536|445413|31706215|31984204|1099594|31565593|1789828
q115,dev,v04,vague,oracle:genre,1,,4,4,1.0,0.0,1.0,1.0,0.25,0.430677,4543502|30699142|30849733|31829536|445413|31706215|31984204|1099594|31565593|1789828
q115,dev,v04,vague,oracle:release_era,1,,4,4,1.0,0.0,1.0,1.0,0.25,0.430677,4543502|30699142|30849733|31829536|445413|31706215|31984204|1099594|31565593|1789828
q115,dev,v04,vague,noisy:vocal_gender,1,,4,4,1.0,0.0,1.0,1.0,0.25,0.430677,4543502|30699142|30849733|31829536|445413|31706215|31984204|1099594|31565593|1789828
q115,dev,v04,vague,noisy:type,1,,4,4,1.0,0.0,1.0,1.0,0.25,0.430677,4543502|30699142|30849733|31829536|445413|31706215|31984204|1099594|31565593|1789828
q115,dev,v04,vague,noisy:genre,1,,4,4,1.0,0.0,1.0,1.0,0.25,0.430677,4543502|30699142|30849733|31829536|445413|31706215|31984204|1099594|31565593|1789828
q115,dev,v04,vague,noisy:release_era,1,,4,4,1.0,0.0,1.0,1.0,0.25,0.430677,4543502|30699142|30849733|31829536|445413|31706215|31984204|1099594|31565593|1789828
q115,dev,v04,vague,rule:oracle,1,,4,4,1.0,0.0,1.0,1.0,0.25,0.430677,4543502|30699142|30849733|31829536|445413|31706215|31984204|1099594|31565593|1789828
q115,dev,v04,vague,rule:noisy,1,,4,4,1.0,0.0,1.0,1.0,0.25,0.430677,4543502|30699142|30849733|31829536|445413|31706215|31984204|1099594|31565593|1789828
q115,dev,v04,vague,rule:skip,1,,4,4,1.0,0.0,1.0,1.0,0.25,0.430677,4543502|30699142|30849733|31829536|445413|31706215|31984204|1099594|31565593|1789828
q115,dev,v04,vague,oracle:best,1,,4,4,1.0,0.0,1.0,1.0,0.25,0.430677,4543502|30699142|30849733|31829536|445413|31706215|31984204|1099594|31565593|1789828
q202,dev,v04,vague,initial,1,,3,3,1.0,0.0,1.0,1.0,0.333333,0.5,30816860|30864993|4400561|1566277|1807098|4840271|1927248|2371261|2987448|3488849
q202,dev,v04,vague,reject_only,0,,3,3,1.0,0.0,1.0,1.0,0.333333,0.5,30816860|30864993|4400561|1566277|1807098|4840271|1927248|2371261|2987448|3488849
q202,dev,v04,vague,reject_twice,0,,3,3,1.0,0.0,1.0,1.0,0.333333,0.5,30816860|30864993|4400561|1566277|1807098|4840271|1927248|2371261|2987448|3488849
q202,dev,v04,vague,skip,0,,3,3,1.0,0.0,1.0,1.0,0.333333,0.5,30816860|30864993|4400561|1566277|1807098|4840271|1927248|2371261|2987448|3488849
q202,dev,v04,vague,oracle:vocal_gender,0,,3,3,1.0,0.0,1.0,1.0,0.333333,0.5,30816860|30864993|4400561|1566277|1807098|4840271|1927248|2371261|2987448|3488849
q202,dev,v04,vague,oracle:type,0,,3,3,1.0,0.0,1.0,1.0,0.333333,0.5,30816860|30864993|4400561|1566277|1807098|4840271|1927248|2371261|2987448|3488849
q202,dev,v04,vague,oracle:genre,0,,3,3,1.0,0.0,1.0,1.0,0.333333,0.5,30816860|30864993|4400561|1566277|1807098|4840271|1927248|2371261|2987448|3488849
q202,dev,v04,vague,oracle:release_era,0,,3,3,1.0,0.0,1.0,1.0,0.333333,0.5,30816860|30864993|4400561|1566277|1807098|4840271|1927248|2371261|2987448|3488849
q202,dev,v04,vague,noisy:vocal_gender,0,,3,3,1.0,0.0,1.0,1.0,0.333333,0.5,30816860|30864993|4400561|1566277|1807098|4840271|1927248|2371261|2987448|3488849
q202,dev,v04,vague,noisy:type,0,,3,3,1.0,0.0,1.0,1.0,0.333333,0.5,30816860|30864993|4400561|1566277|1807098|4840271|1927248|2371261|2987448|3488849
q202,dev,v04,vague,noisy:genre,0,,3,3,1.0,0.0,1.0,1.0,0.333333,0.5,30816860|30864993|4400561|1566277|1807098|4840271|1927248|2371261|2987448|3488849
q202,dev,v04,vague,noisy:release_era,0,,3,3,1.0,0.0,1.0,1.0,0.333333,0.5,30816860|30864993|4400561|1566277|1807098|4840271|1927248|2371261|2987448|3488849
q202,dev,v04,vague,rule:oracle,0,,3,3,1.0,0.0,1.0,1.0,0.333333,0.5,30816860|30864993|4400561|1566277|1807098|4840271|1927248|2371261|2987448|3488849
q202,dev,v04,vague,rule:noisy,0,,3,3,1.0,0.0,1.0,1.0,0.333333,0.5,30816860|30864993|4400561|1566277|1807098|4840271|1927248|2371261|2987448|3488849
q202,dev,v04,vague,rule:skip,0,,3,3,1.0,0.0,1.0,1.0,0.333333,0.5,30816860|30864993|4400561|1566277|1807098|4840271|1927248|2371261|2987448|3488849
q202,dev,v04,vague,oracle:best,0,,3,3,1.0,0.0,1.0,1.0,0.333333,0.5,30816860|30864993|4400561|1566277|1807098|4840271|1927248|2371261|2987448|3488849
q203,dev,v04,vague,initial,1,genre,,23,1.0,0.0,0.0,0.0,0.0,0.0,5668985|476529|91322|1177472|686651|1177475|489055|1883446|1177471|2906349
q203,dev,v04,vague,reject_only,1,genre,,14,1.0,0.0,0.0,0.0,0.0,0.0,8179097|5482064|1649188|4381724|732513|732519|622912|490173|30486509|31406357
q203,dev,v04,vague,reject_twice,1,genre,4,4,1.0,0.0,1.0,1.0,0.25,0.430677,1108584|485716|3436083|837567|3138749|30859584|3758104|1086029|31565593|3690
q203,dev,v04,vague,skip,1,genre,,14,1.0,0.0,0.0,0.0,0.0,0.0,8179097|5482064|1649188|4381724|732513|732519|622912|490173|30486509|31406357
q203,dev,v04,vague,oracle:vocal_gender,1,genre,,14,1.0,0.0,0.0,0.0,0.0,0.0,8179097|5482064|1649188|4381724|732513|732519|622912|490173|30486509|31406357
q203,dev,v04,vague,oracle:type,1,genre,,14,1.0,0.0,0.0,0.0,0.0,0.0,8179097|5482064|1649188|4381724|732513|732519|622912|490173|30486509|31406357
q203,dev,v04,vague,oracle:genre,1,genre,5,5,1.0,0.0,1.0,1.0,0.2,0.386853,8179097|1649188|732513|732519|837567|3690|75233|5482064|4381724|622912
q203,dev,v04,vague,oracle:release_era,1,genre,,14,1.0,0.0,0.0,0.0,0.0,0.0,8179097|5482064|1649188|4381724|732513|732519|622912|490173|30486509|31406357
q203,dev,v04,vague,noisy:vocal_gender,1,genre,,14,1.0,0.0,0.0,0.0,0.0,0.0,8179097|5482064|1649188|4381724|732513|732519|622912|490173|30486509|31406357
q203,dev,v04,vague,noisy:type,1,genre,,14,1.0,0.0,0.0,0.0,0.0,0.0,8179097|5482064|1649188|4381724|732513|732519|622912|490173|30486509|31406357
q203,dev,v04,vague,noisy:genre,1,genre,,23,1.0,0.0,0.0,0.0,0.0,0.0,5482064|4381724|622912|490173|30486509|31406357|1108584|3436083|3138749|3758104
q203,dev,v04,vague,noisy:release_era,1,genre,,14,1.0,0.0,0.0,0.0,0.0,0.0,8179097|5482064|1649188|4381724|732513|732519|622912|490173|30486509|31406357
q203,dev,v04,vague,rule:oracle,1,genre,5,5,1.0,0.0,1.0,1.0,0.2,0.386853,8179097|1649188|732513|732519|837567|3690|75233|5482064|4381724|622912
q203,dev,v04,vague,rule:noisy,1,genre,,23,1.0,0.0,0.0,0.0,0.0,0.0,5482064|4381724|622912|490173|30486509|31406357|1108584|3436083|3138749|3758104
q203,dev,v04,vague,rule:skip,1,genre,,14,1.0,0.0,0.0,0.0,0.0,0.0,8179097|5482064|1649188|4381724|732513|732519|622912|490173|30486509|31406357
q203,dev,v04,vague,oracle:best,1,genre,5,5,1.0,0.0,1.0,1.0,0.2,0.386853,8179097|1649188|732513|732519|837567|3690|75233|5482064|4381724|622912
q204,dev,v04,vague,initial,1,,1,1,1.0,1.0,1.0,1.0,1.0,1.0,3822622|2159715|1115206|1724693|3509751|3607859|2371261|3573326|3600223|2269959
q204,dev,v04,vague,reject_only,0,,1,1,1.0,1.0,1.0,1.0,1.0,1.0,3822622|2159715|1115206|1724693|3509751|3607859|2371261|3573326|3600223|2269959
q204,dev,v04,vague,reject_twice,0,,1,1,1.0,1.0,1.0,1.0,1.0,1.0,3822622|2159715|1115206|1724693|3509751|3607859|2371261|3573326|3600223|2269959
q204,dev,v04,vague,skip,0,,1,1,1.0,1.0,1.0,1.0,1.0,1.0,3822622|2159715|1115206|1724693|3509751|3607859|2371261|3573326|3600223|2269959
q204,dev,v04,vague,oracle:vocal_gender,0,,1,1,1.0,1.0,1.0,1.0,1.0,1.0,3822622|2159715|1115206|1724693|3509751|3607859|2371261|3573326|3600223|2269959
q204,dev,v04,vague,oracle:type,0,,1,1,1.0,1.0,1.0,1.0,1.0,1.0,3822622|2159715|1115206|1724693|3509751|3607859|2371261|3573326|3600223|2269959
q204,dev,v04,vague,oracle:genre,0,,1,1,1.0,1.0,1.0,1.0,1.0,1.0,3822622|2159715|1115206|1724693|3509751|3607859|2371261|3573326|3600223|2269959
q204,dev,v04,vague,oracle:release_era,0,,1,1,1.0,1.0,1.0,1.0,1.0,1.0,3822622|2159715|1115206|1724693|3509751|3607859|2371261|3573326|3600223|2269959
q204,dev,v04,vague,noisy:vocal_gender,0,,1,1,1.0,1.0,1.0,1.0,1.0,1.0,3822622|2159715|1115206|1724693|3509751|3607859|2371261|3573326|3600223|2269959
q204,dev,v04,vague,noisy:type,0,,1,1,1.0,1.0,1.0,1.0,1.0,1.0,3822622|2159715|1115206|1724693|3509751|3607859|2371261|3573326|3600223|2269959
q204,dev,v04,vague,noisy:genre,0,,1,1,1.0,1.0,1.0,1.0,1.0,1.0,3822622|2159715|1115206|1724693|3509751|3607859|2371261|3573326|3600223|2269959
q204,dev,v04,vague,noisy:release_era,0,,1,1,1.0,1.0,1.0,1.0,1.0,1.0,3822622|2159715|1115206|1724693|3509751|3607859|2371261|3573326|3600223|2269959
q204,dev,v04,vague,rule:oracle,0,,1,1,1.0,1.0,1.0,1.0,1.0,1.0,3822622|2159715|1115206|1724693|3509751|3607859|2371261|3573326|3600223|2269959
q204,dev,v04,vague,rule:noisy,0,,1,1,1.0,1.0,1.0,1.0,1.0,1.0,3822622|2159715|1115206|1724693|3509751|3607859|2371261|3573326|3600223|2269959
q204,dev,v04,vague,rule:skip,0,,1,1,1.0,1.0,1.0,1.0,1.0,1.0,3822622|2159715|1115206|1724693|3509751|3607859|2371261|3573326|3600223|2269959
q204,dev,v04,vague,oracle:best,0,,1,1,1.0,1.0,1.0,1.0,1.0,1.0,3822622|2159715|1115206|1724693|3509751|3607859|2371261|3573326|3600223|2269959
q205,dev,v04,vague,initial,1,,8,8,1.0,0.0,0.0,1.0,0.125,0.315465,87019|621108|529685|708213|1592906|1379738|866706|30486509|429656|444956
q205,dev,v04,vague,reject_only,0,,8,8,1.0,0.0,0.0,1.0,0.125,0.315465,87019|621108|529685|708213|1592906|1379738|866706|30486509|429656|444956
q205,dev,v04,vague,reject_twice,0,,8,8,1.0,0.0,0.0,1.0,0.125,0.315465,87019|621108|529685|708213|1592906|1379738|866706|30486509|429656|444956
q205,dev,v04,vague,skip,0,,8,8,1.0,0.0,0.0,1.0,0.125,0.315465,87019|621108|529685|708213|1592906|1379738|866706|30486509|429656|444956
q205,dev,v04,vague,oracle:vocal_gender,0,,8,8,1.0,0.0,0.0,1.0,0.125,0.315465,87019|621108|529685|708213|1592906|1379738|866706|30486509|429656|444956
q205,dev,v04,vague,oracle:type,0,,8,8,1.0,0.0,0.0,1.0,0.125,0.315465,87019|621108|529685|708213|1592906|1379738|866706|30486509|429656|444956
q205,dev,v04,vague,oracle:genre,0,,8,8,1.0,0.0,0.0,1.0,0.125,0.315465,87019|621108|529685|708213|1592906|1379738|866706|30486509|429656|444956
q205,dev,v04,vague,oracle:release_era,0,,8,8,1.0,0.0,0.0,1.0,0.125,0.315465,87019|621108|529685|708213|1592906|1379738|866706|30486509|429656|444956
q205,dev,v04,vague,noisy:vocal_gender,0,,8,8,1.0,0.0,0.0,1.0,0.125,0.315465,87019|621108|529685|708213|1592906|1379738|866706|30486509|429656|444956
q205,dev,v04,vague,noisy:type,0,,8,8,1.0,0.0,0.0,1.0,0.125,0.315465,87019|621108|529685|708213|1592906|1379738|866706|30486509|429656|444956
q205,dev,v04,vague,noisy:genre,0,,8,8,1.0,0.0,0.0,1.0,0.125,0.315465,87019|621108|529685|708213|1592906|1379738|866706|30486509|429656|444956
q205,dev,v04,vague,noisy:release_era,0,,8,8,1.0,0.0,0.0,1.0,0.125,0.315465,87019|621108|529685|708213|1592906|1379738|866706|30486509|429656|444956
q205,dev,v04,vague,rule:oracle,0,,8,8,1.0,0.0,0.0,1.0,0.125,0.315465,87019|621108|529685|708213|1592906|1379738|866706|30486509|429656|444956
q205,dev,v04,vague,rule:noisy,0,,8,8,1.0,0.0,0.0,1.0,0.125,0.315465,87019|621108|529685|708213|1592906|1379738|866706|30486509|429656|444956
q205,dev,v04,vague,rule:skip,0,,8,8,1.0,0.0,0.0,1.0,0.125,0.315465,87019|621108|529685|708213|1592906|1379738|866706|30486509|429656|444956
q205,dev,v04,vague,oracle:best,0,,8,8,1.0,0.0,0.0,1.0,0.125,0.315465,87019|621108|529685|708213|1592906|1379738|866706|30486509|429656|444956
q206,dev,v04,vague,initial,1,,1,1,1.0,1.0,1.0,1.0,1.0,1.0,31304766|30486509|31406357|30467550|9642570|31455159|30699142|31829536|1644930|1379738
q206,dev,v04,vague,reject_only,0,,1,1,1.0,1.0,1.0,1.0,1.0,1.0,31304766|30486509|31406357|30467550|9642570|31455159|30699142|31829536|1644930|1379738
q206,dev,v04,vague,reject_twice,0,,1,1,1.0,1.0,1.0,1.0,1.0,1.0,31304766|30486509|31406357|30467550|9642570|31455159|30699142|31829536|1644930|1379738
q206,dev,v04,vague,skip,0,,1,1,1.0,1.0,1.0,1.0,1.0,1.0,31304766|30486509|31406357|30467550|9642570|31455159|30699142|31829536|1644930|1379738
q206,dev,v04,vague,oracle:vocal_gender,0,,1,1,1.0,1.0,1.0,1.0,1.0,1.0,31304766|30486509|31406357|30467550|9642570|31455159|30699142|31829536|1644930|1379738
q206,dev,v04,vague,oracle:type,0,,1,1,1.0,1.0,1.0,1.0,1.0,1.0,31304766|30486509|31406357|30467550|9642570|31455159|30699142|31829536|1644930|1379738
q206,dev,v04,vague,oracle:genre,0,,1,1,1.0,1.0,1.0,1.0,1.0,1.0,31304766|30486509|31406357|30467550|9642570|31455159|30699142|31829536|1644930|1379738
q206,dev,v04,vague,oracle:release_era,0,,1,1,1.0,1.0,1.0,1.0,1.0,1.0,31304766|30486509|31406357|30467550|9642570|31455159|30699142|31829536|1644930|1379738
q206,dev,v04,vague,noisy:vocal_gender,0,,1,1,1.0,1.0,1.0,1.0,1.0,1.0,31304766|30486509|31406357|30467550|9642570|31455159|30699142|31829536|1644930|1379738
q206,dev,v04,vague,noisy:type,0,,1,1,1.0,1.0,1.0,1.0,1.0,1.0,31304766|30486509|31406357|30467550|9642570|31455159|30699142|31829536|1644930|1379738
q206,dev,v04,vague,noisy:genre,0,,1,1,1.0,1.0,1.0,1.0,1.0,1.0,31304766|30486509|31406357|30467550|9642570|31455159|30699142|31829536|1644930|1379738
q206,dev,v04,vague,noisy:release_era,0,,1,1,1.0,1.0,1.0,1.0,1.0,1.0,31304766|30486509|31406357|30467550|9642570|31455159|30699142|31829536|1644930|1379738
q206,dev,v04,vague,rule:oracle,0,,1,1,1.0,1.0,1.0,1.0,1.0,1.0,31304766|30486509|31406357|30467550|9642570|31455159|30699142|31829536|1644930|1379738
q206,dev,v04,vague,rule:noisy,0,,1,1,1.0,1.0,1.0,1.0,1.0,1.0,31304766|30486509|31406357|30467550|9642570|31455159|30699142|31829536|1644930|1379738
q206,dev,v04,vague,rule:skip,0,,1,1,1.0,1.0,1.0,1.0,1.0,1.0,31304766|30486509|31406357|30467550|9642570|31455159|30699142|31829536|1644930|1379738
q206,dev,v04,vague,oracle:best,0,,1,1,1.0,1.0,1.0,1.0,1.0,1.0,31304766|30486509|31406357|30467550|9642570|31455159|30699142|31829536|1644930|1379738
q207,dev,v04,vague,initial,1,,1,1,1.0,1.0,1.0,1.0,1.0,1.0,3630755|4660909|2705410|1816224|8005879|24105|30468654|4097003|4433490|5390701
q207,dev,v04,vague,reject_only,0,,1,1,1.0,1.0,1.0,1.0,1.0,1.0,3630755|4660909|2705410|1816224|8005879|24105|30468654|4097003|4433490|5390701
q207,dev,v04,vague,reject_twice,0,,1,1,1.0,1.0,1.0,1.0,1.0,1.0,3630755|4660909|2705410|1816224|8005879|24105|30468654|4097003|4433490|5390701
q207,dev,v04,vague,skip,0,,1,1,1.0,1.0,1.0,1.0,1.0,1.0,3630755|4660909|2705410|1816224|8005879|24105|30468654|4097003|4433490|5390701
q207,dev,v04,vague,oracle:vocal_gender,0,,1,1,1.0,1.0,1.0,1.0,1.0,1.0,3630755|4660909|2705410|1816224|8005879|24105|30468654|4097003|4433490|5390701
q207,dev,v04,vague,oracle:type,0,,1,1,1.0,1.0,1.0,1.0,1.0,1.0,3630755|4660909|2705410|1816224|8005879|24105|30468654|4097003|4433490|5390701
q207,dev,v04,vague,oracle:genre,0,,1,1,1.0,1.0,1.0,1.0,1.0,1.0,3630755|4660909|2705410|1816224|8005879|24105|30468654|4097003|4433490|5390701
q207,dev,v04,vague,oracle:release_era,0,,1,1,1.0,1.0,1.0,1.0,1.0,1.0,3630755|4660909|2705410|1816224|8005879|24105|30468654|4097003|4433490|5390701
q207,dev,v04,vague,noisy:vocal_gender,0,,1,1,1.0,1.0,1.0,1.0,1.0,1.0,3630755|4660909|2705410|1816224|8005879|24105|30468654|4097003|4433490|5390701
q207,dev,v04,vague,noisy:type,0,,1,1,1.0,1.0,1.0,1.0,1.0,1.0,3630755|4660909|2705410|1816224|8005879|24105|30468654|4097003|4433490|5390701
q207,dev,v04,vague,noisy:genre,0,,1,1,1.0,1.0,1.0,1.0,1.0,1.0,3630755|4660909|2705410|1816224|8005879|24105|30468654|4097003|4433490|5390701
q207,dev,v04,vague,noisy:release_era,0,,1,1,1.0,1.0,1.0,1.0,1.0,1.0,3630755|4660909|2705410|1816224|8005879|24105|30468654|4097003|4433490|5390701
q207,dev,v04,vague,rule:oracle,0,,1,1,1.0,1.0,1.0,1.0,1.0,1.0,3630755|4660909|2705410|1816224|8005879|24105|30468654|4097003|4433490|5390701
q207,dev,v04,vague,rule:noisy,0,,1,1,1.0,1.0,1.0,1.0,1.0,1.0,3630755|4660909|2705410|1816224|8005879|24105|30468654|4097003|4433490|5390701
q207,dev,v04,vague,rule:skip,0,,1,1,1.0,1.0,1.0,1.0,1.0,1.0,3630755|4660909|2705410|1816224|8005879|24105|30468654|4097003|4433490|5390701
q207,dev,v04,vague,oracle:best,0,,1,1,1.0,1.0,1.0,1.0,1.0,1.0,3630755|4660909|2705410|1816224|8005879|24105|30468654|4097003|4433490|5390701
q208,dev,v04,vague,initial,1,,2,5,1.0,0.0,1.0,1.0,0.5,0.63093,482653|2063248|111413|1727368|602014|111414|926191|7942948|5771304|5381341
q208,dev,v04,vague,reject_only,0,,2,5,1.0,0.0,1.0,1.0,0.5,0.63093,482653|2063248|111413|1727368|602014|111414|926191|7942948|5771304|5381341
q208,dev,v04,vague,reject_twice,0,,2,5,1.0,0.0,1.0,1.0,0.5,0.63093,482653|2063248|111413|1727368|602014|111414|926191|7942948|5771304|5381341
q208,dev,v04,vague,skip,0,,2,5,1.0,0.0,1.0,1.0,0.5,0.63093,482653|2063248|111413|1727368|602014|111414|926191|7942948|5771304|5381341
q208,dev,v04,vague,oracle:vocal_gender,0,,2,5,1.0,0.0,1.0,1.0,0.5,0.63093,482653|2063248|111413|1727368|602014|111414|926191|7942948|5771304|5381341
q208,dev,v04,vague,oracle:type,0,,2,5,1.0,0.0,1.0,1.0,0.5,0.63093,482653|2063248|111413|1727368|602014|111414|926191|7942948|5771304|5381341
q208,dev,v04,vague,oracle:genre,0,,2,5,1.0,0.0,1.0,1.0,0.5,0.63093,482653|2063248|111413|1727368|602014|111414|926191|7942948|5771304|5381341
q208,dev,v04,vague,oracle:release_era,0,,2,5,1.0,0.0,1.0,1.0,0.5,0.63093,482653|2063248|111413|1727368|602014|111414|926191|7942948|5771304|5381341
q208,dev,v04,vague,noisy:vocal_gender,0,,2,5,1.0,0.0,1.0,1.0,0.5,0.63093,482653|2063248|111413|1727368|602014|111414|926191|7942948|5771304|5381341
q208,dev,v04,vague,noisy:type,0,,2,5,1.0,0.0,1.0,1.0,0.5,0.63093,482653|2063248|111413|1727368|602014|111414|926191|7942948|5771304|5381341
q208,dev,v04,vague,noisy:genre,0,,2,5,1.0,0.0,1.0,1.0,0.5,0.63093,482653|2063248|111413|1727368|602014|111414|926191|7942948|5771304|5381341
q208,dev,v04,vague,noisy:release_era,0,,2,5,1.0,0.0,1.0,1.0,0.5,0.63093,482653|2063248|111413|1727368|602014|111414|926191|7942948|5771304|5381341
q208,dev,v04,vague,rule:oracle,0,,2,5,1.0,0.0,1.0,1.0,0.5,0.63093,482653|2063248|111413|1727368|602014|111414|926191|7942948|5771304|5381341
q208,dev,v04,vague,rule:noisy,0,,2,5,1.0,0.0,1.0,1.0,0.5,0.63093,482653|2063248|111413|1727368|602014|111414|926191|7942948|5771304|5381341
q208,dev,v04,vague,rule:skip,0,,2,5,1.0,0.0,1.0,1.0,0.5,0.63093,482653|2063248|111413|1727368|602014|111414|926191|7942948|5771304|5381341
q208,dev,v04,vague,oracle:best,0,,2,5,1.0,0.0,1.0,1.0,0.5,0.63093,482653|2063248|111413|1727368|602014|111414|926191|7942948|5771304|5381341
q209,dev,v04,vague,initial,1,,1,1,1.0,1.0,1.0,1.0,1.0,1.0,30177818|8089568|4262073|4375626|8053157|31938460|4544242|4268435|30190630|316784
q209,dev,v04,vague,reject_only,0,,1,1,1.0,1.0,1.0,1.0,1.0,1.0,30177818|8089568|4262073|4375626|8053157|31938460|4544242|4268435|30190630|316784
q209,dev,v04,vague,reject_twice,0,,1,1,1.0,1.0,1.0,1.0,1.0,1.0,30177818|8089568|4262073|4375626|8053157|31938460|4544242|4268435|30190630|316784
q209,dev,v04,vague,skip,0,,1,1,1.0,1.0,1.0,1.0,1.0,1.0,30177818|8089568|4262073|4375626|8053157|31938460|4544242|4268435|30190630|316784
q209,dev,v04,vague,oracle:vocal_gender,0,,1,1,1.0,1.0,1.0,1.0,1.0,1.0,30177818|8089568|4262073|4375626|8053157|31938460|4544242|4268435|30190630|316784
q209,dev,v04,vague,oracle:type,0,,1,1,1.0,1.0,1.0,1.0,1.0,1.0,30177818|8089568|4262073|4375626|8053157|31938460|4544242|4268435|30190630|316784
q209,dev,v04,vague,oracle:genre,0,,1,1,1.0,1.0,1.0,1.0,1.0,1.0,30177818|8089568|4262073|4375626|8053157|31938460|4544242|4268435|30190630|316784
q209,dev,v04,vague,oracle:release_era,0,,1,1,1.0,1.0,1.0,1.0,1.0,1.0,30177818|8089568|4262073|4375626|8053157|31938460|4544242|4268435|30190630|316784
q209,dev,v04,vague,noisy:vocal_gender,0,,1,1,1.0,1.0,1.0,1.0,1.0,1.0,30177818|8089568|4262073|4375626|8053157|31938460|4544242|4268435|30190630|316784
q209,dev,v04,vague,noisy:type,0,,1,1,1.0,1.0,1.0,1.0,1.0,1.0,30177818|8089568|4262073|4375626|8053157|31938460|4544242|4268435|30190630|316784
q209,dev,v04,vague,noisy:genre,0,,1,1,1.0,1.0,1.0,1.0,1.0,1.0,30177818|8089568|4262073|4375626|8053157|31938460|4544242|4268435|30190630|316784
q209,dev,v04,vague,noisy:release_era,0,,1,1,1.0,1.0,1.0,1.0,1.0,1.0,30177818|8089568|4262073|4375626|8053157|31938460|4544242|4268435|30190630|316784
q209,dev,v04,vague,rule:oracle,0,,1,1,1.0,1.0,1.0,1.0,1.0,1.0,30177818|8089568|4262073|4375626|8053157|31938460|4544242|4268435|30190630|316784
q209,dev,v04,vague,rule:noisy,0,,1,1,1.0,1.0,1.0,1.0,1.0,1.0,30177818|8089568|4262073|4375626|8053157|31938460|4544242|4268435|30190630|316784
q209,dev,v04,vague,rule:skip,0,,1,1,1.0,1.0,1.0,1.0,1.0,1.0,30177818|8089568|4262073|4375626|8053157|31938460|4544242|4268435|30190630|316784
q209,dev,v04,vague,oracle:best,0,,1,1,1.0,1.0,1.0,1.0,1.0,1.0,30177818|8089568|4262073|4375626|8053157|31938460|4544242|4268435|30190630|316784
q210,dev,v04,vague,initial,1,,3,4,1.0,0.0,1.0,1.0,0.333333,0.5,711628|5760115|3397448|441007|1875215|3403761|3593455|5684826|1789828|500797
q210,dev,v04,vague,reject_only,0,,3,4,1.0,0.0,1.0,1.0,0.333333,0.5,711628|5760115|3397448|441007|1875215|3403761|3593455|5684826|1789828|500797
q210,dev,v04,vague,reject_twice,0,,3,4,1.0,0.0,1.0,1.0,0.333333,0.5,711628|5760115|3397448|441007|1875215|3403761|3593455|5684826|1789828|500797
q210,dev,v04,vague,skip,0,,3,4,1.0,0.0,1.0,1.0,0.333333,0.5,711628|5760115|3397448|441007|1875215|3403761|3593455|5684826|1789828|500797
q210,dev,v04,vague,oracle:vocal_gender,0,,3,4,1.0,0.0,1.0,1.0,0.333333,0.5,711628|5760115|3397448|441007|1875215|3403761|3593455|5684826|1789828|500797
q210,dev,v04,vague,oracle:type,0,,3,4,1.0,0.0,1.0,1.0,0.333333,0.5,711628|5760115|3397448|441007|1875215|3403761|3593455|5684826|1789828|500797
q210,dev,v04,vague,oracle:genre,0,,3,4,1.0,0.0,1.0,1.0,0.333333,0.5,711628|5760115|3397448|441007|1875215|3403761|3593455|5684826|1789828|500797
q210,dev,v04,vague,oracle:release_era,0,,3,4,1.0,0.0,1.0,1.0,0.333333,0.5,711628|5760115|3397448|441007|1875215|3403761|3593455|5684826|1789828|500797
q210,dev,v04,vague,noisy:vocal_gender,0,,3,4,1.0,0.0,1.0,1.0,0.333333,0.5,711628|5760115|3397448|441007|1875215|3403761|3593455|5684826|1789828|500797
q210,dev,v04,vague,noisy:type,0,,3,4,1.0,0.0,1.0,1.0,0.333333,0.5,711628|5760115|3397448|441007|1875215|3403761|3593455|5684826|1789828|500797
q210,dev,v04,vague,noisy:genre,0,,3,4,1.0,0.0,1.0,1.0,0.333333,0.5,711628|5760115|3397448|441007|1875215|3403761|3593455|5684826|1789828|500797
q210,dev,v04,vague,noisy:release_era,0,,3,4,1.0,0.0,1.0,1.0,0.333333,0.5,711628|5760115|3397448|441007|1875215|3403761|3593455|5684826|1789828|500797
q210,dev,v04,vague,rule:oracle,0,,3,4,1.0,0.0,1.0,1.0,0.333333,0.5,711628|5760115|3397448|441007|1875215|3403761|3593455|5684826|1789828|500797
q210,dev,v04,vague,rule:noisy,0,,3,4,1.0,0.0,1.0,1.0,0.333333,0.5,711628|5760115|3397448|441007|1875215|3403761|3593455|5684826|1789828|500797
q210,dev,v04,vague,rule:skip,0,,3,4,1.0,0.0,1.0,1.0,0.333333,0.5,711628|5760115|3397448|441007|1875215|3403761|3593455|5684826|1789828|500797
q210,dev,v04,vague,oracle:best,0,,3,4,1.0,0.0,1.0,1.0,0.333333,0.5,711628|5760115|3397448|441007|1875215|3403761|3593455|5684826|1789828|500797
q211,dev,v04,vague,initial,1,,2,2,1.0,0.0,1.0,1.0,0.5,0.63093,30613202|30079086|420520|2987448|2024974|2611648|31754579|4400561|3557196|1566277
q211,dev,v04,vague,reject_only,0,,2,2,1.0,0.0,1.0,1.0,0.5,0.63093,30613202|30079086|420520|2987448|2024974|2611648|31754579|4400561|3557196|1566277
q211,dev,v04,vague,reject_twice,0,,2,2,1.0,0.0,1.0,1.0,0.5,0.63093,30613202|30079086|420520|2987448|2024974|2611648|31754579|4400561|3557196|1566277
q211,dev,v04,vague,skip,0,,2,2,1.0,0.0,1.0,1.0,0.5,0.63093,30613202|30079086|420520|2987448|2024974|2611648|31754579|4400561|3557196|1566277
q211,dev,v04,vague,oracle:vocal_gender,0,,2,2,1.0,0.0,1.0,1.0,0.5,0.63093,30613202|30079086|420520|2987448|2024974|2611648|31754579|4400561|3557196|1566277
q211,dev,v04,vague,oracle:type,0,,2,2,1.0,0.0,1.0,1.0,0.5,0.63093,30613202|30079086|420520|2987448|2024974|2611648|31754579|4400561|3557196|1566277
q211,dev,v04,vague,oracle:genre,0,,2,2,1.0,0.0,1.0,1.0,0.5,0.63093,30613202|30079086|420520|2987448|2024974|2611648|31754579|4400561|3557196|1566277
q211,dev,v04,vague,oracle:release_era,0,,2,2,1.0,0.0,1.0,1.0,0.5,0.63093,30613202|30079086|420520|2987448|2024974|2611648|31754579|4400561|3557196|1566277
q211,dev,v04,vague,noisy:vocal_gender,0,,2,2,1.0,0.0,1.0,1.0,0.5,0.63093,30613202|30079086|420520|2987448|2024974|2611648|31754579|4400561|3557196|1566277
q211,dev,v04,vague,noisy:type,0,,2,2,1.0,0.0,1.0,1.0,0.5,0.63093,30613202|30079086|420520|2987448|2024974|2611648|31754579|4400561|3557196|1566277
q211,dev,v04,vague,noisy:genre,0,,2,2,1.0,0.0,1.0,1.0,0.5,0.63093,30613202|30079086|420520|2987448|2024974|2611648|31754579|4400561|3557196|1566277
q211,dev,v04,vague,noisy:release_era,0,,2,2,1.0,0.0,1.0,1.0,0.5,0.63093,30613202|30079086|420520|2987448|2024974|2611648|31754579|4400561|3557196|1566277
q211,dev,v04,vague,rule:oracle,0,,2,2,1.0,0.0,1.0,1.0,0.5,0.63093,30613202|30079086|420520|2987448|2024974|2611648|31754579|4400561|3557196|1566277
q211,dev,v04,vague,rule:noisy,0,,2,2,1.0,0.0,1.0,1.0,0.5,0.63093,30613202|30079086|420520|2987448|2024974|2611648|31754579|4400561|3557196|1566277
q211,dev,v04,vague,rule:skip,0,,2,2,1.0,0.0,1.0,1.0,0.5,0.63093,30613202|30079086|420520|2987448|2024974|2611648|31754579|4400561|3557196|1566277
q211,dev,v04,vague,oracle:best,0,,2,2,1.0,0.0,1.0,1.0,0.5,0.63093,30613202|30079086|420520|2987448|2024974|2611648|31754579|4400561|3557196|1566277
q213,dev,v04,vague,initial,1,,1,1,1.0,1.0,1.0,1.0,1.0,1.0,530043|866714|30884950|19094|517704|531006|3743329|31829536|866710|1592906
q213,dev,v04,vague,reject_only,0,,1,1,1.0,1.0,1.0,1.0,1.0,1.0,530043|866714|30884950|19094|517704|531006|3743329|31829536|866710|1592906
q213,dev,v04,vague,reject_twice,0,,1,1,1.0,1.0,1.0,1.0,1.0,1.0,530043|866714|30884950|19094|517704|531006|3743329|31829536|866710|1592906
q213,dev,v04,vague,skip,0,,1,1,1.0,1.0,1.0,1.0,1.0,1.0,530043|866714|30884950|19094|517704|531006|3743329|31829536|866710|1592906
q213,dev,v04,vague,oracle:vocal_gender,0,,1,1,1.0,1.0,1.0,1.0,1.0,1.0,530043|866714|30884950|19094|517704|531006|3743329|31829536|866710|1592906
q213,dev,v04,vague,oracle:type,0,,1,1,1.0,1.0,1.0,1.0,1.0,1.0,530043|866714|30884950|19094|517704|531006|3743329|31829536|866710|1592906
q213,dev,v04,vague,oracle:genre,0,,1,1,1.0,1.0,1.0,1.0,1.0,1.0,530043|866714|30884950|19094|517704|531006|3743329|31829536|866710|1592906
q213,dev,v04,vague,oracle:release_era,0,,1,1,1.0,1.0,1.0,1.0,1.0,1.0,530043|866714|30884950|19094|517704|531006|3743329|31829536|866710|1592906
q213,dev,v04,vague,noisy:vocal_gender,0,,1,1,1.0,1.0,1.0,1.0,1.0,1.0,530043|866714|30884950|19094|517704|531006|3743329|31829536|866710|1592906
q213,dev,v04,vague,noisy:type,0,,1,1,1.0,1.0,1.0,1.0,1.0,1.0,530043|866714|30884950|19094|517704|531006|3743329|31829536|866710|1592906
q213,dev,v04,vague,noisy:genre,0,,1,1,1.0,1.0,1.0,1.0,1.0,1.0,530043|866714|30884950|19094|517704|531006|3743329|31829536|866710|1592906
q213,dev,v04,vague,noisy:release_era,0,,1,1,1.0,1.0,1.0,1.0,1.0,1.0,530043|866714|30884950|19094|517704|531006|3743329|31829536|866710|1592906
q213,dev,v04,vague,rule:oracle,0,,1,1,1.0,1.0,1.0,1.0,1.0,1.0,530043|866714|30884950|19094|517704|531006|3743329|31829536|866710|1592906
q213,dev,v04,vague,rule:noisy,0,,1,1,1.0,1.0,1.0,1.0,1.0,1.0,530043|866714|30884950|19094|517704|531006|3743329|31829536|866710|1592906
q213,dev,v04,vague,rule:skip,0,,1,1,1.0,1.0,1.0,1.0,1.0,1.0,530043|866714|30884950|19094|517704|531006|3743329|31829536|866710|1592906
q213,dev,v04,vague,oracle:best,0,,1,1,1.0,1.0,1.0,1.0,1.0,1.0,530043|866714|30884950|19094|517704|531006|3743329|31829536|866710|1592906
q215,dev,v04,vague,initial,1,,1,4,1.0,1.0,1.0,1.0,1.0,1.0,3922071|9620473|5760115|3436083|1590172|3565243|8235260|3397448|500797|91322
q215,dev,v04,vague,reject_only,0,,1,4,1.0,1.0,1.0,1.0,1.0,1.0,3922071|9620473|5760115|3436083|1590172|3565243|8235260|3397448|500797|91322
q215,dev,v04,vague,reject_twice,0,,1,4,1.0,1.0,1.0,1.0,1.0,1.0,3922071|9620473|5760115|3436083|1590172|3565243|8235260|3397448|500797|91322
q215,dev,v04,vague,skip,0,,1,4,1.0,1.0,1.0,1.0,1.0,1.0,3922071|9620473|5760115|3436083|1590172|3565243|8235260|3397448|500797|91322
q215,dev,v04,vague,oracle:vocal_gender,0,,1,4,1.0,1.0,1.0,1.0,1.0,1.0,3922071|9620473|5760115|3436083|1590172|3565243|8235260|3397448|500797|91322
q215,dev,v04,vague,oracle:type,0,,1,4,1.0,1.0,1.0,1.0,1.0,1.0,3922071|9620473|5760115|3436083|1590172|3565243|8235260|3397448|500797|91322
q215,dev,v04,vague,oracle:genre,0,,1,4,1.0,1.0,1.0,1.0,1.0,1.0,3922071|9620473|5760115|3436083|1590172|3565243|8235260|3397448|500797|91322
q215,dev,v04,vague,oracle:release_era,0,,1,4,1.0,1.0,1.0,1.0,1.0,1.0,3922071|9620473|5760115|3436083|1590172|3565243|8235260|3397448|500797|91322
q215,dev,v04,vague,noisy:vocal_gender,0,,1,4,1.0,1.0,1.0,1.0,1.0,1.0,3922071|9620473|5760115|3436083|1590172|3565243|8235260|3397448|500797|91322
q215,dev,v04,vague,noisy:type,0,,1,4,1.0,1.0,1.0,1.0,1.0,1.0,3922071|9620473|5760115|3436083|1590172|3565243|8235260|3397448|500797|91322
q215,dev,v04,vague,noisy:genre,0,,1,4,1.0,1.0,1.0,1.0,1.0,1.0,3922071|9620473|5760115|3436083|1590172|3565243|8235260|3397448|500797|91322
q215,dev,v04,vague,noisy:release_era,0,,1,4,1.0,1.0,1.0,1.0,1.0,1.0,3922071|9620473|5760115|3436083|1590172|3565243|8235260|3397448|500797|91322
q215,dev,v04,vague,rule:oracle,0,,1,4,1.0,1.0,1.0,1.0,1.0,1.0,3922071|9620473|5760115|3436083|1590172|3565243|8235260|3397448|500797|91322
q215,dev,v04,vague,rule:noisy,0,,1,4,1.0,1.0,1.0,1.0,1.0,1.0,3922071|9620473|5760115|3436083|1590172|3565243|8235260|3397448|500797|91322
q215,dev,v04,vague,rule:skip,0,,1,4,1.0,1.0,1.0,1.0,1.0,1.0,3922071|9620473|5760115|3436083|1590172|3565243|8235260|3397448|500797|91322
q215,dev,v04,vague,oracle:best,0,,1,4,1.0,1.0,1.0,1.0,1.0,1.0,3922071|9620473|5760115|3436083|1590172|3565243|8235260|3397448|500797|91322
q218,dev,v04,vague,initial,1,,2,2,1.0,0.0,1.0,1.0,0.5,0.63093,476529|732519|732512|489055|91322|2679548|2540268|1177475|4512170|3436083
q218,dev,v04,vague,reject_only,0,,2,2,1.0,0.0,1.0,1.0,0.5,0.63093,476529|732519|732512|489055|91322|2679548|2540268|1177475|4512170|3436083
q218,dev,v04,vague,reject_twice,0,,2,2,1.0,0.0,1.0,1.0,0.5,0.63093,476529|732519|732512|489055|91322|2679548|2540268|1177475|4512170|3436083
q218,dev,v04,vague,skip,0,,2,2,1.0,0.0,1.0,1.0,0.5,0.63093,476529|732519|732512|489055|91322|2679548|2540268|1177475|4512170|3436083
q218,dev,v04,vague,oracle:vocal_gender,0,,2,2,1.0,0.0,1.0,1.0,0.5,0.63093,476529|732519|732512|489055|91322|2679548|2540268|1177475|4512170|3436083
q218,dev,v04,vague,oracle:type,0,,2,2,1.0,0.0,1.0,1.0,0.5,0.63093,476529|732519|732512|489055|91322|2679548|2540268|1177475|4512170|3436083
q218,dev,v04,vague,oracle:genre,0,,2,2,1.0,0.0,1.0,1.0,0.5,0.63093,476529|732519|732512|489055|91322|2679548|2540268|1177475|4512170|3436083
q218,dev,v04,vague,oracle:release_era,0,,2,2,1.0,0.0,1.0,1.0,0.5,0.63093,476529|732519|732512|489055|91322|2679548|2540268|1177475|4512170|3436083
q218,dev,v04,vague,noisy:vocal_gender,0,,2,2,1.0,0.0,1.0,1.0,0.5,0.63093,476529|732519|732512|489055|91322|2679548|2540268|1177475|4512170|3436083
q218,dev,v04,vague,noisy:type,0,,2,2,1.0,0.0,1.0,1.0,0.5,0.63093,476529|732519|732512|489055|91322|2679548|2540268|1177475|4512170|3436083
q218,dev,v04,vague,noisy:genre,0,,2,2,1.0,0.0,1.0,1.0,0.5,0.63093,476529|732519|732512|489055|91322|2679548|2540268|1177475|4512170|3436083
q218,dev,v04,vague,noisy:release_era,0,,2,2,1.0,0.0,1.0,1.0,0.5,0.63093,476529|732519|732512|489055|91322|2679548|2540268|1177475|4512170|3436083
q218,dev,v04,vague,rule:oracle,0,,2,2,1.0,0.0,1.0,1.0,0.5,0.63093,476529|732519|732512|489055|91322|2679548|2540268|1177475|4512170|3436083
q218,dev,v04,vague,rule:noisy,0,,2,2,1.0,0.0,1.0,1.0,0.5,0.63093,476529|732519|732512|489055|91322|2679548|2540268|1177475|4512170|3436083
q218,dev,v04,vague,rule:skip,0,,2,2,1.0,0.0,1.0,1.0,0.5,0.63093,476529|732519|732512|489055|91322|2679548|2540268|1177475|4512170|3436083
q218,dev,v04,vague,oracle:best,0,,2,2,1.0,0.0,1.0,1.0,0.5,0.63093,476529|732519|732512|489055|91322|2679548|2540268|1177475|4512170|3436083
q219,dev,v04,vague,initial,1,,3,1,1.0,0.0,1.0,1.0,0.333333,0.5,4660909|1204915|2733249|3110565|4011596|4100521|2312253|4237755|1816224|1871159
q219,dev,v04,vague,reject_only,0,,3,1,1.0,0.0,1.0,1.0,0.333333,0.5,4660909|1204915|2733249|3110565|4011596|4100521|2312253|4237755|1816224|1871159
q219,dev,v04,vague,reject_twice,0,,3,1,1.0,0.0,1.0,1.0,0.333333,0.5,4660909|1204915|2733249|3110565|4011596|4100521|2312253|4237755|1816224|1871159
q219,dev,v04,vague,skip,0,,3,1,1.0,0.0,1.0,1.0,0.333333,0.5,4660909|1204915|2733249|3110565|4011596|4100521|2312253|4237755|1816224|1871159
q219,dev,v04,vague,oracle:vocal_gender,0,,3,1,1.0,0.0,1.0,1.0,0.333333,0.5,4660909|1204915|2733249|3110565|4011596|4100521|2312253|4237755|1816224|1871159
q219,dev,v04,vague,oracle:type,0,,3,1,1.0,0.0,1.0,1.0,0.333333,0.5,4660909|1204915|2733249|3110565|4011596|4100521|2312253|4237755|1816224|1871159
q219,dev,v04,vague,oracle:genre,0,,3,1,1.0,0.0,1.0,1.0,0.333333,0.5,4660909|1204915|2733249|3110565|4011596|4100521|2312253|4237755|1816224|1871159
q219,dev,v04,vague,oracle:release_era,0,,3,1,1.0,0.0,1.0,1.0,0.333333,0.5,4660909|1204915|2733249|3110565|4011596|4100521|2312253|4237755|1816224|1871159
q219,dev,v04,vague,noisy:vocal_gender,0,,3,1,1.0,0.0,1.0,1.0,0.333333,0.5,4660909|1204915|2733249|3110565|4011596|4100521|2312253|4237755|1816224|1871159
q219,dev,v04,vague,noisy:type,0,,3,1,1.0,0.0,1.0,1.0,0.333333,0.5,4660909|1204915|2733249|3110565|4011596|4100521|2312253|4237755|1816224|1871159
q219,dev,v04,vague,noisy:genre,0,,3,1,1.0,0.0,1.0,1.0,0.333333,0.5,4660909|1204915|2733249|3110565|4011596|4100521|2312253|4237755|1816224|1871159
q219,dev,v04,vague,noisy:release_era,0,,3,1,1.0,0.0,1.0,1.0,0.333333,0.5,4660909|1204915|2733249|3110565|4011596|4100521|2312253|4237755|1816224|1871159
q219,dev,v04,vague,rule:oracle,0,,3,1,1.0,0.0,1.0,1.0,0.333333,0.5,4660909|1204915|2733249|3110565|4011596|4100521|2312253|4237755|1816224|1871159
q219,dev,v04,vague,rule:noisy,0,,3,1,1.0,0.0,1.0,1.0,0.333333,0.5,4660909|1204915|2733249|3110565|4011596|4100521|2312253|4237755|1816224|1871159
q219,dev,v04,vague,rule:skip,0,,3,1,1.0,0.0,1.0,1.0,0.333333,0.5,4660909|1204915|2733249|3110565|4011596|4100521|2312253|4237755|1816224|1871159
q219,dev,v04,vague,oracle:best,0,,3,1,1.0,0.0,1.0,1.0,0.333333,0.5,4660909|1204915|2733249|3110565|4011596|4100521|2312253|4237755|1816224|1871159
q304,dev,v04,vague,initial,1,,3,3,1.0,0.0,1.0,1.0,0.333333,0.5,5760115|4583481|4583482|3922586|1621412|3818487|5719286|4633162|2312253|4108714
q304,dev,v04,vague,reject_only,0,,3,3,1.0,0.0,1.0,1.0,0.333333,0.5,5760115|4583481|4583482|3922586|1621412|3818487|5719286|4633162|2312253|4108714
q304,dev,v04,vague,reject_twice,0,,3,3,1.0,0.0,1.0,1.0,0.333333,0.5,5760115|4583481|4583482|3922586|1621412|3818487|5719286|4633162|2312253|4108714
q304,dev,v04,vague,skip,0,,3,3,1.0,0.0,1.0,1.0,0.333333,0.5,5760115|4583481|4583482|3922586|1621412|3818487|5719286|4633162|2312253|4108714
q304,dev,v04,vague,oracle:vocal_gender,0,,3,3,1.0,0.0,1.0,1.0,0.333333,0.5,5760115|4583481|4583482|3922586|1621412|3818487|5719286|4633162|2312253|4108714
q304,dev,v04,vague,oracle:type,0,,3,3,1.0,0.0,1.0,1.0,0.333333,0.5,5760115|4583481|4583482|3922586|1621412|3818487|5719286|4633162|2312253|4108714
q304,dev,v04,vague,oracle:genre,0,,3,3,1.0,0.0,1.0,1.0,0.333333,0.5,5760115|4583481|4583482|3922586|1621412|3818487|5719286|4633162|2312253|4108714
q304,dev,v04,vague,oracle:release_era,0,,3,3,1.0,0.0,1.0,1.0,0.333333,0.5,5760115|4583481|4583482|3922586|1621412|3818487|5719286|4633162|2312253|4108714
q304,dev,v04,vague,noisy:vocal_gender,0,,3,3,1.0,0.0,1.0,1.0,0.333333,0.5,5760115|4583481|4583482|3922586|1621412|3818487|5719286|4633162|2312253|4108714
q304,dev,v04,vague,noisy:type,0,,3,3,1.0,0.0,1.0,1.0,0.333333,0.5,5760115|4583481|4583482|3922586|1621412|3818487|5719286|4633162|2312253|4108714
q304,dev,v04,vague,noisy:genre,0,,3,3,1.0,0.0,1.0,1.0,0.333333,0.5,5760115|4583481|4583482|3922586|1621412|3818487|5719286|4633162|2312253|4108714
q304,dev,v04,vague,noisy:release_era,0,,3,3,1.0,0.0,1.0,1.0,0.333333,0.5,5760115|4583481|4583482|3922586|1621412|3818487|5719286|4633162|2312253|4108714
q304,dev,v04,vague,rule:oracle,0,,3,3,1.0,0.0,1.0,1.0,0.333333,0.5,5760115|4583481|4583482|3922586|1621412|3818487|5719286|4633162|2312253|4108714
q304,dev,v04,vague,rule:noisy,0,,3,3,1.0,0.0,1.0,1.0,0.333333,0.5,5760115|4583481|4583482|3922586|1621412|3818487|5719286|4633162|2312253|4108714
q304,dev,v04,vague,rule:skip,0,,3,3,1.0,0.0,1.0,1.0,0.333333,0.5,5760115|4583481|4583482|3922586|1621412|3818487|5719286|4633162|2312253|4108714
q304,dev,v04,vague,oracle:best,0,,3,3,1.0,0.0,1.0,1.0,0.333333,0.5,5760115|4583481|4583482|3922586|1621412|3818487|5719286|4633162|2312253|4108714
q307,dev,v04,vague,initial,1,,2,2,1.0,0.0,1.0,1.0,0.5,0.63093,1177475|30341745|3818487|30181278|4108714|1726654|31477685|3427926|429656|1984780
q307,dev,v04,vague,reject_only,0,,2,2,1.0,0.0,1.0,1.0,0.5,0.63093,1177475|30341745|3818487|30181278|4108714|1726654|31477685|3427926|429656|1984780
q307,dev,v04,vague,reject_twice,0,,2,2,1.0,0.0,1.0,1.0,0.5,0.63093,1177475|30341745|3818487|30181278|4108714|1726654|31477685|3427926|429656|1984780
q307,dev,v04,vague,skip,0,,2,2,1.0,0.0,1.0,1.0,0.5,0.63093,1177475|30341745|3818487|30181278|4108714|1726654|31477685|3427926|429656|1984780
q307,dev,v04,vague,oracle:vocal_gender,0,,2,2,1.0,0.0,1.0,1.0,0.5,0.63093,1177475|30341745|3818487|30181278|4108714|1726654|31477685|3427926|429656|1984780
q307,dev,v04,vague,oracle:type,0,,2,2,1.0,0.0,1.0,1.0,0.5,0.63093,1177475|30341745|3818487|30181278|4108714|1726654|31477685|3427926|429656|1984780
q307,dev,v04,vague,oracle:genre,0,,2,2,1.0,0.0,1.0,1.0,0.5,0.63093,1177475|30341745|3818487|30181278|4108714|1726654|31477685|3427926|429656|1984780
q307,dev,v04,vague,oracle:release_era,0,,2,2,1.0,0.0,1.0,1.0,0.5,0.63093,1177475|30341745|3818487|30181278|4108714|1726654|31477685|3427926|429656|1984780
q307,dev,v04,vague,noisy:vocal_gender,0,,2,2,1.0,0.0,1.0,1.0,0.5,0.63093,1177475|30341745|3818487|30181278|4108714|1726654|31477685|3427926|429656|1984780
q307,dev,v04,vague,noisy:type,0,,2,2,1.0,0.0,1.0,1.0,0.5,0.63093,1177475|30341745|3818487|30181278|4108714|1726654|31477685|3427926|429656|1984780
q307,dev,v04,vague,noisy:genre,0,,2,2,1.0,0.0,1.0,1.0,0.5,0.63093,1177475|30341745|3818487|30181278|4108714|1726654|31477685|3427926|429656|1984780
q307,dev,v04,vague,noisy:release_era,0,,2,2,1.0,0.0,1.0,1.0,0.5,0.63093,1177475|30341745|3818487|30181278|4108714|1726654|31477685|3427926|429656|1984780
q307,dev,v04,vague,rule:oracle,0,,2,2,1.0,0.0,1.0,1.0,0.5,0.63093,1177475|30341745|3818487|30181278|4108714|1726654|31477685|3427926|429656|1984780
q307,dev,v04,vague,rule:noisy,0,,2,2,1.0,0.0,1.0,1.0,0.5,0.63093,1177475|30341745|3818487|30181278|4108714|1726654|31477685|3427926|429656|1984780
q307,dev,v04,vague,rule:skip,0,,2,2,1.0,0.0,1.0,1.0,0.5,0.63093,1177475|30341745|3818487|30181278|4108714|1726654|31477685|3427926|429656|1984780
q307,dev,v04,vague,oracle:best,0,,2,2,1.0,0.0,1.0,1.0,0.5,0.63093,1177475|30341745|3818487|30181278|4108714|1726654|31477685|3427926|429656|1984780
q308,dev,v04,vague,initial,1,,1,1,1.0,1.0,1.0,1.0,1.0,1.0,1850253|1914864|971439|1932604|2733249|2312253|1850242|1199786|8143111|4100521
q308,dev,v04,vague,reject_only,0,,1,1,1.0,1.0,1.0,1.0,1.0,1.0,1850253|1914864|971439|1932604|2733249|2312253|1850242|1199786|8143111|4100521
q308,dev,v04,vague,reject_twice,0,,1,1,1.0,1.0,1.0,1.0,1.0,1.0,1850253|1914864|971439|1932604|2733249|2312253|1850242|1199786|8143111|4100521
q308,dev,v04,vague,skip,0,,1,1,1.0,1.0,1.0,1.0,1.0,1.0,1850253|1914864|971439|1932604|2733249|2312253|1850242|1199786|8143111|4100521
q308,dev,v04,vague,oracle:vocal_gender,0,,1,1,1.0,1.0,1.0,1.0,1.0,1.0,1850253|1914864|971439|1932604|2733249|2312253|1850242|1199786|8143111|4100521
q308,dev,v04,vague,oracle:type,0,,1,1,1.0,1.0,1.0,1.0,1.0,1.0,1850253|1914864|971439|1932604|2733249|2312253|1850242|1199786|8143111|4100521
q308,dev,v04,vague,oracle:genre,0,,1,1,1.0,1.0,1.0,1.0,1.0,1.0,1850253|1914864|971439|1932604|2733249|2312253|1850242|1199786|8143111|4100521
q308,dev,v04,vague,oracle:release_era,0,,1,1,1.0,1.0,1.0,1.0,1.0,1.0,1850253|1914864|971439|1932604|2733249|2312253|1850242|1199786|8143111|4100521
q308,dev,v04,vague,noisy:vocal_gender,0,,1,1,1.0,1.0,1.0,1.0,1.0,1.0,1850253|1914864|971439|1932604|2733249|2312253|1850242|1199786|8143111|4100521
q308,dev,v04,vague,noisy:type,0,,1,1,1.0,1.0,1.0,1.0,1.0,1.0,1850253|1914864|971439|1932604|2733249|2312253|1850242|1199786|8143111|4100521
q308,dev,v04,vague,noisy:genre,0,,1,1,1.0,1.0,1.0,1.0,1.0,1.0,1850253|1914864|971439|1932604|2733249|2312253|1850242|1199786|8143111|4100521
q308,dev,v04,vague,noisy:release_era,0,,1,1,1.0,1.0,1.0,1.0,1.0,1.0,1850253|1914864|971439|1932604|2733249|2312253|1850242|1199786|8143111|4100521
q308,dev,v04,vague,rule:oracle,0,,1,1,1.0,1.0,1.0,1.0,1.0,1.0,1850253|1914864|971439|1932604|2733249|2312253|1850242|1199786|8143111|4100521
q308,dev,v04,vague,rule:noisy,0,,1,1,1.0,1.0,1.0,1.0,1.0,1.0,1850253|1914864|971439|1932604|2733249|2312253|1850242|1199786|8143111|4100521
q308,dev,v04,vague,rule:skip,0,,1,1,1.0,1.0,1.0,1.0,1.0,1.0,1850253|1914864|971439|1932604|2733249|2312253|1850242|1199786|8143111|4100521
q308,dev,v04,vague,oracle:best,0,,1,1,1.0,1.0,1.0,1.0,1.0,1.0,1850253|1914864|971439|1932604|2733249|2312253|1850242|1199786|8143111|4100521
q310,dev,v04,vague,initial,1,,2,3,1.0,0.0,1.0,1.0,0.5,0.63093,8155478|30054344|4047160|4024692|3820647|8189661|5394265|423507|4020215|9620473
q310,dev,v04,vague,reject_only,0,,2,3,1.0,0.0,1.0,1.0,0.5,0.63093,8155478|30054344|4047160|4024692|3820647|8189661|5394265|423507|4020215|9620473
q310,dev,v04,vague,reject_twice,0,,2,3,1.0,0.0,1.0,1.0,0.5,0.63093,8155478|30054344|4047160|4024692|3820647|8189661|5394265|423507|4020215|9620473
q310,dev,v04,vague,skip,0,,2,3,1.0,0.0,1.0,1.0,0.5,0.63093,8155478|30054344|4047160|4024692|3820647|8189661|5394265|423507|4020215|9620473
q310,dev,v04,vague,oracle:vocal_gender,0,,2,3,1.0,0.0,1.0,1.0,0.5,0.63093,8155478|30054344|4047160|4024692|3820647|8189661|5394265|423507|4020215|9620473
q310,dev,v04,vague,oracle:type,0,,2,3,1.0,0.0,1.0,1.0,0.5,0.63093,8155478|30054344|4047160|4024692|3820647|8189661|5394265|423507|4020215|9620473
q310,dev,v04,vague,oracle:genre,0,,2,3,1.0,0.0,1.0,1.0,0.5,0.63093,8155478|30054344|4047160|4024692|3820647|8189661|5394265|423507|4020215|9620473
q310,dev,v04,vague,oracle:release_era,0,,2,3,1.0,0.0,1.0,1.0,0.5,0.63093,8155478|30054344|4047160|4024692|3820647|8189661|5394265|423507|4020215|9620473
q310,dev,v04,vague,noisy:vocal_gender,0,,2,3,1.0,0.0,1.0,1.0,0.5,0.63093,8155478|30054344|4047160|4024692|3820647|8189661|5394265|423507|4020215|9620473
q310,dev,v04,vague,noisy:type,0,,2,3,1.0,0.0,1.0,1.0,0.5,0.63093,8155478|30054344|4047160|4024692|3820647|8189661|5394265|423507|4020215|9620473
q310,dev,v04,vague,noisy:genre,0,,2,3,1.0,0.0,1.0,1.0,0.5,0.63093,8155478|30054344|4047160|4024692|3820647|8189661|5394265|423507|4020215|9620473
q310,dev,v04,vague,noisy:release_era,0,,2,3,1.0,0.0,1.0,1.0,0.5,0.63093,8155478|30054344|4047160|4024692|3820647|8189661|5394265|423507|4020215|9620473
q310,dev,v04,vague,rule:oracle,0,,2,3,1.0,0.0,1.0,1.0,0.5,0.63093,8155478|30054344|4047160|4024692|3820647|8189661|5394265|423507|4020215|9620473
q310,dev,v04,vague,rule:noisy,0,,2,3,1.0,0.0,1.0,1.0,0.5,0.63093,8155478|30054344|4047160|4024692|3820647|8189661|5394265|423507|4020215|9620473
q310,dev,v04,vague,rule:skip,0,,2,3,1.0,0.0,1.0,1.0,0.5,0.63093,8155478|30054344|4047160|4024692|3820647|8189661|5394265|423507|4020215|9620473
q310,dev,v04,vague,oracle:best,0,,2,3,1.0,0.0,1.0,1.0,0.5,0.63093,8155478|30054344|4047160|4024692|3820647|8189661|5394265|423507|4020215|9620473
q311,dev,v04,vague,initial,1,,1,1,1.0,1.0,1.0,1.0,1.0,1.0,2320988|2135469|2135470|2117748|2100540|2289852|2593618|3448185|3403761|529850
q311,dev,v04,vague,reject_only,0,,1,1,1.0,1.0,1.0,1.0,1.0,1.0,2320988|2135469|2135470|2117748|2100540|2289852|2593618|3448185|3403761|529850
q311,dev,v04,vague,reject_twice,0,,1,1,1.0,1.0,1.0,1.0,1.0,1.0,2320988|2135469|2135470|2117748|2100540|2289852|2593618|3448185|3403761|529850
q311,dev,v04,vague,skip,0,,1,1,1.0,1.0,1.0,1.0,1.0,1.0,2320988|2135469|2135470|2117748|2100540|2289852|2593618|3448185|3403761|529850
q311,dev,v04,vague,oracle:vocal_gender,0,,1,1,1.0,1.0,1.0,1.0,1.0,1.0,2320988|2135469|2135470|2117748|2100540|2289852|2593618|3448185|3403761|529850
q311,dev,v04,vague,oracle:type,0,,1,1,1.0,1.0,1.0,1.0,1.0,1.0,2320988|2135469|2135470|2117748|2100540|2289852|2593618|3448185|3403761|529850
q311,dev,v04,vague,oracle:genre,0,,1,1,1.0,1.0,1.0,1.0,1.0,1.0,2320988|2135469|2135470|2117748|2100540|2289852|2593618|3448185|3403761|529850
q311,dev,v04,vague,oracle:release_era,0,,1,1,1.0,1.0,1.0,1.0,1.0,1.0,2320988|2135469|2135470|2117748|2100540|2289852|2593618|3448185|3403761|529850
q311,dev,v04,vague,noisy:vocal_gender,0,,1,1,1.0,1.0,1.0,1.0,1.0,1.0,2320988|2135469|2135470|2117748|2100540|2289852|2593618|3448185|3403761|529850
q311,dev,v04,vague,noisy:type,0,,1,1,1.0,1.0,1.0,1.0,1.0,1.0,2320988|2135469|2135470|2117748|2100540|2289852|2593618|3448185|3403761|529850
q311,dev,v04,vague,noisy:genre,0,,1,1,1.0,1.0,1.0,1.0,1.0,1.0,2320988|2135469|2135470|2117748|2100540|2289852|2593618|3448185|3403761|529850
q311,dev,v04,vague,noisy:release_era,0,,1,1,1.0,1.0,1.0,1.0,1.0,1.0,2320988|2135469|2135470|2117748|2100540|2289852|2593618|3448185|3403761|529850
q311,dev,v04,vague,rule:oracle,0,,1,1,1.0,1.0,1.0,1.0,1.0,1.0,2320988|2135469|2135470|2117748|2100540|2289852|2593618|3448185|3403761|529850
q311,dev,v04,vague,rule:noisy,0,,1,1,1.0,1.0,1.0,1.0,1.0,1.0,2320988|2135469|2135470|2117748|2100540|2289852|2593618|3448185|3403761|529850
q311,dev,v04,vague,rule:skip,0,,1,1,1.0,1.0,1.0,1.0,1.0,1.0,2320988|2135469|2135470|2117748|2100540|2289852|2593618|3448185|3403761|529850
q311,dev,v04,vague,oracle:best,0,,1,1,1.0,1.0,1.0,1.0,1.0,1.0,2320988|2135469|2135470|2117748|2100540|2289852|2593618|3448185|3403761|529850
q312,dev,v04,vague,initial,1,,3,3,1.0,0.0,1.0,1.0,0.333333,0.5,31304766|30948698|4543502|4535038|32003395|866710|30467550|31406357|31706215|3436083
q312,dev,v04,vague,reject_only,0,,3,3,1.0,0.0,1.0,1.0,0.333333,0.5,31304766|30948698|4543502|4535038|32003395|866710|30467550|31406357|31706215|3436083
q312,dev,v04,vague,reject_twice,0,,3,3,1.0,0.0,1.0,1.0,0.333333,0.5,31304766|30948698|4543502|4535038|32003395|866710|30467550|31406357|31706215|3436083
q312,dev,v04,vague,skip,0,,3,3,1.0,0.0,1.0,1.0,0.333333,0.5,31304766|30948698|4543502|4535038|32003395|866710|30467550|31406357|31706215|3436083
q312,dev,v04,vague,oracle:vocal_gender,0,,3,3,1.0,0.0,1.0,1.0,0.333333,0.5,31304766|30948698|4543502|4535038|32003395|866710|30467550|31406357|31706215|3436083
q312,dev,v04,vague,oracle:type,0,,3,3,1.0,0.0,1.0,1.0,0.333333,0.5,31304766|30948698|4543502|4535038|32003395|866710|30467550|31406357|31706215|3436083
q312,dev,v04,vague,oracle:genre,0,,3,3,1.0,0.0,1.0,1.0,0.333333,0.5,31304766|30948698|4543502|4535038|32003395|866710|30467550|31406357|31706215|3436083
q312,dev,v04,vague,oracle:release_era,0,,3,3,1.0,0.0,1.0,1.0,0.333333,0.5,31304766|30948698|4543502|4535038|32003395|866710|30467550|31406357|31706215|3436083
q312,dev,v04,vague,noisy:vocal_gender,0,,3,3,1.0,0.0,1.0,1.0,0.333333,0.5,31304766|30948698|4543502|4535038|32003395|866710|30467550|31406357|31706215|3436083
q312,dev,v04,vague,noisy:type,0,,3,3,1.0,0.0,1.0,1.0,0.333333,0.5,31304766|30948698|4543502|4535038|32003395|866710|30467550|31406357|31706215|3436083
q312,dev,v04,vague,noisy:genre,0,,3,3,1.0,0.0,1.0,1.0,0.333333,0.5,31304766|30948698|4543502|4535038|32003395|866710|30467550|31406357|31706215|3436083
q312,dev,v04,vague,noisy:release_era,0,,3,3,1.0,0.0,1.0,1.0,0.333333,0.5,31304766|30948698|4543502|4535038|32003395|866710|30467550|31406357|31706215|3436083
q312,dev,v04,vague,rule:oracle,0,,3,3,1.0,0.0,1.0,1.0,0.333333,0.5,31304766|30948698|4543502|4535038|32003395|866710|30467550|31406357|31706215|3436083
q312,dev,v04,vague,rule:noisy,0,,3,3,1.0,0.0,1.0,1.0,0.333333,0.5,31304766|30948698|4543502|4535038|32003395|866710|30467550|31406357|31706215|3436083
q312,dev,v04,vague,rule:skip,0,,3,3,1.0,0.0,1.0,1.0,0.333333,0.5,31304766|30948698|4543502|4535038|32003395|866710|30467550|31406357|31706215|3436083
q312,dev,v04,vague,oracle:best,0,,3,3,1.0,0.0,1.0,1.0,0.333333,0.5,31304766|30948698|4543502|4535038|32003395|866710|30467550|31406357|31706215|3436083
q313,dev,v04,vague,initial,1,,1,1,1.0,1.0,1.0,1.0,1.0,1.0,31093710|31417871|9620473|430051|30587846|1592995|608151|8254545|4734486|1580618
q313,dev,v04,vague,reject_only,0,,1,1,1.0,1.0,1.0,1.0,1.0,1.0,31093710|31417871|9620473|430051|30587846|1592995|608151|8254545|4734486|1580618
q313,dev,v04,vague,reject_twice,0,,1,1,1.0,1.0,1.0,1.0,1.0,1.0,31093710|31417871|9620473|430051|30587846|1592995|608151|8254545|4734486|1580618
q313,dev,v04,vague,skip,0,,1,1,1.0,1.0,1.0,1.0,1.0,1.0,31093710|31417871|9620473|430051|30587846|1592995|608151|8254545|4734486|1580618
q313,dev,v04,vague,oracle:vocal_gender,0,,1,1,1.0,1.0,1.0,1.0,1.0,1.0,31093710|31417871|9620473|430051|30587846|1592995|608151|8254545|4734486|1580618
q313,dev,v04,vague,oracle:type,0,,1,1,1.0,1.0,1.0,1.0,1.0,1.0,31093710|31417871|9620473|430051|30587846|1592995|608151|8254545|4734486|1580618
q313,dev,v04,vague,oracle:genre,0,,1,1,1.0,1.0,1.0,1.0,1.0,1.0,31093710|31417871|9620473|430051|30587846|1592995|608151|8254545|4734486|1580618
q313,dev,v04,vague,oracle:release_era,0,,1,1,1.0,1.0,1.0,1.0,1.0,1.0,31093710|31417871|9620473|430051|30587846|1592995|608151|8254545|4734486|1580618
q313,dev,v04,vague,noisy:vocal_gender,0,,1,1,1.0,1.0,1.0,1.0,1.0,1.0,31093710|31417871|9620473|430051|30587846|1592995|608151|8254545|4734486|1580618
q313,dev,v04,vague,noisy:type,0,,1,1,1.0,1.0,1.0,1.0,1.0,1.0,31093710|31417871|9620473|430051|30587846|1592995|608151|8254545|4734486|1580618
q313,dev,v04,vague,noisy:genre,0,,1,1,1.0,1.0,1.0,1.0,1.0,1.0,31093710|31417871|9620473|430051|30587846|1592995|608151|8254545|4734486|1580618
q313,dev,v04,vague,noisy:release_era,0,,1,1,1.0,1.0,1.0,1.0,1.0,1.0,31093710|31417871|9620473|430051|30587846|1592995|608151|8254545|4734486|1580618
q313,dev,v04,vague,rule:oracle,0,,1,1,1.0,1.0,1.0,1.0,1.0,1.0,31093710|31417871|9620473|430051|30587846|1592995|608151|8254545|4734486|1580618
q313,dev,v04,vague,rule:noisy,0,,1,1,1.0,1.0,1.0,1.0,1.0,1.0,31093710|31417871|9620473|430051|30587846|1592995|608151|8254545|4734486|1580618
q313,dev,v04,vague,rule:skip,0,,1,1,1.0,1.0,1.0,1.0,1.0,1.0,31093710|31417871|9620473|430051|30587846|1592995|608151|8254545|4734486|1580618
q313,dev,v04,vague,oracle:best,0,,1,1,1.0,1.0,1.0,1.0,1.0,1.0,31093710|31417871|9620473|430051|30587846|1592995|608151|8254545|4734486|1580618
q314,dev,v04,vague,initial,1,,1,1,1.0,1.0,1.0,1.0,1.0,1.0,525682|1589039|8102386|1099594|104110|1086029|31304766|621108|2270749|1854856
q314,dev,v04,vague,reject_only,0,,1,1,1.0,1.0,1.0,1.0,1.0,1.0,525682|1589039|8102386|1099594|104110|1086029|31304766|621108|2270749|1854856
q314,dev,v04,vague,reject_twice,0,,1,1,1.0,1.0,1.0,1.0,1.0,1.0,525682|1589039|8102386|1099594|104110|1086029|31304766|621108|2270749|1854856
q314,dev,v04,vague,skip,0,,1,1,1.0,1.0,1.0,1.0,1.0,1.0,525682|1589039|8102386|1099594|104110|1086029|31304766|621108|2270749|1854856
q314,dev,v04,vague,oracle:vocal_gender,0,,1,1,1.0,1.0,1.0,1.0,1.0,1.0,525682|1589039|8102386|1099594|104110|1086029|31304766|621108|2270749|1854856
q314,dev,v04,vague,oracle:type,0,,1,1,1.0,1.0,1.0,1.0,1.0,1.0,525682|1589039|8102386|1099594|104110|1086029|31304766|621108|2270749|1854856
q314,dev,v04,vague,oracle:genre,0,,1,1,1.0,1.0,1.0,1.0,1.0,1.0,525682|1589039|8102386|1099594|104110|1086029|31304766|621108|2270749|1854856
q314,dev,v04,vague,oracle:release_era,0,,1,1,1.0,1.0,1.0,1.0,1.0,1.0,525682|1589039|8102386|1099594|104110|1086029|31304766|621108|2270749|1854856
q314,dev,v04,vague,noisy:vocal_gender,0,,1,1,1.0,1.0,1.0,1.0,1.0,1.0,525682|1589039|8102386|1099594|104110|1086029|31304766|621108|2270749|1854856
q314,dev,v04,vague,noisy:type,0,,1,1,1.0,1.0,1.0,1.0,1.0,1.0,525682|1589039|8102386|1099594|104110|1086029|31304766|621108|2270749|1854856
q314,dev,v04,vague,noisy:genre,0,,1,1,1.0,1.0,1.0,1.0,1.0,1.0,525682|1589039|8102386|1099594|104110|1086029|31304766|621108|2270749|1854856
q314,dev,v04,vague,noisy:release_era,0,,1,1,1.0,1.0,1.0,1.0,1.0,1.0,525682|1589039|8102386|1099594|104110|1086029|31304766|621108|2270749|1854856
q314,dev,v04,vague,rule:oracle,0,,1,1,1.0,1.0,1.0,1.0,1.0,1.0,525682|1589039|8102386|1099594|104110|1086029|31304766|621108|2270749|1854856
q314,dev,v04,vague,rule:noisy,0,,1,1,1.0,1.0,1.0,1.0,1.0,1.0,525682|1589039|8102386|1099594|104110|1086029|31304766|621108|2270749|1854856
q314,dev,v04,vague,rule:skip,0,,1,1,1.0,1.0,1.0,1.0,1.0,1.0,525682|1589039|8102386|1099594|104110|1086029|31304766|621108|2270749|1854856
q314,dev,v04,vague,oracle:best,0,,1,1,1.0,1.0,1.0,1.0,1.0,1.0,525682|1589039|8102386|1099594|104110|1086029|31304766|621108|2270749|1854856
q315,dev,v04,vague,initial,1,,1,1,1.0,1.0,1.0,1.0,1.0,1.0,7877917|31417871|1210836|8109412|531840|31777113|1374075|3373007|5771304|1213524
q315,dev,v04,vague,reject_only,0,,1,1,1.0,1.0,1.0,1.0,1.0,1.0,7877917|31417871|1210836|8109412|531840|31777113|1374075|3373007|5771304|1213524
q315,dev,v04,vague,reject_twice,0,,1,1,1.0,1.0,1.0,1.0,1.0,1.0,7877917|31417871|1210836|8109412|531840|31777113|1374075|3373007|5771304|1213524
q315,dev,v04,vague,skip,0,,1,1,1.0,1.0,1.0,1.0,1.0,1.0,7877917|31417871|1210836|8109412|531840|31777113|1374075|3373007|5771304|1213524
q315,dev,v04,vague,oracle:vocal_gender,0,,1,1,1.0,1.0,1.0,1.0,1.0,1.0,7877917|31417871|1210836|8109412|531840|31777113|1374075|3373007|5771304|1213524
q315,dev,v04,vague,oracle:type,0,,1,1,1.0,1.0,1.0,1.0,1.0,1.0,7877917|31417871|1210836|8109412|531840|31777113|1374075|3373007|5771304|1213524
q315,dev,v04,vague,oracle:genre,0,,1,1,1.0,1.0,1.0,1.0,1.0,1.0,7877917|31417871|1210836|8109412|531840|31777113|1374075|3373007|5771304|1213524
q315,dev,v04,vague,oracle:release_era,0,,1,1,1.0,1.0,1.0,1.0,1.0,1.0,7877917|31417871|1210836|8109412|531840|31777113|1374075|3373007|5771304|1213524
q315,dev,v04,vague,noisy:vocal_gender,0,,1,1,1.0,1.0,1.0,1.0,1.0,1.0,7877917|31417871|1210836|8109412|531840|31777113|1374075|3373007|5771304|1213524
q315,dev,v04,vague,noisy:type,0,,1,1,1.0,1.0,1.0,1.0,1.0,1.0,7877917|31417871|1210836|8109412|531840|31777113|1374075|3373007|5771304|1213524
q315,dev,v04,vague,noisy:genre,0,,1,1,1.0,1.0,1.0,1.0,1.0,1.0,7877917|31417871|1210836|8109412|531840|31777113|1374075|3373007|5771304|1213524
q315,dev,v04,vague,noisy:release_era,0,,1,1,1.0,1.0,1.0,1.0,1.0,1.0,7877917|31417871|1210836|8109412|531840|31777113|1374075|3373007|5771304|1213524
q315,dev,v04,vague,rule:oracle,0,,1,1,1.0,1.0,1.0,1.0,1.0,1.0,7877917|31417871|1210836|8109412|531840|31777113|1374075|3373007|5771304|1213524
q315,dev,v04,vague,rule:noisy,0,,1,1,1.0,1.0,1.0,1.0,1.0,1.0,7877917|31417871|1210836|8109412|531840|31777113|1374075|3373007|5771304|1213524
q315,dev,v04,vague,rule:skip,0,,1,1,1.0,1.0,1.0,1.0,1.0,1.0,7877917|31417871|1210836|8109412|531840|31777113|1374075|3373007|5771304|1213524
q315,dev,v04,vague,oracle:best,0,,1,1,1.0,1.0,1.0,1.0,1.0,1.0,7877917|31417871|1210836|8109412|531840|31777113|1374075|3373007|5771304|1213524
q316,dev,v04,misinformation,initial,1,vocal_gender,,24,1.0,0.0,0.0,0.0,0.0,0.0,8109412|447863|1379738|732516|3910821|5826447|3436083|30550388|88794|1592906
q316,dev,v04,misinformation,reject_only,1,vocal_gender,,18,1.0,0.0,0.0,0.0,0.0,0.0,2336218|2776748|31324607|1210836|30637982|4535038|529685|431614|1789828|7921208
q316,dev,v04,misinformation,reject_twice,1,vocal_gender,,13,1.0,0.0,0.0,0.0,0.0,0.0,1657769|30486509|530043|4586092|526407|489055|476529|3753302|3853977|5818522
q316,dev,v04,misinformation,skip,1,vocal_gender,,18,1.0,0.0,0.0,0.0,0.0,0.0,2336218|2776748|31324607|1210836|30637982|4535038|529685|431614|1789828|7921208
q316,dev,v04,misinformation,oracle:vocal_gender,1,vocal_gender,1,1,1.0,1.0,1.0,1.0,1.0,1.0,7877917|2336218|2776748|31324607|1210836|30637982|4535038|529685|431614|1789828
q316,dev,v04,misinformation,oracle:type,1,vocal_gender,,18,1.0,0.0,0.0,0.0,0.0,0.0,2336218|2776748|31324607|1210836|30637982|4535038|529685|431614|1789828|7921208
q316,dev,v04,misinformation,oracle:genre,1,vocal_gender,3,3,1.0,0.0,1.0,1.0,0.333333,0.5,476529|3753302|7877917|1177475|2336218|2776748|31324607|1210836|30637982|4535038
q316,dev,v04,misinformation,oracle:release_era,1,vocal_gender,,18,1.0,0.0,0.0,0.0,0.0,0.0,2336218|2776748|31324607|1210836|30637982|4535038|529685|431614|1789828|7921208
q316,dev,v04,misinformation,noisy:vocal_gender,1,vocal_gender,,24,1.0,0.0,0.0,0.0,0.0,0.0,2336218|2776748|31324607|1210836|30637982|4535038|529685|431614|1789828|7921208
q316,dev,v04,misinformation,noisy:type,1,vocal_gender,,18,1.0,0.0,0.0,0.0,0.0,0.0,2336218|2776748|31324607|1210836|30637982|4535038|529685|431614|1789828|7921208
q316,dev,v04,misinformation,noisy:genre,1,vocal_gender,,23,1.0,0.0,0.0,0.0,0.0,0.0,2336218|2776748|31324607|4535038|529685|1789828|7921208|530043|4635701|2109706
q316,dev,v04,misinformation,noisy:release_era,1,vocal_gender,,18,1.0,0.0,0.0,0.0,0.0,0.0,2336218|2776748|31324607|1210836|30637982|4535038|529685|431614|1789828|7921208
q316,dev,v04,misinformation,rule:oracle,1,vocal_gender,1,1,1.0,1.0,1.0,1.0,1.0,1.0,7877917|2336218|2776748|31324607|1210836|30637982|4535038|529685|431614|1789828
q316,dev,v04,misinformation,rule:noisy,1,vocal_gender,,24,1.0,0.0,0.0,0.0,0.0,0.0,2336218|2776748|31324607|1210836|30637982|4535038|529685|431614|1789828|7921208
q316,dev,v04,misinformation,rule:skip,1,vocal_gender,,18,1.0,0.0,0.0,0.0,0.0,0.0,2336218|2776748|31324607|1210836|30637982|4535038|529685|431614|1789828|7921208
q316,dev,v04,misinformation,oracle:best,1,vocal_gender,1,1,1.0,1.0,1.0,1.0,1.0,1.0,7877917|2336218|2776748|31324607|1210836|30637982|4535038|529685|431614|1789828
q318,dev,v04,baseline,initial,1,,1,1,1.0,1.0,1.0,1.0,1.0,1.0,1592995|31161280|2093360|481199|31532438|90693|191093|31477685|34906605|2684572
q318,dev,v04,baseline,reject_only,0,,1,1,1.0,1.0,1.0,1.0,1.0,1.0,1592995|31161280|2093360|481199|31532438|90693|191093|31477685|34906605|2684572
q318,dev,v04,baseline,reject_twice,0,,1,1,1.0,1.0,1.0,1.0,1.0,1.0,1592995|31161280|2093360|481199|31532438|90693|191093|31477685|34906605|2684572
q318,dev,v04,baseline,skip,0,,1,1,1.0,1.0,1.0,1.0,1.0,1.0,1592995|31161280|2093360|481199|31532438|90693|191093|31477685|34906605|2684572
q318,dev,v04,baseline,oracle:vocal_gender,0,,1,1,1.0,1.0,1.0,1.0,1.0,1.0,1592995|31161280|2093360|481199|31532438|90693|191093|31477685|34906605|2684572
q318,dev,v04,baseline,oracle:type,0,,1,1,1.0,1.0,1.0,1.0,1.0,1.0,1592995|31161280|2093360|481199|31532438|90693|191093|31477685|34906605|2684572
q318,dev,v04,baseline,oracle:genre,0,,1,1,1.0,1.0,1.0,1.0,1.0,1.0,1592995|31161280|2093360|481199|31532438|90693|191093|31477685|34906605|2684572
q318,dev,v04,baseline,oracle:release_era,0,,1,1,1.0,1.0,1.0,1.0,1.0,1.0,1592995|31161280|2093360|481199|31532438|90693|191093|31477685|34906605|2684572
q318,dev,v04,baseline,noisy:vocal_gender,0,,1,1,1.0,1.0,1.0,1.0,1.0,1.0,1592995|31161280|2093360|481199|31532438|90693|191093|31477685|34906605|2684572
q318,dev,v04,baseline,noisy:type,0,,1,1,1.0,1.0,1.0,1.0,1.0,1.0,1592995|31161280|2093360|481199|31532438|90693|191093|31477685|34906605|2684572
q318,dev,v04,baseline,noisy:genre,0,,1,1,1.0,1.0,1.0,1.0,1.0,1.0,1592995|31161280|2093360|481199|31532438|90693|191093|31477685|34906605|2684572
q318,dev,v04,baseline,noisy:release_era,0,,1,1,1.0,1.0,1.0,1.0,1.0,1.0,1592995|31161280|2093360|481199|31532438|90693|191093|31477685|34906605|2684572
q318,dev,v04,baseline,rule:oracle,0,,1,1,1.0,1.0,1.0,1.0,1.0,1.0,1592995|31161280|2093360|481199|31532438|90693|191093|31477685|34906605|2684572
q318,dev,v04,baseline,rule:noisy,0,,1,1,1.0,1.0,1.0,1.0,1.0,1.0,1592995|31161280|2093360|481199|31532438|90693|191093|31477685|34906605|2684572
q318,dev,v04,baseline,rule:skip,0,,1,1,1.0,1.0,1.0,1.0,1.0,1.0,1592995|31161280|2093360|481199|31532438|90693|191093|31477685|34906605|2684572
q318,dev,v04,baseline,oracle:best,0,,1,1,1.0,1.0,1.0,1.0,1.0,1.0,1592995|31161280|2093360|481199|31532438|90693|191093|31477685|34906605|2684572
