query_id,split,tier,policy,target_id,turn,slot,answer_kind,answer_value,options,rejected,rank,candidate_rank@30,relaxed_rank,shown_ids,candidate_ids
c603,dev,vague,flow:reject,2967751,1,,,,,0,,,1,3411851|3337773|33691794|3928194|32397381|106215|33510307|529685|4300699|104372,106215|3411851|2336218|33691794|529685|602376988|104372|3337773|1563629|31406357|485716|37069064|105714|3485088|28132|32034629|3928194|36062335|482521|3170749|1416893|1068643|1110715|1379738|2759248|3534941|33510307|4300699|602068294|32397381
c603,dev,vague,flow:reject,2967751,2,,none,,,10,4,22,4,32491274|34431086|31406357|2967751|485716|1416893|3170749|2759248|3485088|37023625,2336218|602376988|1563629|31406357|485716|37069064|105714|3485088|28132|32034629|36062335|482521|3170749|1416893|1068643|1110715|1379738|2759248|3534941|602068294|32491274|2967751|37023625|1592906|34657844|2566853|62303|34431086|317991|35920493
c603,dev,vague,flow:skip,2967751,1,,,,,0,,,1,3411851|3337773|33691794|3928194|32397381|106215|33510307|529685|4300699|104372,106215|3411851|2336218|33691794|529685|602376988|104372|3337773|1563629|31406357|485716|37069064|105714|3485088|28132|32034629|3928194|36062335|482521|3170749|1416893|1068643|1110715|1379738|2759248|3534941|33510307|4300699|602068294|32397381
c603,dev,vague,flow:skip,2967751,2,genre,skip,,발라드:13|R&B/Soul:3|랩/힙합:3|댄스:1,10,4,22,4,32491274|34431086|31406357|2967751|485716|1416893|3170749|2759248|3485088|37023625,2336218|602376988|1563629|31406357|485716|37069064|105714|3485088|28132|32034629|36062335|482521|3170749|1416893|1068643|1110715|1379738|2759248|3534941|602068294|32491274|2967751|37023625|1592906|34657844|2566853|62303|34431086|317991|35920493
c603,dev,vague,flow:oracle,2967751,1,,,,,0,,,1,3411851|3337773|33691794|3928194|32397381|106215|33510307|529685|4300699|104372,106215|3411851|2336218|33691794|529685|602376988|104372|3337773|1563629|31406357|485716|37069064|105714|3485088|28132|32034629|3928194|36062335|482521|3170749|1416893|1068643|1110715|1379738|2759248|3534941|33510307|4300699|602068294|32397381
c603,dev,vague,flow:oracle,2967751,2,genre,skip,,발라드:13|R&B/Soul:3|랩/힙합:3|댄스:1,10,4,22,4,32491274|34431086|31406357|2967751|485716|1416893|3170749|2759248|3485088|37023625,2336218|602376988|1563629|31406357|485716|37069064|105714|3485088|28132|32034629|36062335|482521|3170749|1416893|1068643|1110715|1379738|2759248|3534941|602068294|32491274|2967751|37023625|1592906|34657844|2566853|62303|34431086|317991|35920493
c603,dev,vague,flow:noisy,2967751,1,,,,,0,,,1,3411851|3337773|33691794|3928194|32397381|106215|33510307|529685|4300699|104372,106215|3411851|2336218|33691794|529685|602376988|104372|3337773|1563629|31406357|485716|37069064|105714|3485088|28132|32034629|3928194|36062335|482521|3170749|1416893|1068643|1110715|1379738|2759248|3534941|33510307|4300699|602068294|32397381
c603,dev,vague,flow:noisy,2967751,2,genre,noisy,발라드,발라드:13|R&B/Soul:3|랩/힙합:3|댄스:1,10,4,28,4,32491274|34431086|31406357|2967751|32034629|37023625|2759248|1416893|1379738|3485088,2336218|1563629|31406357|37069064|3485088|28132|32034629|36062335|482521|1416893|1110715|1379738|2759248|32491274|37023625|1592906|34657844|2566853|34431086|35920493|602376988|485716|105714|3170749|1068643|3534941|602068294|2967751|62303|317991
c701,dev,misinformation,flow:reject,4412196,1,,,,,0,,,,4038857|30178900|30190630|4446485|30157753|4375626|30177818|32311870|4044859|2759248,4038857|7942948|523274|622912|4446485|32323639|4388702|5684791|30178900|2759248|30877002|686637|1459456|89806|3052054|1190874|2627950|36394038|33618864|30157753|32311870|4044859|30190630|4056159|30177818|3018898|1798588|4375626|31983112|32378104
c701,dev,misinformation,flow:reject,4412196,2,,none,,,10,,28,,30169383|32323639|32364000|4388702|686637|1459456|30877002|523274|622912|89806,7942948|523274|622912|32323639|4388702|5684791|30877002|2627950|686637|1459456|89806|3052054|32364000|602427189|602334315|1190874|30169383|1116679|425634|36394038|33618864|1521142|4056159|3018898|1798588|31983112|32378104|4412196|2319548|4092790
c701,dev,misinformation,flow:reject,4412196,3,,none,,,20,,24,,30132687|1116679|623902|3052054|602334315|425634|1521142|2627950|36382580|848156,7942948|5684791|2627950|33618864|36394038|3052054|602427189|602334315|1190874|1116679|425634|31984204|36382580|848156|1521142|432357|623902|1540132|4056159|3018898|1798588|31983112|32378104|4412196|2319548|4092790|31938460|1032760|667278|30132687
c701,dev,misinformation,flow:skip,4412196,1,,,,,0,,,,4038857|30178900|30190630|4446485|30157753|4375626|30177818|32311870|4044859|2759248,4038857|7942948|523274|622912|4446485|32323639|4388702|5684791|30178900|2759248|30877002|686637|1459456|89806|3052054|1190874|2627950|36394038|33618864|30157753|32311870|4044859|30190630|4056159|30177818|3018898|1798588|4375626|31983112|32378104
c701,dev,misinformation,flow:skip,4412196,2,vocal_gender,skip,,남성:15|여성:5,10,,28,,30169383|32323639|32364000|4388702|686637|1459456|30877002|523274|622912|89806,7942948|523274|622912|32323639|4388702|5684791|30877002|2627950|686637|1459456|89806|3052054|32364000|602427189|602334315|1190874|30169383|1116679|425634|36394038|33618864|1521142|4056159|3018898|1798588|31983112|32378104|4412196|2319548|4092790
c701,dev,misinformation,flow:skip,4412196,3,,none,,,20,,24,,30132687|1116679|623902|3052054|602334315|425634|1521142|2627950|36382580|848156,7942948|5684791|2627950|33618864|36394038|3052054|602427189|602334315|1190874|1116679|425634|31984204|36382580|848156|1521142|432357|623902|1540132|4056159|3018898|1798588|31983112|32378104|4412196|2319548|4092790|31938460|1032760|667278|30132687
c701,dev,misinformation,flow:oracle,4412196,1,,,,,0,,,,4038857|30178900|30190630|4446485|30157753|4375626|30177818|32311870|4044859|2759248,4038857|7942948|523274|622912|4446485|32323639|4388702|5684791|30178900|2759248|30877002|686637|1459456|89806|3052054|1190874|2627950|36394038|33618864|30157753|32311870|4044859|30190630|4056159|30177818|3018898|1798588|4375626|31983112|32378104
c701,dev,misinformation,flow:oracle,4412196,2,vocal_gender,oracle,여성,남성:15|여성:5,10,2,6,2,4056159|4412196|32378104|31983112|1798588|4092790|3018898|2319548|3052054|1459456,4056159|3018898|1798588|31983112|32378104|4412196|2319548|4092790|7942948|523274|622912|32323639|4388702|5684791|30877002|2627950|686637|1459456|89806|3052054|32364000|602427189|602334315|1190874|30169383|1116679|425634|36394038|33618864|1521142
c701,dev,misinformation,flow:noisy,4412196,1,,,,,0,,,,4038857|30178900|30190630|4446485|30157753|4375626|30177818|32311870|4044859|2759248,4038857|7942948|523274|622912|4446485|32323639|4388702|5684791|30178900|2759248|30877002|686637|1459456|89806|3052054|1190874|2627950|36394038|33618864|30157753|32311870|4044859|30190630|4056159|30177818|3018898|1798588|4375626|31983112|32378104
c701,dev,misinformation,flow:noisy,4412196,2,vocal_gender,noisy,남성,남성:15|여성:5,10,,28,,30877002|30169383|686637|1459456|3052054|523274|602334315|622912|89806|1116679,7942948|523274|622912|32323639|4388702|5684791|30877002|2627950|686637|1459456|89806|3052054|32364000|602427189|602334315|1190874|30169383|1116679|425634|36394038|33618864|1521142|4056159|3018898|1798588|31983112|32378104|4412196|2319548|4092790
c701,dev,misinformation,flow:noisy,4412196,3,,none,,,20,,24,,2627950|623902|4388702|30132687|32323639|32364000|1190874|36394038|36382580|848156,7942948|32323639|4388702|5684791|2627950|33618864|36394038|32364000|602427189|1190874|425634|31984204|36382580|848156|1521142|432357|623902|1540132|4056159|3018898|1798588|31983112|32378104|4412196|2319548|4092790|31938460|1032760|667278|30132687
c705,dev,misinformation,flow:reject,1928055,1,,,,,0,,27,,8203900|529685|32323639|4388702|2017349|2627950|530043|490173|32364000|37344905,4388702|36394038|27600|2759248|8203900|32364000|32323639|2627950|530043|37344905|490173|2017349|7985298|602470506|31938046|529685|8122589|9611490|5668985|1901874|8102386|602360405|4038857|5709750|3018898|9629220|1928055|31952592|1798588|31983112
c705,dev,misinformation,flow:reject,1928055,2,,none,,,10,,23,,27600|31938046|8122589|31373277|1667441|602470506|2759248|5668985|32508146|9611490,36394038|27600|2759248|5709750|7985298|602470506|31938046|8122589|1667441|9611490|31373277|32508146|5668985|1901874|622912|8102386|602360405|4038857|848156|1190874|3018898|9629220|1928055|31952592|1798588|31983112|32378104|8071102|4296990|667278
c705,dev,misinformation,flow:reject,1928055,3,,none,,,20,,23,,1416893|1901874|602540604|1116679|848156|4433528|1417550|432357|36394038|4038857,36394038|5709750|8102386|1116679|7985298|1901874|622912|602540604|4433528|1417550|1416893|602360405|602521646|4038857|32491274|848156|30962526|1190874|432357|1798588|3018898|9629220|1928055|31952592|31983112|32378104|8071102|4296990|667278|1266153
c705,dev,misinformation,flow:skip,1928055,1,,,,,0,,27,,8203900|529685|32323639|4388702|2017349|2627950|530043|490173|32364000|37344905,4388702|36394038|27600|2759248|8203900|32364000|32323639|2627950|530043|37344905|490173|2017349|7985298|602470506|31938046|529685|8122589|9611490|5668985|1901874|8102386|602360405|4038857|5709750|3018898|9629220|1928055|31952592|1798588|31983112
c705,dev,misinformation,flow:skip,1928055,2,vocal_gender,skip,,남성:14|여성:6,10,,23,,27600|31938046|8122589|31373277|1667441|602470506|2759248|5668985|32508146|9611490,36394038|27600|2759248|5709750|7985298|602470506|31938046|8122589|1667441|9611490|31373277|32508146|5668985|1901874|622912|8102386|602360405|4038857|848156|1190874|3018898|9629220|1928055|31952592|1798588|31983112|32378104|8071102|4296990|667278
c705,dev,misinformation,flow:skip,1928055,3,,none,,,20,,23,,1416893|1901874|602540604|1116679|848156|4433528|1417550|432357|36394038|4038857,36394038|5709750|8102386|1116679|7985298|1901874|622912|602540604|4433528|1417550|1416893|602360405|602521646|4038857|32491274|848156|30962526|1190874|432357|1798588|3018898|9629220|1928055|31952592|31983112|32378104|8071102|4296990|667278|1266153
c705,dev,misinformation,flow:oracle,1928055,1,,,,,0,,27,,8203900|529685|32323639|4388702|2017349|2627950|530043|490173|32364000|37344905,4388702|36394038|27600|2759248|8203900|32364000|32323639|2627950|530043|37344905|490173|2017349|7985298|602470506|31938046|529685|8122589|9611490|5668985|1901874|8102386|602360405|4038857|5709750|3018898|9629220|1928055|31952592|1798588|31983112
c705,dev,misinformation,flow:oracle,1928055,2,vocal_gender,oracle,여성,남성:14|여성:6,10,2,3,2,3018898|1928055|31952592|4296990|31983112|1798588|32378104|9629220|667278|8071102,3018898|9629220|1928055|31952592|1798588|31983112|32378104|8071102|4296990|667278|36394038|27600|2759248|5709750|7985298|602470506|31938046|8122589|1667441|9611490|31373277|32508146|5668985|1901874|622912|8102386|602360405|4038857|848156|1190874
c705,dev,misinformation,flow:noisy,1928055,1,,,,,0,,27,,8203900|529685|32323639|4388702|2017349|2627950|530043|490173|32364000|37344905,4388702|36394038|27600|2759248|8203900|32364000|32323639|2627950|530043|37344905|490173|2017349|7985298|602470506|31938046|529685|8122589|9611490|5668985|1901874|8102386|602360405|4038857|5709750|3018898|9629220|1928055|31952592|1798588|31983112
c705,dev,misinformation,flow:noisy,1928055,2,vocal_gender,noisy,남성,남성:14|여성:6,10,,23,,31938046|5709750|32508146|602470506|1901874|8122589|31373277|5668985|1667441|27600,36394038|27600|2759248|5709750|7985298|602470506|31938046|8122589|1667441|9611490|31373277|32508146|5668985|1901874|622912|8102386|602360405|4038857|848156|1190874|3018898|9629220|1928055|31952592|1798588|31983112|32378104|8071102|4296990|667278
c705,dev,misinformation,flow:noisy,1928055,3,,none,,,20,,23,,1416893|1116679|848156|602540604|9611490|432357|1190874|4433528|36394038|1417550,36394038|2759248|8102386|1116679|7985298|9611490|622912|602540604|4433528|1417550|1416893|602360405|602521646|4038857|32491274|848156|30962526|1190874|432357|1798588|3018898|9629220|1928055|31952592|31983112|32378104|8071102|4296990|667278|1266153
m302,dev,vague,flow:reject,104868,1,,,,,0,,,1,31608765|30838076|30844118|31286161|30247520|31777113|5476552|35177030|602461390|1746411,601890440|602461390|31777113|5476552|634613|30844118|602429934|602270510|602004262|602873853|31608765|30247520|1698066|602301979|1746411|30838076|5466962|602502007|602466765|3538775|602492233|35177030|445413|1145088|602420877|602324710|8172437|31286161|454477|454476
m302,dev,vague,flow:reject,104868,2,,none,,,10,,,4,2960448|5466962|4118143|602270510|602301766|602355955|602420877|602324710|602492233|602502007,601890440|634613|602429934|602270510|602004262|602873853|1698066|602301979|5466962|602502007|602466765|3538775|602492233|445413|1145088|602420877|602324710|8172437|454477|454476|2960448|4118143|602540602|483640|602355955|104110|602301766|104099|2314377|602320512
m302,dev,vague,flow:reject,104868,3,,none,,,20,,,3,3538775|8172437|454477|454476|602323997|601890440|602429934|3779134|602004262|602873853,602323997|601890440|634613|602429934|602004262|602873853|1698066|602301979|602466765|3538775|445413|1145088|8172437|454477|454476|602540602|483640|104110|104099|2314377|602320512|602437979|419762|32825454|3779134|602452501|602173808|1029603|36518341|2556584
m302,dev,vague,flow:reject,105886,1,,,,,0,,,1,31608765|30838076|30844118|31286161|30247520|31777113|5476552|35177030|602461390|1746411,601890440|602461390|31777113|5476552|634613|30844118|602429934|602270510|602004262|602873853|31608765|30247520|1698066|602301979|1746411|30838076|5466962|602502007|602466765|3538775|602492233|35177030|445413|1145088|602420877|602324710|8172437|31286161|454477|454476
m302,dev,vague,flow:reject,105886,2,,none,,,10,,,4,2960448|5466962|4118143|602270510|602301766|602355955|602420877|602324710|602492233|602502007,601890440|634613|602429934|602270510|602004262|602873853|1698066|602301979|5466962|602502007|602466765|3538775|602492233|445413|1145088|602420877|602324710|8172437|454477|454476|2960448|4118143|602540602|483640|602355955|104110|602301766|104099|2314377|602320512
m302,dev,vague,flow:reject,105886,3,,none,,,20,,,3,3538775|8172437|454477|454476|602323997|601890440|602429934|3779134|602004262|602873853,602323997|601890440|634613|602429934|602004262|602873853|1698066|602301979|602466765|3538775|445413|1145088|8172437|454477|454476|602540602|483640|104110|104099|2314377|602320512|602437979|419762|32825454|3779134|602452501|602173808|1029603|36518341|2556584
m302,dev,vague,flow:reject,25629,1,,,,,0,,,1,31608765|30838076|30844118|31286161|30247520|31777113|5476552|35177030|602461390|1746411,601890440|602461390|31777113|5476552|634613|30844118|602429934|602270510|602004262|602873853|31608765|30247520|1698066|602301979|1746411|30838076|5466962|602502007|602466765|3538775|602492233|35177030|445413|1145088|602420877|602324710|8172437|31286161|454477|454476
m302,dev,vague,flow:reject,25629,2,,none,,,10,,,4,2960448|5466962|4118143|602270510|602301766|602355955|602420877|602324710|602492233|602502007,601890440|634613|602429934|602270510|602004262|602873853|1698066|602301979|5466962|602502007|602466765|3538775|602492233|445413|1145088|602420877|602324710|8172437|454477|454476|2960448|4118143|602540602|483640|602355955|104110|602301766|104099|2314377|602320512
m302,dev,vague,flow:reject,25629,3,,none,,,20,,,3,3538775|8172437|454477|454476|602323997|601890440|602429934|3779134|602004262|602873853,602323997|601890440|634613|602429934|602004262|602873853|1698066|602301979|602466765|3538775|445413|1145088|8172437|454477|454476|602540602|483640|104110|104099|2314377|602320512|602437979|419762|32825454|3779134|602452501|602173808|1029603|36518341|2556584
m302,dev,vague,flow:reject,2626610,1,,,,,0,,,1,31608765|30838076|30844118|31286161|30247520|31777113|5476552|35177030|602461390|1746411,601890440|602461390|31777113|5476552|634613|30844118|602429934|602270510|602004262|602873853|31608765|30247520|1698066|602301979|1746411|30838076|5466962|602502007|602466765|3538775|602492233|35177030|445413|1145088|602420877|602324710|8172437|31286161|454477|454476
m302,dev,vague,flow:reject,2626610,2,,none,,,10,,,4,2960448|5466962|4118143|602270510|602301766|602355955|602420877|602324710|602492233|602502007,601890440|634613|602429934|602270510|602004262|602873853|1698066|602301979|5466962|602502007|602466765|3538775|602492233|445413|1145088|602420877|602324710|8172437|454477|454476|2960448|4118143|602540602|483640|602355955|104110|602301766|104099|2314377|602320512
m302,dev,vague,flow:reject,2626610,3,,none,,,20,,,3,3538775|8172437|454477|454476|602323997|601890440|602429934|3779134|602004262|602873853,602323997|601890440|634613|602429934|602004262|602873853|1698066|602301979|602466765|3538775|445413|1145088|8172437|454477|454476|602540602|483640|104110|104099|2314377|602320512|602437979|419762|32825454|3779134|602452501|602173808|1029603|36518341|2556584
m302,dev,vague,flow:reject,4527879,1,,,,,0,,,1,31608765|30838076|30844118|31286161|30247520|31777113|5476552|35177030|602461390|1746411,601890440|602461390|31777113|5476552|634613|30844118|602429934|602270510|602004262|602873853|31608765|30247520|1698066|602301979|1746411|30838076|5466962|602502007|602466765|3538775|602492233|35177030|445413|1145088|602420877|602324710|8172437|31286161|454477|454476
m302,dev,vague,flow:reject,4527879,2,,none,,,10,,,4,2960448|5466962|4118143|602270510|602301766|602355955|602420877|602324710|602492233|602502007,601890440|634613|602429934|602270510|602004262|602873853|1698066|602301979|5466962|602502007|602466765|3538775|602492233|445413|1145088|602420877|602324710|8172437|454477|454476|2960448|4118143|602540602|483640|602355955|104110|602301766|104099|2314377|602320512
m302,dev,vague,flow:reject,4527879,3,,none,,,20,,,3,3538775|8172437|454477|454476|602323997|601890440|602429934|3779134|602004262|602873853,602323997|601890440|634613|602429934|602004262|602873853|1698066|602301979|602466765|3538775|445413|1145088|8172437|454477|454476|602540602|483640|104110|104099|2314377|602320512|602437979|419762|32825454|3779134|602452501|602173808|1029603|36518341|2556584
m302,dev,vague,flow:skip,104868,1,,,,,0,,,1,31608765|30838076|30844118|31286161|30247520|31777113|5476552|35177030|602461390|1746411,601890440|602461390|31777113|5476552|634613|30844118|602429934|602270510|602004262|602873853|31608765|30247520|1698066|602301979|1746411|30838076|5466962|602502007|602466765|3538775|602492233|35177030|445413|1145088|602420877|602324710|8172437|31286161|454477|454476
m302,dev,vague,flow:skip,104868,2,vocal_gender,skip,,남성:14|여성:5|혼성:1,10,,,4,2960448|5466962|4118143|602270510|602301766|602355955|602420877|602324710|602492233|602502007,601890440|634613|602429934|602270510|602004262|602873853|1698066|602301979|5466962|602502007|602466765|3538775|602492233|445413|1145088|602420877|602324710|8172437|454477|454476|2960448|4118143|602540602|483640|602355955|104110|602301766|104099|2314377|602320512
m302,dev,vague,flow:skip,104868,3,genre,skip,,발라드:6|R&B/Soul:4|랩/힙합:4|댄스:3|록/메탈:3,20,,,3,3538775|8172437|454477|454476|602323997|601890440|602429934|3779134|602004262|602873853,602323997|601890440|634613|602429934|602004262|602873853|1698066|602301979|602466765|3538775|445413|1145088|8172437|454477|454476|602540602|483640|104110|104099|2314377|602320512|602437979|419762|32825454|3779134|602452501|602173808|1029603|36518341|2556584
m302,dev,vague,flow:skip,105886,1,,,,,0,,,1,31608765|30838076|30844118|31286161|30247520|31777113|5476552|35177030|602461390|1746411,601890440|602461390|31777113|5476552|634613|30844118|602429934|602270510|602004262|602873853|31608765|30247520|1698066|602301979|1746411|30838076|5466962|602502007|602466765|3538775|602492233|35177030|445413|1145088|602420877|602324710|8172437|31286161|454477|454476
m302,dev,vague,flow:skip,105886,2,vocal_gender,skip,,남성:14|여성:5|혼성:1,10,,,4,2960448|5466962|4118143|602270510|602301766|602355955|602420877|602324710|602492233|602502007,601890440|634613|602429934|602270510|602004262|602873853|1698066|602301979|5466962|602502007|602466765|3538775|602492233|445413|1145088|602420877|602324710|8172437|454477|454476|2960448|4118143|602540602|483640|602355955|104110|602301766|104099|2314377|602320512
m302,dev,vague,flow:skip,105886,3,genre,skip,,발라드:6|R&B/Soul:4|랩/힙합:4|댄스:3|록/메탈:3,20,,,3,3538775|8172437|454477|454476|602323997|601890440|602429934|3779134|602004262|602873853,602323997|601890440|634613|602429934|602004262|602873853|1698066|602301979|602466765|3538775|445413|1145088|8172437|454477|454476|602540602|483640|104110|104099|2314377|602320512|602437979|419762|32825454|3779134|602452501|602173808|1029603|36518341|2556584
m302,dev,vague,flow:skip,25629,1,,,,,0,,,1,31608765|30838076|30844118|31286161|30247520|31777113|5476552|35177030|602461390|1746411,601890440|602461390|31777113|5476552|634613|30844118|602429934|602270510|602004262|602873853|31608765|30247520|1698066|602301979|1746411|30838076|5466962|602502007|602466765|3538775|602492233|35177030|445413|1145088|602420877|602324710|8172437|31286161|454477|454476
m302,dev,vague,flow:skip,25629,2,vocal_gender,skip,,남성:14|여성:5|혼성:1,10,,,4,2960448|5466962|4118143|602270510|602301766|602355955|602420877|602324710|602492233|602502007,601890440|634613|602429934|602270510|602004262|602873853|1698066|602301979|5466962|602502007|602466765|3538775|602492233|445413|1145088|602420877|602324710|8172437|454477|454476|2960448|4118143|602540602|483640|602355955|104110|602301766|104099|2314377|602320512
m302,dev,vague,flow:skip,25629,3,genre,skip,,발라드:6|R&B/Soul:4|랩/힙합:4|댄스:3|록/메탈:3,20,,,3,3538775|8172437|454477|454476|602323997|601890440|602429934|3779134|602004262|602873853,602323997|601890440|634613|602429934|602004262|602873853|1698066|602301979|602466765|3538775|445413|1145088|8172437|454477|454476|602540602|483640|104110|104099|2314377|602320512|602437979|419762|32825454|3779134|602452501|602173808|1029603|36518341|2556584
m302,dev,vague,flow:skip,2626610,1,,,,,0,,,1,31608765|30838076|30844118|31286161|30247520|31777113|5476552|35177030|602461390|1746411,601890440|602461390|31777113|5476552|634613|30844118|602429934|602270510|602004262|602873853|31608765|30247520|1698066|602301979|1746411|30838076|5466962|602502007|602466765|3538775|602492233|35177030|445413|1145088|602420877|602324710|8172437|31286161|454477|454476
m302,dev,vague,flow:skip,2626610,2,vocal_gender,skip,,남성:14|여성:5|혼성:1,10,,,4,2960448|5466962|4118143|602270510|602301766|602355955|602420877|602324710|602492233|602502007,601890440|634613|602429934|602270510|602004262|602873853|1698066|602301979|5466962|602502007|602466765|3538775|602492233|445413|1145088|602420877|602324710|8172437|454477|454476|2960448|4118143|602540602|483640|602355955|104110|602301766|104099|2314377|602320512
m302,dev,vague,flow:skip,2626610,3,genre,skip,,발라드:6|R&B/Soul:4|랩/힙합:4|댄스:3|록/메탈:3,20,,,3,3538775|8172437|454477|454476|602323997|601890440|602429934|3779134|602004262|602873853,602323997|601890440|634613|602429934|602004262|602873853|1698066|602301979|602466765|3538775|445413|1145088|8172437|454477|454476|602540602|483640|104110|104099|2314377|602320512|602437979|419762|32825454|3779134|602452501|602173808|1029603|36518341|2556584
m302,dev,vague,flow:skip,4527879,1,,,,,0,,,1,31608765|30838076|30844118|31286161|30247520|31777113|5476552|35177030|602461390|1746411,601890440|602461390|31777113|5476552|634613|30844118|602429934|602270510|602004262|602873853|31608765|30247520|1698066|602301979|1746411|30838076|5466962|602502007|602466765|3538775|602492233|35177030|445413|1145088|602420877|602324710|8172437|31286161|454477|454476
m302,dev,vague,flow:skip,4527879,2,vocal_gender,skip,,남성:14|여성:5|혼성:1,10,,,,5466962|2960448|4118143|8172437|602301766|602420877|602320512|602492233|602355955|602324710,601890440|634613|602429934|602270510|602004262|602873853|1698066|602301979|5466962|602502007|602466765|3538775|602492233|445413|1145088|602420877|602324710|8172437|454477|454476|2960448|4118143|602540602|483640|602355955|104110|602301766|104099|2314377|602320512
m302,dev,vague,flow:skip,4527879,3,genre,skip,,발라드:6|R&B/Soul:5|댄스:3|록/메탈:3|랩/힙합:3,20,,,2,602323997|602270510|602429934|602004262|602873853|602502007|602466765|602540602|601890440|602437979,602323997|601890440|634613|602429934|602270510|602004262|602873853|1698066|602301979|602502007|602466765|3538775|445413|1145088|454477|454476|602540602|483640|104110|104099|2314377|602437979|419762|32825454|3779134|602452501|602173808|1029603|36518341|2556584
m302,dev,vague,flow:oracle,104868,1,,,,,0,,,1,31608765|30838076|30844118|31286161|30247520|31777113|5476552|35177030|602461390|1746411,601890440|602461390|31777113|5476552|634613|30844118|602429934|602270510|602004262|602873853|31608765|30247520|1698066|602301979|1746411|30838076|5466962|602502007|602466765|3538775|602492233|35177030|445413|1145088|602420877|602324710|8172437|31286161|454477|454476
m302,dev,vague,flow:oracle,104868,2,vocal_gender,oracle,여성,남성:14|여성:5|혼성:1,10,,,4,2960448|4118143|1145088|602270510|602873853|602466765|602492233|602540602|602355955|601890440,602270510|602873853|602466765|602492233|1145088|2960448|4118143|602540602|602355955|601890440|634613|602429934|602004262|1698066|602301979|5466962|602502007|3538775|445413|602420877|602324710|8172437|454477|454476|483640|104110|602301766|104099|2314377|602320512
m302,dev,vague,flow:oracle,104868,3,genre,oracle,발라드,랩/힙합:6|발라드:5|R&B/Soul:4|록/메탈:3|댄스:1|인디음악:1,20,,,3,602323997|32825454|445413|104099|483640|419762|1698066|36518341|602437979|104110,602323997|1698066|445413|483640|104110|104099|602437979|419762|32825454|36518341|634613|602429934|602004262|602301979|5466962|602502007|3538775|602420877|602324710|8172437|454477|454476|602301766|2314377|602320512|3779134|602452501|602173808|1029603|2556584
m302,dev,vague,flow:oracle,105886,1,,,,,0,,,1,31608765|30838076|30844118|31286161|30247520|31777113|5476552|35177030|602461390|1746411,601890440|602461390|31777113|5476552|634613|30844118|602429934|602270510|602004262|602873853|31608765|30247520|1698066|602301979|1746411|30838076|5466962|602502007|602466765|3538775|602492233|35177030|445413|1145088|602420877|602324710|8172437|31286161|454477|454476
m302,dev,vague,flow:oracle,105886,2,vocal_gender,oracle,여성,남성:14|여성:5|혼성:1,10,,,4,2960448|4118143|1145088|602270510|602873853|602466765|602492233|602540602|602355955|601890440,602270510|602873853|602466765|602492233|1145088|2960448|4118143|602540602|602355955|601890440|634613|602429934|602004262|1698066|602301979|5466962|602502007|3538775|445413|602420877|602324710|8172437|454477|454476|483640|104110|602301766|104099|2314377|602320512
m302,dev,vague,flow:oracle,105886,3,genre,oracle,R&B/Soul,랩/힙합:6|발라드:5|R&B/Soul:4|록/메탈:3|댄스:1|인디음악:1,20,,,3,602323997|32825454|602429934|602502007|602324710|8172437|602452501|1029603|602301979|3538775,602323997|602429934|602502007|602324710|8172437|32825454|602452501|1029603|634613|602004262|1698066|602301979|5466962|3538775|445413|602420877|454477|454476|483640|104110|602301766|104099|2314377|602320512|602437979|419762|3779134|602173808|36518341|2556584
m302,dev,vague,flow:oracle,25629,1,,,,,0,,,1,31608765|30838076|30844118|31286161|30247520|31777113|5476552|35177030|602461390|1746411,601890440|602461390|31777113|5476552|634613|30844118|602429934|602270510|602004262|602873853|31608765|30247520|1698066|602301979|1746411|30838076|5466962|602502007|602466765|3538775|602492233|35177030|445413|1145088|602420877|602324710|8172437|31286161|454477|454476
m302,dev,vague,flow:oracle,25629,2,vocal_gender,oracle,여성,남성:14|여성:5|혼성:1,10,,,4,2960448|4118143|1145088|602270510|602873853|602466765|602492233|602540602|602355955|601890440,602270510|602873853|602466765|602492233|1145088|2960448|4118143|602540602|602355955|601890440|634613|602429934|602004262|1698066|602301979|5466962|602502007|3538775|445413|602420877|602324710|8172437|454477|454476|483640|104110|602301766|104099|2314377|602320512
m302,dev,vague,flow:oracle,25629,3,genre,oracle,댄스,랩/힙합:6|발라드:5|R&B/Soul:4|록/메탈:3|댄스:1|인디음악:1,20,,,3,32825454|602323997|602004262|602173808|634613|602429934|1698066|602301979|5466962|602502007,602323997|602004262|32825454|602173808|634613|602429934|1698066|602301979|5466962|602502007|3538775|445413|602420877|602324710|8172437|454477|454476|483640|104110|602301766|104099|2314377|602320512|602437979|419762|3779134|602452501|1029603|36518341|2556584
m302,dev,vague,flow:oracle,2626610,1,,,,,0,,,1,31608765|30838076|30844118|31286161|30247520|31777113|5476552|35177030|602461390|1746411,601890440|602461390|31777113|5476552|634613|30844118|602429934|602270510|602004262|602873853|31608765|30247520|1698066|602301979|1746411|30838076|5466962|602502007|602466765|3538775|602492233|35177030|445413|1145088|602420877|602324710|8172437|31286161|454477|454476
m302,dev,vague,flow:oracle,2626610,2,vocal_gender,oracle,남성,남성:14|여성:5|혼성:1,10,,,4,5466962|3538775|454476|454477|445413|1698066|634613|483640|104110|104099,601890440|634613|602429934|1698066|602301979|5466962|602502007|3538775|445413|602420877|602324710|8172437|454477|454476|483640|104110|602301766|104099|2314377|602320512|602270510|602004262|602873853|602466765|602492233|1145088|2960448|4118143|602540602|602355955
m302,dev,vague,flow:oracle,2626610,3,genre,oracle,발라드,R&B/Soul:9|댄스:5|랩/힙합:5|발라드:1,20,,,7,602437979|419762|36518341|602502007|8172437|602324710|602429934|602420877|602301979|602452501,602437979|419762|36518341|601890440|602429934|602301979|602502007|1145088|602420877|602324710|8172437|602301766|2314377|602320512|3779134|602452501|602173808|1029603|2556584|602323997|602270510|602004262|602873853|602466765|602492233|2960448|4118143|602540602|602355955|32825454
m302,dev,vague,flow:oracle,4527879,1,,,,,0,,,1,31608765|30838076|30844118|31286161|30247520|31777113|5476552|35177030|602461390|1746411,601890440|602461390|31777113|5476552|634613|30844118|602429934|602270510|602004262|602873853|31608765|30247520|1698066|602301979|1746411|30838076|5466962|602502007|602466765|3538775|602492233|35177030|445413|1145088|602420877|602324710|8172437|31286161|454477|454476
m302,dev,vague,flow:oracle,4527879,2,vocal_gender,oracle,남성,남성:14|여성:5|혼성:1,10,,,4,5466962|3538775|454476|454477|445413|1698066|634613|483640|104110|104099,601890440|634613|602429934|1698066|602301979|5466962|602502007|3538775|445413|602420877|602324710|8172437|454477|454476|483640|104110|602301766|104099|2314377|602320512|602270510|602004262|602873853|602466765|602492233|1145088|2960448|4118143|602540602|602355955
m302,dev,vague,flow:oracle,4527879,3,genre,oracle,랩/힙합,R&B/Soul:9|댄스:5|랩/힙합:5|발라드:1,20,,,,2314377|3779134|602420877|602301979|602320512|602301766|602452501|8172437|602324710|602502007,602301979|602420877|602301766|2314377|602320512|3779134|601890440|602429934|602502007|602324710|8172437|602437979|419762|32825454|602452501|602173808|1029603|36518341|2556584|602323997|602270510|602004262|602873853|602466765|602492233|1145088|2960448|4118143|602540602|602355955
m302,dev,vague,flow:noisy,104868,1,,,,,0,,,1,31608765|30838076|30844118|31286161|30247520|31777113|5476552|35177030|602461390|1746411,601890440|602461390|31777113|5476552|634613|30844118|602429934|602270510|602004262|602873853|31608765|30247520|1698066|602301979|1746411|30838076|5466962|602502007|602466765|3538775|602492233|35177030|445413|1145088|602420877|602324710|8172437|31286161|454477|454476
m302,dev,vague,flow:noisy,104868,2,vocal_gender,noisy,남성,남성:14|여성:5|혼성:1,10,,,4,5466962|3538775|454476|454477|445413|1698066|634613|483640|104110|104099,601890440|634613|602429934|1698066|602301979|5466962|602502007|3538775|445413|602420877|602324710|8172437|454477|454476|483640|104110|602301766|104099|2314377|602320512|602270510|602004262|602873853|602466765|602492233|1145088|2960448|4118143|602540602|602355955
m302,dev,vague,flow:noisy,104868,3,genre,noisy,댄스,R&B/Soul:9|댄스:5|랩/힙합:5|발라드:1,20,,,1,601890440|602173808|602429934|602004262|602301979|602502007|602420877|602324710|8172437|602301766,601890440|602173808|602323997|602429934|602004262|602301979|602502007|602466765|602420877|602324710|8172437|2960448|4118143|602301766|2314377|602320512|602437979|419762|3779134|602452501|1029603|36518341|2556584|602270510|602873853|602492233|1145088|602540602|602355955|32825454
m302,dev,vague,flow:noisy,105886,1,,,,,0,,,1,31608765|30838076|30844118|31286161|30247520|31777113|5476552|35177030|602461390|1746411,601890440|602461390|31777113|5476552|634613|30844118|602429934|602270510|602004262|602873853|31608765|30247520|1698066|602301979|1746411|30838076|5466962|602502007|602466765|3538775|602492233|35177030|445413|1145088|602420877|602324710|8172437|31286161|454477|454476
m302,dev,vague,flow:noisy,105886,2,vocal_gender,noisy,남성,남성:14|여성:5|혼성:1,10,,,4,5466962|3538775|454476|454477|445413|1698066|634613|483640|104110|104099,601890440|634613|602429934|1698066|602301979|5466962|602502007|3538775|445413|602420877|602324710|8172437|454477|454476|483640|104110|602301766|104099|2314377|602320512|602270510|602004262|602873853|602466765|602492233|1145088|2960448|4118143|602540602|602355955
m302,dev,vague,flow:noisy,105886,3,genre,noisy,랩/힙합,R&B/Soul:9|댄스:5|랩/힙합:5|발라드:1,20,,,,2314377|3779134|602420877|602301979|602320512|602301766|602452501|8172437|602324710|602502007,602301979|602420877|602301766|2314377|602320512|3779134|601890440|602429934|602502007|602324710|8172437|602437979|419762|32825454|602452501|602173808|1029603|36518341|2556584|602323997|602270510|602004262|602873853|602466765|602492233|1145088|2960448|4118143|602540602|602355955
m302,dev,vague,flow:noisy,25629,1,,,,,0,,,1,31608765|30838076|30844118|31286161|30247520|31777113|5476552|35177030|602461390|1746411,601890440|602461390|31777113|5476552|634613|30844118|602429934|602270510|602004262|602873853|31608765|30247520|1698066|602301979|1746411|30838076|5466962|602502007|602466765|3538775|602492233|35177030|445413|1145088|602420877|602324710|8172437|31286161|454477|454476
m302,dev,vague,flow:noisy,25629,2,vocal_gender,noisy,남성,남성:14|여성:5|혼성:1,10,,,4,5466962|3538775|454476|454477|445413|1698066|634613|483640|104110|104099,601890440|634613|602429934|1698066|602301979|5466962|602502007|3538775|445413|602420877|602324710|8172437|454477|454476|483640|104110|602301766|104099|2314377|602320512|602270510|602004262|602873853|602466765|602492233|1145088|2960448|4118143|602540602|602355955
m302,dev,vague,flow:noisy,25629,3,genre,noisy,발라드,R&B/Soul:9|댄스:5|랩/힙합:5|발라드:1,20,,,7,602437979|419762|36518341|602502007|8172437|602324710|602429934|602420877|602301979|602452501,602437979|419762|36518341|601890440|602429934|602301979|602502007|1145088|602420877|602324710|8172437|602301766|2314377|602320512|3779134|602452501|602173808|1029603|2556584|602323997|602270510|602004262|602873853|602466765|602492233|2960448|4118143|602540602|602355955|32825454
m302,dev,vague,flow:noisy,2626610,1,,,,,0,,,1,31608765|30838076|30844118|31286161|30247520|31777113|5476552|35177030|602461390|1746411,601890440|602461390|31777113|5476552|634613|30844118|602429934|602270510|602004262|602873853|31608765|30247520|1698066|602301979|1746411|30838076|5466962|602502007|602466765|3538775|602492233|35177030|445413|1145088|602420877|602324710|8172437|31286161|454477|454476
m302,dev,vague,flow:noisy,2626610,2,vocal_gender,noisy,여성,남성:14|여성:5|혼성:1,10,,,4,2960448|4118143|1145088|602270510|602873853|602466765|602492233|602540602|602355955|601890440,602270510|602873853|602466765|602492233|1145088|2960448|4118143|602540602|602355955|601890440|634613|602429934|602004262|1698066|602301979|5466962|602502007|3538775|445413|602420877|602324710|8172437|454477|454476|483640|104110|602301766|104099|2314377|602320512
m302,dev,vague,flow:noisy,2626610,3,genre,noisy,댄스,랩/힙합:6|발라드:5|R&B/Soul:4|록/메탈:3|댄스:1|인디음악:1,20,,,3,32825454|602323997|602004262|602173808|634613|602429934|1698066|602301979|5466962|602502007,602323997|602004262|32825454|602173808|634613|602429934|1698066|602301979|5466962|602502007|3538775|445413|602420877|602324710|8172437|454477|454476|483640|104110|602301766|104099|2314377|602320512|602437979|419762|3779134|602452501|1029603|36518341|2556584
m302,dev,vague,flow:noisy,4527879,1,,,,,0,,,1,31608765|30838076|30844118|31286161|30247520|31777113|5476552|35177030|602461390|1746411,601890440|602461390|31777113|5476552|634613|30844118|602429934|602270510|602004262|602873853|31608765|30247520|1698066|602301979|1746411|30838076|5466962|602502007|602466765|3538775|602492233|35177030|445413|1145088|602420877|602324710|8172437|31286161|454477|454476
m302,dev,vague,flow:noisy,4527879,2,vocal_gender,noisy,여성,남성:14|여성:5|혼성:1,10,,,4,2960448|4118143|1145088|602270510|602873853|602466765|602492233|602540602|602355955|601890440,602270510|602873853|602466765|602492233|1145088|2960448|4118143|602540602|602355955|601890440|634613|602429934|602004262|1698066|602301979|5466962|602502007|3538775|445413|602420877|602324710|8172437|454477|454476|483640|104110|602301766|104099|2314377|602320512
m302,dev,vague,flow:noisy,4527879,3,genre,noisy,R&B/Soul,랩/힙합:6|발라드:5|R&B/Soul:4|록/메탈:3|댄스:1|인디음악:1,20,,,3,602323997|32825454|602429934|602502007|602324710|8172437|602452501|1029603|602301979|3538775,602323997|602429934|602502007|602324710|8172437|32825454|602452501|1029603|634613|602004262|1698066|602301979|5466962|3538775|445413|602420877|454477|454476|483640|104110|602301766|104099|2314377|602320512|602437979|419762|3779134|602173808|36518341|2556584
m402,dev,vague,flow:reject,67169,1,,,,,0,,16,2,1099824|2566853|1417550|32034629|527016|602520157|602302119|1144020|36062335|2025250,1417550|36062335|1099824|1144020|2566853|602302119|32034629|602449383|602520157|2025250|32651098|527016|1668957|439947|602441427|67169|1739689|602332743|35890454|602509496|32998018|31406357|31777113|7861392|602360405|602359439|1008495|602539198|602059390|602480536
m402,dev,vague,flow:reject,67169,2,,none,,,10,7,7,1,602508757|602449383|32651098|1668957|439947|602441427|67169|35890454|602509496|32998018,602508757|602449383|32651098|1668957|439947|602441427|67169|36616378|1739689|602332743|35890454|602509496|32998018|31406357|31777113|7861392|602360405|5629186|2276194|602126565|602359439|1008495|602539198|602059390|602480536|602116153|602511536|3018898|32777869|602047697
m402,dev,vague,flow:reject,1467722,1,,,,,0,,,2,1099824|2566853|1417550|32034629|527016|602520157|602302119|1144020|36062335|2025250,1417550|36062335|1099824|1144020|2566853|602302119|32034629|602449383|602520157|2025250|32651098|527016|1668957|439947|602441427|67169|1739689|602332743|35890454|602509496|32998018|31406357|31777113|7861392|602360405|602359439|1008495|602539198|602059390|602480536
m402,dev,vague,flow:reject,1467722,2,,none,,,10,,,1,602508757|602449383|32651098|1668957|439947|602441427|67169|35890454|602509496|32998018,602508757|602449383|32651098|1668957|439947|602441427|67169|36616378|1739689|602332743|35890454|602509496|32998018|31406357|31777113|7861392|602360405|5629186|2276194|602126565|602359439|1008495|602539198|602059390|602480536|602116153|602511536|3018898|32777869|602047697
m402,dev,vague,flow:reject,1467722,3,,none,,,20,,,,602332743|1741110|602126565|5629186|31777113|602359439|1739689|1008495|31532642|602539198,1739689|36616378|1741110|602332743|31406357|31777113|7861392|602360405|5629186|2276194|602479475|9631530|31532642|602126565|602359439|1008495|602539198|602059390|602480536|602116153|602511536|3018898|32777869|602047697|602540045|1649188|485716|602293417|1782451|602470504
m402,dev,vague,flow:reject,4512170,1,,,,,0,,,2,1099824|2566853|1417550|32034629|527016|602520157|602302119|1144020|36062335|2025250,1417550|36062335|1099824|1144020|2566853|602302119|32034629|602449383|602520157|2025250|32651098|527016|1668957|439947|602441427|67169|1739689|602332743|35890454|602509496|32998018|31406357|31777113|7861392|602360405|602359439|1008495|602539198|602059390|602480536
m402,dev,vague,flow:reject,4512170,2,,none,,,10,,,1,602508757|602449383|32651098|1668957|439947|602441427|67169|35890454|602509496|32998018,602508757|602449383|32651098|1668957|439947|602441427|67169|36616378|1739689|602332743|35890454|602509496|32998018|31406357|31777113|7861392|602360405|5629186|2276194|602126565|602359439|1008495|602539198|602059390|602480536|602116153|602511536|3018898|32777869|602047697
m402,dev,vague,flow:reject,4512170,3,,none,,,20,,,,602332743|1741110|602126565|5629186|31777113|602359439|1739689|1008495|31532642|602539198,1739689|36616378|1741110|602332743|31406357|31777113|7861392|602360405|5629186|2276194|602479475|9631530|31532642|602126565|602359439|1008495|602539198|602059390|602480536|602116153|602511536|3018898|32777869|602047697|602540045|1649188|485716|602293417|1782451|602470504
m402,dev,vague,flow:reject,5668985,1,,,,,0,,,2,1099824|2566853|1417550|32034629|527016|602520157|602302119|1144020|36062335|2025250,1417550|36062335|1099824|1144020|2566853|602302119|32034629|602449383|602520157|2025250|32651098|527016|1668957|439947|602441427|67169|1739689|602332743|35890454|602509496|32998018|31406357|31777113|7861392|602360405|602359439|1008495|602539198|602059390|602480536
m402,dev,vague,flow:reject,5668985,2,,none,,,10,,,1,602508757|602449383|32651098|1668957|439947|602441427|67169|35890454|602509496|32998018,602508757|602449383|32651098|1668957|439947|602441427|67169|36616378|1739689|602332743|35890454|602509496|32998018|31406357|31777113|7861392|602360405|5629186|2276194|602126565|602359439|1008495|602539198|602059390|602480536|602116153|602511536|3018898|32777869|602047697
m402,dev,vague,flow:reject,5668985,3,,none,,,20,,,,602332743|1741110|602126565|5629186|31777113|602359439|1739689|1008495|31532642|602539198,1739689|36616378|1741110|602332743|31406357|31777113|7861392|602360405|5629186|2276194|602479475|9631530|31532642|602126565|602359439|1008495|602539198|602059390|602480536|602116153|602511536|3018898|32777869|602047697|602540045|1649188|485716|602293417|1782451|602470504
m402,dev,vague,flow:skip,67169,1,,,,,0,,16,2,1099824|2566853|1417550|32034629|527016|602520157|602302119|1144020|36062335|2025250,1417550|36062335|1099824|1144020|2566853|602302119|32034629|602449383|602520157|2025250|32651098|527016|1668957|439947|602441427|67169|1739689|602332743|35890454|602509496|32998018|31406357|31777113|7861392|602360405|602359439|1008495|602539198|602059390|602480536
m402,dev,vague,flow:skip,67169,2,genre,skip,,발라드:15|R&B/Soul:2|랩/힙합:2|록/메탈:1,10,7,7,1,602508757|602449383|32651098|1668957|439947|602441427|67169|35890454|602509496|32998018,602508757|602449383|32651098|1668957|439947|602441427|67169|36616378|1739689|602332743|35890454|602509496|32998018|31406357|31777113|7861392|602360405|5629186|2276194|602126565|602359439|1008495|602539198|602059390|602480536|602116153|602511536|3018898|32777869|602047697
m402,dev,vague,flow:skip,1467722,1,,,,,0,,,2,1099824|2566853|1417550|32034629|527016|602520157|602302119|1144020|36062335|2025250,1417550|36062335|1099824|1144020|2566853|602302119|32034629|602449383|602520157|2025250|32651098|527016|1668957|439947|602441427|67169|1739689|602332743|35890454|602509496|32998018|31406357|31777113|7861392|602360405|602359439|1008495|602539198|602059390|602480536
m402,dev,vague,flow:skip,1467722,2,genre,skip,,발라드:15|R&B/Soul:2|랩/힙합:2|록/메탈:1,10,,,1,602508757|602449383|32651098|1668957|439947|602441427|67169|35890454|602509496|32998018,602508757|602449383|32651098|1668957|439947|602441427|67169|36616378|1739689|602332743|35890454|602509496|32998018|31406357|31777113|7861392|602360405|5629186|2276194|602126565|602359439|1008495|602539198|602059390|602480536|602116153|602511536|3018898|32777869|602047697
m402,dev,vague,flow:skip,1467722,3,vocal_gender,skip,,남성:18|여성:2,20,,,,602332743|1741110|602126565|5629186|31777113|602359439|1739689|1008495|31532642|602539198,1739689|36616378|1741110|602332743|31406357|31777113|7861392|602360405|5629186|2276194|602479475|9631530|31532642|602126565|602359439|1008495|602539198|602059390|602480536|602116153|602511536|3018898|32777869|602047697|602540045|1649188|485716|602293417|1782451|602470504
m402,dev,vague,flow:skip,4512170,1,,,,,0,,,2,1099824|2566853|1417550|32034629|527016|602520157|602302119|1144020|36062335|2025250,1417550|36062335|1099824|1144020|2566853|602302119|32034629|602449383|602520157|2025250|32651098|527016|1668957|439947|602441427|67169|1739689|602332743|35890454|602509496|32998018|31406357|31777113|7861392|602360405|602359439|1008495|602539198|602059390|602480536
m402,dev,vague,flow:skip,4512170,2,genre,skip,,발라드:15|R&B/Soul:2|랩/힙합:2|록/메탈:1,10,,,1,602508757|602449383|32651098|1668957|439947|602441427|67169|35890454|602509496|32998018,602508757|602449383|32651098|1668957|439947|602441427|67169|36616378|1739689|602332743|35890454|602509496|32998018|31406357|31777113|7861392|602360405|5629186|2276194|602126565|602359439|1008495|602539198|602059390|602480536|602116153|602511536|3018898|32777869|602047697
m402,dev,vague,flow:skip,4512170,3,vocal_gender,skip,,남성:18|여성:2,20,,,,602332743|1741110|602126565|5629186|31777113|602359439|1739689|1008495|31532642|602539198,1739689|36616378|1741110|602332743|31406357|31777113|7861392|602360405|5629186|2276194|602479475|9631530|31532642|602126565|602359439|1008495|602539198|602059390|602480536|602116153|602511536|3018898|32777869|602047697|602540045|1649188|485716|602293417|1782451|602470504
m402,dev,vague,flow:skip,5668985,1,,,,,0,,,2,1099824|2566853|1417550|32034629|527016|602520157|602302119|1144020|36062335|2025250,1417550|36062335|1099824|1144020|2566853|602302119|32034629|602449383|602520157|2025250|32651098|527016|1668957|439947|602441427|67169|1739689|602332743|35890454|602509496|32998018|31406357|31777113|7861392|602360405|602359439|1008495|602539198|602059390|602480536
m402,dev,vague,flow:skip,5668985,2,genre,skip,,발라드:15|R&B/Soul:2|랩/힙합:2|록/메탈:1,10,,,1,602508757|602449383|32651098|1668957|439947|602441427|67169|35890454|602509496|32998018,602508757|602449383|32651098|1668957|439947|602441427|67169|36616378|1739689|602332743|35890454|602509496|32998018|31406357|31777113|7861392|602360405|5629186|2276194|602126565|602359439|1008495|602539198|602059390|602480536|602116153|602511536|3018898|32777869|602047697
m402,dev,vague,flow:skip,5668985,3,vocal_gender,skip,,남성:18|여성:2,20,,,,602332743|1741110|602126565|5629186|31777113|602359439|1739689|1008495|31532642|602539198,1739689|36616378|1741110|602332743|31406357|31777113|7861392|602360405|5629186|2276194|602479475|9631530|31532642|602126565|602359439|1008495|602539198|602059390|602480536|602116153|602511536|3018898|32777869|602047697|602540045|1649188|485716|602293417|1782451|602470504
m402,dev,vague,flow:oracle,67169,1,,,,,0,,16,2,1099824|2566853|1417550|32034629|527016|602520157|602302119|1144020|36062335|2025250,1417550|36062335|1099824|1144020|2566853|602302119|32034629|602449383|602520157|2025250|32651098|527016|1668957|439947|602441427|67169|1739689|602332743|35890454|602509496|32998018|31406357|31777113|7861392|602360405|602359439|1008495|602539198|602059390|602480536
m402,dev,vague,flow:oracle,67169,2,genre,oracle,발라드,발라드:15|R&B/Soul:2|랩/힙합:2|록/메탈:1,10,,7,1,602508757|602449383|32651098|1668957|439947|602441427|35890454|602509496|32998018|31406357,602508757|602449383|32651098|1668957|439947|602441427|67169|36616378|1739689|602332743|35890454|602509496|32998018|31406357|31777113|7861392|602360405|5629186|2276194|3018898|32777869|602126565|602359439|1008495|602539198|602059390|602480536|602116153|602511536|602047697
m402,dev,vague,flow:oracle,67169,3,vocal_gender,oracle,남성,남성:18|여성:2,20,1,2,1,67169|1741110|602332743|602126565|5629186|1739689|602359439|31777113|31532642|36616378,1739689|67169|36616378|1741110|602332743|31777113|7861392|602360405|5629186|2276194|602479475|9631530|31532642|602126565|602359439|1008495|602539198|602059390|602480536|602116153|602511536|3018898|32777869|602047697|602540045|1649188|485716|602293417|1782451|602470504
m402,dev,vague,flow:oracle,1467722,1,,,,,0,,,2,1099824|2566853|1417550|32034629|527016|602520157|602302119|1144020|36062335|2025250,1417550|36062335|1099824|1144020|2566853|602302119|32034629|602449383|602520157|2025250|32651098|527016|1668957|439947|602441427|67169|1739689|602332743|35890454|602509496|32998018|31406357|31777113|7861392|602360405|602359439|1008495|602539198|602059390|602480536
m402,dev,vague,flow:oracle,1467722,2,genre,oracle,발라드,발라드:15|R&B/Soul:2|랩/힙합:2|록/메탈:1,10,,,1,602508757|602449383|32651098|1668957|439947|602441427|35890454|602509496|32998018|31406357,602508757|602449383|32651098|1668957|439947|602441427|67169|36616378|1739689|602332743|35890454|602509496|32998018|31406357|31777113|7861392|602360405|5629186|2276194|3018898|32777869|602126565|602359439|1008495|602539198|602059390|602480536|602116153|602511536|602047697
m402,dev,vague,flow:oracle,1467722,3,vocal_gender,oracle,남성,남성:18|여성:2,20,,,1,67169|1741110|602332743|602126565|5629186|1739689|602359439|31777113|31532642|36616378,1739689|67169|36616378|1741110|602332743|31777113|7861392|602360405|5629186|2276194|602479475|9631530|31532642|602126565|602359439|1008495|602539198|602059390|602480536|602116153|602511536|3018898|32777869|602047697|602540045|1649188|485716|602293417|1782451|602470504
m402,dev,vague,flow:oracle,4512170,1,,,,,0,,,2,1099824|2566853|1417550|32034629|527016|602520157|602302119|1144020|36062335|2025250,1417550|36062335|1099824|1144020|2566853|602302119|32034629|602449383|602520157|2025250|32651098|527016|1668957|439947|602441427|67169|1739689|602332743|35890454|602509496|32998018|31406357|31777113|7861392|602360405|602359439|1008495|602539198|602059390|602480536
m402,dev,vague,flow:oracle,4512170,2,genre,oracle,발라드,발라드:15|R&B/Soul:2|랩/힙합:2|록/메탈:1,10,,,1,602508757|602449383|32651098|1668957|439947|602441427|35890454|602509496|32998018|31406357,602508757|602449383|32651098|1668957|439947|602441427|67169|36616378|1739689|602332743|35890454|602509496|32998018|31406357|31777113|7861392|602360405|5629186|2276194|3018898|32777869|602126565|602359439|1008495|602539198|602059390|602480536|602116153|602511536|602047697
m402,dev,vague,flow:oracle,4512170,3,vocal_gender,oracle,남성,남성:18|여성:2,20,,,1,67169|1741110|602332743|602126565|5629186|1739689|602359439|31777113|31532642|36616378,1739689|67169|36616378|1741110|602332743|31777113|7861392|602360405|5629186|2276194|602479475|9631530|31532642|602126565|602359439|1008495|602539198|602059390|602480536|602116153|602511536|3018898|32777869|602047697|602540045|1649188|485716|602293417|1782451|602470504
m402,dev,vague,flow:oracle,5668985,1,,,,,0,,,2,1099824|2566853|1417550|32034629|527016|602520157|602302119|1144020|36062335|2025250,1417550|36062335|1099824|1144020|2566853|602302119|32034629|602449383|602520157|2025250|32651098|527016|1668957|439947|602441427|67169|1739689|602332743|35890454|602509496|32998018|31406357|31777113|7861392|602360405|602359439|1008495|602539198|602059390|602480536
m402,dev,vague,flow:oracle,5668985,2,genre,oracle,발라드,발라드:15|R&B/Soul:2|랩/힙합:2|록/메탈:1,10,,,1,602508757|602449383|32651098|1668957|439947|602441427|35890454|602509496|32998018|31406357,602508757|602449383|32651098|1668957|439947|602441427|67169|36616378|1739689|602332743|35890454|602509496|32998018|31406357|31777113|7861392|602360405|5629186|2276194|3018898|32777869|602126565|602359439|1008495|602539198|602059390|602480536|602116153|602511536|602047697
m402,dev,vague,flow:oracle,5668985,3,vocal_gender,oracle,남성,남성:18|여성:2,20,,,1,67169|1741110|602332743|602126565|5629186|1739689|602359439|31777113|31532642|36616378,1739689|67169|36616378|1741110|602332743|31777113|7861392|602360405|5629186|2276194|602479475|9631530|31532642|602126565|602359439|1008495|602539198|602059390|602480536|602116153|602511536|3018898|32777869|602047697|602540045|1649188|485716|602293417|1782451|602470504
m402,dev,vague,flow:noisy,67169,1,,,,,0,,16,2,1099824|2566853|1417550|32034629|527016|602520157|602302119|1144020|36062335|2025250,1417550|36062335|1099824|1144020|2566853|602302119|32034629|602449383|602520157|2025250|32651098|527016|1668957|439947|602441427|67169|1739689|602332743|35890454|602509496|32998018|31406357|31777113|7861392|602360405|602359439|1008495|602539198|602059390|602480536
m402,dev,vague,flow:noisy,67169,2,genre,noisy,R&B/Soul,발라드:15|R&B/Soul:2|랩/힙합:2|록/메탈:1,10,,10,6,602359439|602539198|602511536|602449383|602332743|602508757|602441427|32651098|1668957|439947,602359439|602539198|602511536|602508757|602449383|32651098|1668957|439947|602441427|67169|36616378|1739689|602332743|35890454|602509496|32998018|31406357|31777113|7861392|602360405|5629186|2276194|602126565|1008495|602059390|602480536|602116153|3018898|32777869|602047697
m402,dev,vague,flow:noisy,67169,3,vocal_gender,noisy,여성,남성:18|여성:2,20,10,8,10,1782451|3018898|32777869|485716|602540045|602470504|1741110|35890454|36616378|67169,3018898|32777869|602540045|485716|1782451|602470504|1739689|67169|36616378|602509496|1741110|35890454|32998018|31406357|31777113|7861392|602360405|5629186|2276194|602479475|9631530|31532642|602126565|1008495|602059390|602480536|602116153|602047697|1649188|602293417
m402,dev,vague,flow:noisy,1467722,1,,,,,0,,,2,1099824|2566853|1417550|32034629|527016|602520157|602302119|1144020|36062335|2025250,1417550|36062335|1099824|1144020|2566853|602302119|32034629|602449383|602520157|2025250|32651098|527016|1668957|439947|602441427|67169|1739689|602332743|35890454|602509496|32998018|31406357|31777113|7861392|602360405|602359439|1008495|602539198|602059390|602480536
m402,dev,vague,flow:noisy,1467722,2,genre,noisy,R&B/Soul,발라드:15|R&B/Soul:2|랩/힙합:2|록/메탈:1,10,,,6,602359439|602539198|602511536|602449383|602332743|602508757|602441427|32651098|1668957|439947,602359439|602539198|602511536|602508757|602449383|32651098|1668957|439947|602441427|67169|36616378|1739689|602332743|35890454|602509496|32998018|31406357|31777113|7861392|602360405|5629186|2276194|602126565|1008495|602059390|602480536|602116153|3018898|32777869|602047697
m402,dev,vague,flow:noisy,1467722,3,vocal_gender,noisy,여성,남성:18|여성:2,20,,,10,1782451|3018898|32777869|485716|602540045|602470504|1741110|35890454|36616378|67169,3018898|32777869|602540045|485716|1782451|602470504|1739689|67169|36616378|602509496|1741110|35890454|32998018|31406357|31777113|7861392|602360405|5629186|2276194|602479475|9631530|31532642|602126565|1008495|602059390|602480536|602116153|602047697|1649188|602293417
m402,dev,vague,flow:noisy,4512170,1,,,,,0,,,2,1099824|2566853|1417550|32034629|527016|602520157|602302119|1144020|36062335|2025250,1417550|36062335|1099824|1144020|2566853|602302119|32034629|602449383|602520157|2025250|32651098|527016|1668957|439947|602441427|67169|1739689|602332743|35890454|602509496|32998018|31406357|31777113|7861392|602360405|602359439|1008495|602539198|602059390|602480536
m402,dev,vague,flow:noisy,4512170,2,genre,noisy,R&B/Soul,발라드:15|R&B/Soul:2|랩/힙합:2|록/메탈:1,10,,,6,602359439|602539198|602511536|602449383|602332743|602508757|602441427|32651098|1668957|439947,602359439|602539198|602511536|602508757|602449383|32651098|1668957|439947|602441427|67169|36616378|1739689|602332743|35890454|602509496|32998018|31406357|31777113|7861392|602360405|5629186|2276194|602126565|1008495|602059390|602480536|602116153|3018898|32777869|602047697
m402,dev,vague,flow:noisy,4512170,3,vocal_gender,noisy,여성,남성:18|여성:2,20,,,10,1782451|3018898|32777869|485716|602540045|602470504|1741110|35890454|36616378|67169,3018898|32777869|602540045|485716|1782451|602470504|1739689|67169|36616378|602509496|1741110|35890454|32998018|31406357|31777113|7861392|602360405|5629186|2276194|602479475|9631530|31532642|602126565|1008495|602059390|602480536|602116153|602047697|1649188|602293417
m402,dev,vague,flow:noisy,5668985,1,,,,,0,,,2,1099824|2566853|1417550|32034629|527016|602520157|602302119|1144020|36062335|2025250,1417550|36062335|1099824|1144020|2566853|602302119|32034629|602449383|602520157|2025250|32651098|527016|1668957|439947|602441427|67169|1739689|602332743|35890454|602509496|32998018|31406357|31777113|7861392|602360405|602359439|1008495|602539198|602059390|602480536
m402,dev,vague,flow:noisy,5668985,2,genre,noisy,R&B/Soul,발라드:15|R&B/Soul:2|랩/힙합:2|록/메탈:1,10,,,6,602359439|602539198|602511536|602449383|602332743|602508757|602441427|32651098|1668957|439947,602359439|602539198|602511536|602508757|602449383|32651098|1668957|439947|602441427|67169|36616378|1739689|602332743|35890454|602509496|32998018|31406357|31777113|7861392|602360405|5629186|2276194|602126565|1008495|602059390|602480536|602116153|3018898|32777869|602047697
m402,dev,vague,flow:noisy,5668985,3,vocal_gender,noisy,여성,남성:18|여성:2,20,,,10,1782451|3018898|32777869|485716|602540045|602470504|1741110|35890454|36616378|67169,3018898|32777869|602540045|485716|1782451|602470504|1739689|67169|36616378|602509496|1741110|35890454|32998018|31406357|31777113|7861392|602360405|5629186|2276194|602479475|9631530|31532642|602126565|1008495|602059390|602480536|602116153|602047697|1649188|602293417
m403,dev,vague,flow:reject,30849733,1,,,,,0,,,,32298623|31324607|1836102|1576735|602467923|602469319|602496952|32021744|8233373|2102150,1836102|2102150|31324607|1576735|32021744|32298623|30247520|602467923|602378218|602496952|602469319|602173808|602499365|8233373|31286161|602369677|33001672|602047697|454477|601893642|31532438|602540788|30512671|31055324|1932604|32825454|33589488|37463572|5731941|602450289
m403,dev,vague,flow:reject,30849733,2,,none,,,10,,,6,4048381|4645220|5684791|4021445|602378218|30247520|602388655|454477|106172|31532438,4048381|30247520|602378218|4021445|5684791|602388655|4645220|602173808|602499365|31286161|602369677|33001672|602047697|454477|601893642|31532438|602540788|30512671|31055324|1932604|32825454|33589488|37463572|5731941|602450289|1879332|492078|3904614|106172|602437176
m403,dev,vague,flow:reject,30849733,3,,none,,,20,,,,31388145|3436083|602541837|602377791|602428694|5536206|2930971|602540788|1932604|33589488,3436083|5536206|602541837|602428694|602377791|2930971|31388145|602173808|602499365|31286161|602369677|33001672|602047697|601893642|602540788|30512671|31055324|1932604|32825454|33589488|37463572|5731941|602450289|1879332|492078|3904614|602437176|31684634|31684636|1575129
m403,dev,vague,flow:reject,4129672,1,,,,,0,,,,32298623|31324607|1836102|1576735|602467923|602469319|602496952|32021744|8233373|2102150,1836102|2102150|31324607|1576735|32021744|32298623|30247520|602467923|602378218|602496952|602469319|602173808|602499365|8233373|31286161|602369677|33001672|602047697|454477|601893642|31532438|602540788|30512671|31055324|1932604|32825454|33589488|37463572|5731941|602450289
m403,dev,vague,flow:reject,4129672,2,,none,,,10,,,6,4048381|4645220|5684791|4021445|602378218|30247520|602388655|454477|106172|31532438,4048381|30247520|602378218|4021445|5684791|602388655|4645220|602173808|602499365|31286161|602369677|33001672|602047697|454477|601893642|31532438|602540788|30512671|31055324|1932604|32825454|33589488|37463572|5731941|602450289|1879332|492078|3904614|106172|602437176
m403,dev,vague,flow:reject,4129672,3,,none,,,20,,,,31388145|3436083|602541837|602377791|602428694|5536206|2930971|602540788|1932604|33589488,3436083|5536206|602541837|602428694|602377791|2930971|31388145|602173808|602499365|31286161|602369677|33001672|602047697|601893642|602540788|30512671|31055324|1932604|32825454|33589488|37463572|5731941|602450289|1879332|492078|3904614|602437176|31684634|31684636|1575129
m403,dev,vague,flow:skip,30849733,1,,,,,0,,,,32298623|31324607|1836102|1576735|602467923|602469319|602496952|32021744|8233373|2102150,1836102|2102150|31324607|1576735|32021744|32298623|30247520|602467923|602378218|602496952|602469319|602173808|602499365|8233373|31286161|602369677|33001672|602047697|454477|601893642|31532438|602540788|30512671|31055324|1932604|32825454|33589488|37463572|5731941|602450289
m403,dev,vague,flow:skip,30849733,2,vocal_gender,skip,,남성:10|여성:7|혼성:3,10,,,6,4048381|4645220|5684791|4021445|602378218|30247520|602388655|454477|106172|31532438,4048381|30247520|602378218|4021445|5684791|602388655|4645220|602173808|602499365|31286161|602369677|33001672|602047697|454477|601893642|31532438|602540788|30512671|31055324|1932604|32825454|33589488|37463572|5731941|602450289|1879332|492078|3904614|106172|602437176
m403,dev,vague,flow:skip,30849733,3,genre,skip,,댄스:13|랩/힙합:4|R&B/Soul:2|록/메탈:1,20,,,,31388145|3436083|602541837|602377791|602428694|5536206|2930971|602540788|1932604|33589488,3436083|5536206|602541837|602428694|602377791|2930971|31388145|602173808|602499365|31286161|602369677|33001672|602047697|601893642|602540788|30512671|31055324|1932604|32825454|33589488|37463572|5731941|602450289|1879332|492078|3904614|602437176|31684634|31684636|1575129
m403,dev,vague,flow:skip,4129672,1,,,,,0,,,,32298623|31324607|1836102|1576735|602467923|602469319|602496952|32021744|8233373|2102150,1836102|2102150|31324607|1576735|32021744|32298623|30247520|602467923|602378218|602496952|602469319|602173808|602499365|8233373|31286161|602369677|33001672|602047697|454477|601893642|31532438|602540788|30512671|31055324|1932604|32825454|33589488|37463572|5731941|602450289
m403,dev,vague,flow:skip,4129672,2,vocal_gender,skip,,남성:10|여성:7|혼성:3,10,,,6,4048381|4645220|5684791|4021445|602378218|30247520|602388655|454477|106172|31532438,4048381|30247520|602378218|4021445|5684791|602388655|4645220|602173808|602499365|31286161|602369677|33001672|602047697|454477|601893642|31532438|602540788|30512671|31055324|1932604|32825454|33589488|37463572|5731941|602450289|1879332|492078|3904614|106172|602437176
m403,dev,vague,flow:skip,4129672,3,genre,skip,,댄스:13|랩/힙합:4|R&B/Soul:2|록/메탈:1,20,,,,31388145|3436083|602541837|602377791|602428694|5536206|2930971|602540788|1932604|33589488,3436083|5536206|602541837|602428694|602377791|2930971|31388145|602173808|602499365|31286161|602369677|33001672|602047697|601893642|602540788|30512671|31055324|1932604|32825454|33589488|37463572|5731941|602450289|1879332|492078|3904614|602437176|31684634|31684636|1575129
m403,dev,vague,flow:oracle,30849733,1,,,,,0,,,,32298623|31324607|1836102|1576735|602467923|602469319|602496952|32021744|8233373|2102150,1836102|2102150|31324607|1576735|32021744|32298623|30247520|602467923|602378218|602496952|602469319|602173808|602499365|8233373|31286161|602369677|33001672|602047697|454477|601893642|31532438|602540788|30512671|31055324|1932604|32825454|33589488|37463572|5731941|602450289
m403,dev,vague,flow:oracle,30849733,2,vocal_gender,oracle,남성,남성:10|여성:7|혼성:3,10,,,,4048381|4021445|602378218|5684791|454477|33589488|602540788|602047697|5731941|602173808,4048381|602378218|4021445|5684791|602173808|602499365|602369677|602047697|454477|601893642|602540788|33589488|602450289|30247520|602388655|4645220|31286161|33001672|31532438|30512671|31055324|1932604|32825454|37463572|5731941|1879332|492078|3904614|106172|602437176
m403,dev,vague,flow:oracle,30849733,3,genre,oracle,발라드,댄스:12|발라드:3|R&B/Soul:2|랩/힙합:2|록/메탈:1,20,,,7,31388145|3436083|5536206|602428694|31684634|31684636|30247520|602450289|4645220|1932604,3436083|5536206|602428694|31388145|30247520|602388655|4645220|602541837|602377791|2930971|602499365|602369677|601893642|602450289|31684634|31684636|31286161|33001672|31532438|30512671|31055324|1932604|32825454|37463572|1879332|492078|3904614|106172|602437176|1575129
m403,dev,vague,flow:oracle,4129672,1,,,,,0,,,,32298623|31324607|1836102|1576735|602467923|602469319|602496952|32021744|8233373|2102150,1836102|2102150|31324607|1576735|32021744|32298623|30247520|602467923|602378218|602496952|602469319|602173808|602499365|8233373|31286161|602369677|33001672|602047697|454477|601893642|31532438|602540788|30512671|31055324|1932604|32825454|33589488|37463572|5731941|602450289
m403,dev,vague,flow:oracle,4129672,2,vocal_gender,oracle,혼성,남성:10|여성:7|혼성:3,10,,,1,30247520|1932604|5731941|4048381|602378218|4021445|5684791|4645220|602388655|33589488,30247520|1932604|5731941|4048381|602378218|4021445|5684791|602388655|4645220|602173808|602499365|31286161|602369677|33001672|602047697|454477|601893642|31532438|602540788|30512671|31055324|32825454|33589488|37463572|602450289|1879332|492078|3904614|106172|602437176
m403,dev,vague,flow:oracle,4129672,3,genre,skip,,댄스:14|록/메탈:2|랩/힙합:2|R&B/Soul:2,20,,,,1575129|3436083|5536206|602541837|602377791|2930971|31388145|454477|602428694|106172,1575129|3436083|5536206|602541837|602428694|602377791|2930971|31388145|602173808|602499365|31286161|602369677|33001672|602047697|454477|601893642|31532438|602540788|30512671|31055324|32825454|37463572|602450289|1879332|492078|3904614|106172|602437176|31684634|31684636
m403,dev,vague,flow:noisy,30849733,1,,,,,0,,,,32298623|31324607|1836102|1576735|602467923|602469319|602496952|32021744|8233373|2102150,1836102|2102150|31324607|1576735|32021744|32298623|30247520|602467923|602378218|602496952|602469319|602173808|602499365|8233373|31286161|602369677|33001672|602047697|454477|601893642|31532438|602540788|30512671|31055324|1932604|32825454|33589488|37463572|5731941|602450289
m403,dev,vague,flow:noisy,30849733,2,vocal_gender,noisy,여성,남성:10|여성:7|혼성:3,10,,,5,4645220|602388655|106172|492078|30247520|31532438|30512671|33001672|31286161|31055324,602388655|4645220|31286161|33001672|31532438|30512671|31055324|32825454|37463572|1879332|492078|3904614|106172|602437176|4048381|30247520|602378218|4021445|5684791|602173808|602499365|602369677|602047697|454477|601893642|602540788|1932604|33589488|5731941|602450289
m403,dev,vague,flow:noisy,30849733,3,genre,noisy,댄스,댄스:9|랩/힙합:4|발라드:4|록/메탈:2|R&B/Soul:1,20,,,,3904614|37463572|32825454|602499365|602437176|1879332|602369677|602047697|601893642|602173808,37463572|1879332|3904614|602437176|602541837|602377791|2930971|602173808|602499365|602369677|602047697|601893642|32825454|4048381|3436083|602378218|4021445|5684791|5536206|602428694|31388145|454477|602540788|1932604|33589488|5731941|602450289|31684634|31684636|1575129
m403,dev,vague,flow:noisy,4129672,1,,,,,0,,,,32298623|31324607|1836102|1576735|602467923|602469319|602496952|32021744|8233373|2102150,1836102|2102150|31324607|1576735|32021744|32298623|30247520|602467923|602378218|602496952|602469319|602173808|602499365|8233373|31286161|602369677|33001672|602047697|454477|601893642|31532438|602540788|30512671|31055324|1932604|32825454|33589488|37463572|5731941|602450289
m403,dev,vague,flow:noisy,4129672,2,vocal_gender,noisy,남성,남성:10|여성:7|혼성:3,10,,,,4048381|4021445|602378218|5684791|454477|33589488|602540788|602047697|5731941|602173808,4048381|602378218|4021445|5684791|602173808|602499365|602369677|602047697|454477|601893642|602540788|33589488|602450289|30247520|602388655|4645220|31286161|33001672|31532438|30512671|31055324|1932604|32825454|37463572|5731941|1879332|492078|3904614|106172|602437176
m403,dev,vague,flow:noisy,4129672,3,genre,noisy,댄스,댄스:12|발라드:3|R&B/Soul:2|랩/힙합:2|록/메탈:1,20,,,,602499365|602369677|601893642|31286161|33001672|31532438|30512671|31055324|37463572|1879332,602499365|602369677|601893642|3436083|5536206|602428694|31388145|31286161|33001672|31532438|30512671|31055324|37463572|602450289|1879332|3904614|602437176|31684634|31684636|30247520|602388655|4645220|602541837|602377791|2930971|1932604|32825454|492078|106172|1575129
q110,dev,vague,flow:reject,4503810,1,,,,,0,,,,5112|3570725|602335674|425453|37138471|35730562|3366160|31055324|2667293|32528369,5112|37138471|1566277|602554113|36599949|3570725|2197448|425453|34349913|3366160|32559781|2231948|36430773|32528369|2987448|602048198|2797558|602499783|602335674|8068881|37563682|602230561|2667293|31055324|35730562|36430774|602323997|36871671|1926582|4383773
q110,dev,vague,flow:reject,4503810,2,,none,,,10,1,6,1,4503810|2797558|36430773|4184826|36599949|35485544|34349913|38123332|2160048|36416114,1566277|602554113|36599949|2197448|34349913|4503810|32559781|2231948|36430773|2987448|602048198|2797558|602499783|2160048|35485544|8068881|37563682|602230561|36430774|602323997|36871671|1926582|4383773|2930969|38123332|36416114|2629049|32559782|4184826|1929329
q110,dev,vague,flow:skip,4503810,1,,,,,0,,,,5112|3570725|602335674|425453|37138471|35730562|3366160|31055324|2667293|32528369,5112|37138471|1566277|602554113|36599949|3570725|2197448|425453|34349913|3366160|32559781|2231948|36430773|32528369|2987448|602048198|2797558|602499783|602335674|8068881|37563682|602230561|2667293|31055324|35730562|36430774|602323997|36871671|1926582|4383773
q110,dev,vague,flow:skip,4503810,2,,none,,,10,1,6,1,4503810|2797558|36430773|4184826|36599949|35485544|34349913|38123332|2160048|36416114,1566277|602554113|36599949|2197448|34349913|4503810|32559781|2231948|36430773|2987448|602048198|2797558|602499783|2160048|35485544|8068881|37563682|602230561|36430774|602323997|36871671|1926582|4383773|2930969|38123332|36416114|2629049|32559782|4184826|1929329
q110,dev,vague,flow:oracle,4503810,1,,,,,0,,,,5112|3570725|602335674|425453|37138471|35730562|3366160|31055324|2667293|32528369,5112|37138471|1566277|602554113|36599949|3570725|2197448|425453|34349913|3366160|32559781|2231948|36430773|32528369|2987448|602048198|2797558|602499783|602335674|8068881|37563682|602230561|2667293|31055324|35730562|36430774|602323997|36871671|1926582|4383773
q110,dev,vague,flow:oracle,4503810,2,,none,,,10,1,6,1,4503810|2797558|36430773|4184826|36599949|35485544|34349913|38123332|2160048|36416114,1566277|602554113|36599949|2197448|34349913|4503810|32559781|2231948|36430773|2987448|602048198|2797558|602499783|2160048|35485544|8068881|37563682|602230561|36430774|602323997|36871671|1926582|4383773|2930969|38123332|36416114|2629049|32559782|4184826|1929329
q110,dev,vague,flow:noisy,4503810,1,,,,,0,,,,5112|3570725|602335674|425453|37138471|35730562|3366160|31055324|2667293|32528369,5112|37138471|1566277|602554113|36599949|3570725|2197448|425453|34349913|3366160|32559781|2231948|36430773|32528369|2987448|602048198|2797558|602499783|602335674|8068881|37563682|602230561|2667293|31055324|35730562|36430774|602323997|36871671|1926582|4383773
q110,dev,vague,flow:noisy,4503810,2,,none,,,10,1,6,1,4503810|2797558|36430773|4184826|36599949|35485544|34349913|38123332|2160048|36416114,1566277|602554113|36599949|2197448|34349913|4503810|32559781|2231948|36430773|2987448|602048198|2797558|602499783|2160048|35485544|8068881|37563682|602230561|36430774|602323997|36871671|1926582|4383773|2930969|38123332|36416114|2629049|32559782|4184826|1929329
q112,dev,vague,flow:reject,1556547,1,,,,,0,,,,1951553|1657769|1932604|1583453|1500206|1765767|1139741|933372|33625988|1786851,1765767|1932604|933372|1786851|1566277|1583453|35640077|2271648|1657769|1500206|1139741|1951553|986817|2908515|2024974|33625988|1455699|1807098|1204915|2203097|8252409|2803451|862035|622649|486743|423583|602511189|2289852|1929329|2159715
q112,dev,vague,flow:reject,1556547,2,,none,,,10,,,,1204915|420248|2908515|2203097|1455699|2289852|622649|2024974|488134|1807098,1566277|420248|35640077|2271648|986817|2908515|2024974|1455699|1807098|1204915|2203097|1929329|8252409|2803451|862035|622649|486743|423583|602511189|2289852|504835|3037051|2159715|2172570|488135|2129151|3692955|488134|8218594|8122589
q112,dev,vague,flow:reject,1556547,3,,none,,,20,,,,986817|862035|486743|8122589|1566277|2159715|35640077|3488667|2271648|1929329,1566277|35640077|2271648|986817|1929329|8252409|2803451|862035|486743|423583|602511189|504835|602294060|3037051|2159715|2172570|488135|2129151|3692955|2930969|8218594|8122589|106465|4294284|3764899|3928713|5660040|3815739|3488667|3906377
q112,dev,vague,flow:skip,1556547,1,,,,,0,,,,1951553|1657769|1932604|1583453|1500206|1765767|1139741|933372|33625988|1786851,1765767|1932604|933372|1786851|1566277|1583453|35640077|2271648|1657769|1500206|1139741|1951553|986817|2908515|2024974|33625988|1455699|1807098|1204915|2203097|8252409|2803451|862035|622649|486743|423583|602511189|2289852|1929329|2159715
q112,dev,vague,flow:skip,1556547,2,vocal_gender,skip,,여성:11|남성:5|혼성:4,10,,,,1204915|420248|2908515|2203097|1455699|2289852|622649|2024974|488134|1807098,1566277|420248|35640077|2271648|986817|2908515|2024974|1455699|1807098|1204915|2203097|1929329|8252409|2803451|862035|622649|486743|423583|602511189|2289852|504835|3037051|2159715|2172570|488135|2129151|3692955|488134|8218594|8122589
q112,dev,vague,flow:skip,1556547,3,genre,skip,,댄스:10|랩/힙합:5|발라드:5,20,,,,986817|862035|486743|8122589|1566277|2159715|35640077|3488667|2271648|1929329,1566277|35640077|2271648|986817|1929329|8252409|2803451|862035|486743|423583|602511189|504835|602294060|3037051|2159715|2172570|488135|2129151|3692955|2930969|8218594|8122589|106465|4294284|3764899|3928713|5660040|3815739|3488667|3906377
q112,dev,vague,flow:oracle,1556547,1,,,,,0,,,,1951553|1657769|1932604|1583453|1500206|1765767|1139741|933372|33625988|1786851,1765767|1932604|933372|1786851|1566277|1583453|35640077|2271648|1657769|1500206|1139741|1951553|986817|2908515|2024974|33625988|1455699|1807098|1204915|2203097|8252409|2803451|862035|622649|486743|423583|602511189|2289852|1929329|2159715
q112,dev,vague,flow:oracle,1556547,2,vocal_gender,oracle,남성,여성:11|남성:5|혼성:4,10,,,,420248|986817|8122589|8218594|622649|602511189|8252409|3692955|486743|2172570,420248|986817|8252409|622649|486743|602511189|2172570|3692955|8218594|8122589|1566277|35640077|2271648|2908515|2024974|1455699|1807098|1204915|2203097|1929329|2803451|862035|423583|2289852|504835|3037051|2159715|488135|2129151|488134
q112,dev,vague,flow:oracle,1556547,3,genre,oracle,랩/힙합,댄스:14|랩/힙합:5|발라드:1,20,,,,1204915|504835|602294060|106465|3906377|3488667|3928713|1455699|35640077|2289852,602294060|106465|3906377|35640077|1204915|504835|488135|488134|3928713|3488667|1566277|2271648|2908515|2024974|1455699|1807098|2203097|1929329|2289852|2803451|862035|423583|3037051|2159715|2129151|2930969|4294284|3764899|5660040|3815739
q112,dev,vague,flow:noisy,1556547,1,,,,,0,,,,1951553|1657769|1932604|1583453|1500206|1765767|1139741|933372|33625988|1786851,1765767|1932604|933372|1786851|1566277|1583453|35640077|2271648|1657769|1500206|1139741|1951553|986817|2908515|2024974|33625988|1455699|1807098|1204915|2203097|8252409|2803451|862035|622649|486743|423583|602511189|2289852|1929329|2159715
q112,dev,vague,flow:noisy,1556547,2,vocal_gender,noisy,여성,여성:11|남성:5|혼성:4,10,,,,2908515|2024974|1566277|2129151|2289852|2203097|1807098|2803451|3037051|2159715,1566277|35640077|2271648|2908515|2024974|1807098|2203097|1929329|2803451|862035|3037051|2159715|488135|2129151|488134|420248|986817|1455699|1204915|8252409|622649|486743|423583|602511189|2289852|504835|2172570|3692955|8218594|8122589
q112,dev,vague,flow:noisy,1556547,3,genre,noisy,댄스,랩/힙합:9|댄스:6|발라드:5,20,,,,3815739|2930969|5660040|3764899|2271648|1929329|35640077|488135|488134|1455699,2271648|1929329|2930969|3764899|5660040|3815739|35640077|1455699|862035|423583|2172570|488135|3692955|488134|4294284|3928713|3488667|420248|986817|1204915|8252409|622649|486743|602511189|504835|602294060|8218594|8122589|106465|3906377
q115,dev,vague,flow:reject,31829536,1,,,,,0,,,,602508757|602302119|32224409|602378261|31532642|31406357|31304766|5400360|35252996|32034629,31532642|31316695|4132144|30514366|36394038|5400360|3436083|35252996|602540604|32224409|31406357|31304766|602508757|4543502|32998018|36616378|32034629|602302119|31324607|35890454|602378261|698972|445159|8122589|602470600|775161|602388677|602392779|33625988|602427156
q115,dev,vague,flow:reject,31829536,2,,none,,,10,,,,31316695|3436083|4543502|31324607|32998018|4132144|35890454|602540604|30514366|33625988,31316695|4132144|30514366|36394038|3436083|602540604|4543502|32998018|36616378|31324607|35890454|698972|445159|8122589|602470600|775161|602388677|602392779|33625988|602427156|31914848|602378218|978136|602498758|3864961|30753213|1836102|1467722|7861392|602411050
q115,dev,vague,flow:reject,31829536,3,,none,,,20,,,8,602388677|602470600|602427156|602392779|8122589|602378218|36616378|36394038|31914848|602498758,36394038|36616378|698972|445159|8122589|602470600|775161|602388677|602392779|602427156|31914848|602378218|978136|602498758|3864961|30753213|1836102|1467722|7861392|602411050|4299165|1521180|1099594|1563629|3706380|1789828|1790894|5709750|4117702|3467461
q115,dev,vague,flow:skip,31829536,1,,,,,0,,,,602508757|602302119|32224409|602378261|31532642|31406357|31304766|5400360|35252996|32034629,31532642|31316695|4132144|30514366|36394038|5400360|3436083|35252996|602540604|32224409|31406357|31304766|602508757|4543502|32998018|36616378|32034629|602302119|31324607|35890454|602378261|698972|445159|8122589|602470600|775161|602388677|602392779|33625988|602427156
q115,dev,vague,flow:skip,31829536,2,,none,,,10,,,,31316695|3436083|4543502|31324607|32998018|4132144|35890454|602540604|30514366|33625988,31316695|4132144|30514366|36394038|3436083|602540604|4543502|32998018|36616378|31324607|35890454|698972|445159|8122589|602470600|775161|602388677|602392779|33625988|602427156|31914848|602378218|978136|602498758|3864961|30753213|1836102|1467722|7861392|602411050
q115,dev,vague,flow:skip,31829536,3,,none,,,20,,,8,602388677|602470600|602427156|602392779|8122589|602378218|36616378|36394038|31914848|602498758,36394038|36616378|698972|445159|8122589|602470600|775161|602388677|602392779|602427156|31914848|602378218|978136|602498758|3864961|30753213|1836102|1467722|7861392|602411050|4299165|1521180|1099594|1563629|3706380|1789828|1790894|5709750|4117702|3467461
q115,dev,vague,flow:oracle,31829536,1,,,,,0,,,,602508757|602302119|32224409|602378261|31532642|31406357|31304766|5400360|35252996|32034629,31532642|31316695|4132144|30514366|36394038|5400360|3436083|35252996|602540604|32224409|31406357|31304766|602508757|4543502|32998018|36616378|32034629|602302119|31324607|35890454|602378261|698972|445159|8122589|602470600|775161|602388677|602392779|33625988|602427156
q115,dev,vague,flow:oracle,31829536,2,,none,,,10,,,,31316695|3436083|4543502|31324607|32998018|4132144|35890454|602540604|30514366|33625988,31316695|4132144|30514366|36394038|3436083|602540604|4543502|32998018|36616378|31324607|35890454|698972|445159|8122589|602470600|775161|602388677|602392779|33625988|602427156|31914848|602378218|978136|602498758|3864961|30753213|1836102|1467722|7861392|602411050
q115,dev,vague,flow:oracle,31829536,3,,none,,,20,,,8,602388677|602470600|602427156|602392779|8122589|602378218|36616378|36394038|31914848|602498758,36394038|36616378|698972|445159|8122589|602470600|775161|602388677|602392779|602427156|31914848|602378218|978136|602498758|3864961|30753213|1836102|1467722|7861392|602411050|4299165|1521180|1099594|1563629|3706380|1789828|1790894|5709750|4117702|3467461
q115,dev,vague,flow:noisy,31829536,1,,,,,0,,,,602508757|602302119|32224409|602378261|31532642|31406357|31304766|5400360|35252996|32034629,31532642|31316695|4132144|30514366|36394038|5400360|3436083|35252996|602540604|32224409|31406357|31304766|602508757|4543502|32998018|36616378|32034629|602302119|31324607|35890454|602378261|698972|445159|8122589|602470600|775161|602388677|602392779|33625988|602427156
q115,dev,vague,flow:noisy,31829536,2,,none,,,10,,,,31316695|3436083|4543502|31324607|32998018|4132144|35890454|602540604|30514366|33625988,31316695|4132144|30514366|36394038|3436083|602540604|4543502|32998018|36616378|31324607|35890454|698972|445159|8122589|602470600|775161|602388677|602392779|33625988|602427156|31914848|602378218|978136|602498758|3864961|30753213|1836102|1467722|7861392|602411050
q115,dev,vague,flow:noisy,31829536,3,,none,,,20,,,8,602388677|602470600|602427156|602392779|8122589|602378218|36616378|36394038|31914848|602498758,36394038|36616378|698972|445159|8122589|602470600|775161|602388677|602392779|602427156|31914848|602378218|978136|602498758|3864961|30753213|1836102|1467722|7861392|602411050|4299165|1521180|1099594|1563629|3706380|1789828|1790894|5709750|4117702|3467461
q117,dev,vague,flow:reject,1379738,1,,,,,0,,,5,521724|521736|521747|602362082|602005101|602278140|30550388|602378408|54517|31133898,521724|521736|521747|602362082|602005101|602278140|30550388|602378408|54517|31133898|602492233|35546497|3904614|30690674|602278708|4101639|602376645|602371531|30550293|602418394|2100540|34847378|31477685|602067627|602070128|602466725|32825454|602391777|3534943|3534941
q117,dev,vague,flow:reject,1379738,2,,none,,,10,,,,602492233|35546497|3904614|30690674|602278708|4101639|602376645|602371531|30550293|602418394,602492233|35546497|3904614|30690674|602278708|4101639|602376645|602371531|30550293|602418394|2100540|34847378|31477685|602067627|602070128|602466725|32825454|602391777|3534943|3534941|601893642|454477|454476|1984780|36034936|36411342|36411344|602265790|31324607|3620493
q117,dev,vague,flow:reject,1379738,3,,none,,,20,,,,602420877|35009233|2100540|34847378|31477685|602067627|602070128|602466725|32825454|602391777,602420877|35009233|2100540|34847378|31477685|602067627|602070128|602466725|32825454|602391777|3534943|3534941|601893642|454477|454476|1984780|36034936|36411342|36411344|602265790|31324607|3620493|5807274|5807273|38022274|602369677|3561276|36391236|3859894|105639
q117,dev,vague,flow:reject,1204915,1,,,,,0,,,5,521724|521736|521747|602362082|602005101|602278140|30550388|602378408|54517|31133898,521724|521736|521747|602362082|602005101|602278140|30550388|602378408|54517|31133898|602492233|35546497|3904614|30690674|602278708|4101639|602376645|602371531|30550293|602418394|2100540|34847378|31477685|602067627|602070128|602466725|32825454|602391777|3534943|3534941
q117,dev,vague,flow:reject,1204915,2,,none,,,10,,,,602492233|35546497|3904614|30690674|602278708|4101639|602376645|602371531|30550293|602418394,602492233|35546497|3904614|30690674|602278708|4101639|602376645|602371531|30550293|602418394|2100540|34847378|31477685|602067627|602070128|602466725|32825454|602391777|3534943|3534941|601893642|454477|454476|1984780|36034936|36411342|36411344|602265790|31324607|3620493
q117,dev,vague,flow:reject,1204915,3,,none,,,20,,,,602420877|35009233|2100540|34847378|31477685|602067627|602070128|602466725|32825454|602391777,602420877|35009233|2100540|34847378|31477685|602067627|602070128|602466725|32825454|602391777|3534943|3534941|601893642|454477|454476|1984780|36034936|36411342|36411344|602265790|31324607|3620493|5807274|5807273|38022274|602369677|3561276|36391236|3859894|105639
q117,dev,vague,flow:reject,4806686,1,,,,,0,,,5,521724|521736|521747|602362082|602005101|602278140|30550388|602378408|54517|31133898,521724|521736|521747|602362082|602005101|602278140|30550388|602378408|54517|31133898|602492233|35546497|3904614|30690674|602278708|4101639|602376645|602371531|30550293|602418394|2100540|34847378|31477685|602067627|602070128|602466725|32825454|602391777|3534943|3534941
q117,dev,vague,flow:reject,4806686,2,,none,,,10,,,,602492233|35546497|3904614|30690674|602278708|4101639|602376645|602371531|30550293|602418394,602492233|35546497|3904614|30690674|602278708|4101639|602376645|602371531|30550293|602418394|2100540|34847378|31477685|602067627|602070128|602466725|32825454|602391777|3534943|3534941|601893642|454477|454476|1984780|36034936|36411342|36411344|602265790|31324607|3620493
q117,dev,vague,flow:reject,4806686,3,,none,,,20,,,,602420877|35009233|2100540|34847378|31477685|602067627|602070128|602466725|32825454|602391777,602420877|35009233|2100540|34847378|31477685|602067627|602070128|602466725|32825454|602391777|3534943|3534941|601893642|454477|454476|1984780|36034936|36411342|36411344|602265790|31324607|3620493|5807274|5807273|38022274|602369677|3561276|36391236|3859894|105639
q117,dev,vague,flow:reject,31829536,1,,,,,0,,,5,521724|521736|521747|602362082|602005101|602278140|30550388|602378408|54517|31133898,521724|521736|521747|602362082|602005101|602278140|30550388|602378408|54517|31133898|602492233|35546497|3904614|30690674|602278708|4101639|602376645|602371531|30550293|602418394|2100540|34847378|31477685|602067627|602070128|602466725|32825454|602391777|3534943|3534941
q117,dev,vague,flow:reject,31829536,2,,none,,,10,,,,602492233|35546497|3904614|30690674|602278708|4101639|602376645|602371531|30550293|602418394,602492233|35546497|3904614|30690674|602278708|4101639|602376645|602371531|30550293|602418394|2100540|34847378|31477685|602067627|602070128|602466725|32825454|602391777|3534943|3534941|601893642|454477|454476|1984780|36034936|36411342|36411344|602265790|31324607|3620493
q117,dev,vague,flow:reject,31829536,3,,none,,,20,,,,602420877|35009233|2100540|34847378|31477685|602067627|602070128|602466725|32825454|602391777,602420877|35009233|2100540|34847378|31477685|602067627|602070128|602466725|32825454|602391777|3534943|3534941|601893642|454477|454476|1984780|36034936|36411342|36411344|602265790|31324607|3620493|5807274|5807273|38022274|602369677|3561276|36391236|3859894|105639
q117,dev,vague,flow:reject,5668985,1,,,,,0,,,5,521724|521736|521747|602362082|602005101|602278140|30550388|602378408|54517|31133898,521724|521736|521747|602362082|602005101|602278140|30550388|602378408|54517|31133898|602492233|35546497|3904614|30690674|602278708|4101639|602376645|602371531|30550293|602418394|2100540|34847378|31477685|602067627|602070128|602466725|32825454|602391777|3534943|3534941
q117,dev,vague,flow:reject,5668985,2,,none,,,10,,,,602492233|35546497|3904614|30690674|602278708|4101639|602376645|602371531|30550293|602418394,602492233|35546497|3904614|30690674|602278708|4101639|602376645|602371531|30550293|602418394|2100540|34847378|31477685|602067627|602070128|602466725|32825454|602391777|3534943|3534941|601893642|454477|454476|1984780|36034936|36411342|36411344|602265790|31324607|3620493
q117,dev,vague,flow:reject,5668985,3,,none,,,20,,,,602420877|35009233|2100540|34847378|31477685|602067627|602070128|602466725|32825454|602391777,602420877|35009233|2100540|34847378|31477685|602067627|602070128|602466725|32825454|602391777|3534943|3534941|601893642|454477|454476|1984780|36034936|36411342|36411344|602265790|31324607|3620493|5807274|5807273|38022274|602369677|3561276|36391236|3859894|105639
q117,dev,vague,flow:skip,1379738,1,,,,,0,,,5,521724|521736|521747|602362082|602005101|602278140|30550388|602378408|54517|31133898,521724|521736|521747|602362082|602005101|602278140|30550388|602378408|54517|31133898|602492233|35546497|3904614|30690674|602278708|4101639|602376645|602371531|30550293|602418394|2100540|34847378|31477685|602067627|602070128|602466725|32825454|602391777|3534943|3534941
q117,dev,vague,flow:skip,1379738,2,vocal_gender,skip,,여성:9|남성:9|혼성:2,10,,,,602492233|35546497|3904614|30690674|602278708|4101639|602376645|602371531|30550293|602418394,602492233|35546497|3904614|30690674|602278708|4101639|602376645|602371531|30550293|602418394|2100540|34847378|31477685|602067627|602070128|602466725|32825454|602391777|3534943|3534941|601893642|454477|454476|1984780|36034936|36411342|36411344|602265790|31324607|3620493
q117,dev,vague,flow:skip,1379738,3,genre,skip,,댄스:8|랩/힙합:4|발라드:3|R&B/Soul:2|록/메탈:2|인디음악:1,20,,,,602420877|35009233|2100540|34847378|31477685|602067627|602070128|602466725|32825454|602391777,602420877|35009233|2100540|34847378|31477685|602067627|602070128|602466725|32825454|602391777|3534943|3534941|601893642|454477|454476|1984780|36034936|36411342|36411344|602265790|31324607|3620493|5807274|5807273|38022274|602369677|3561276|36391236|3859894|105639
q117,dev,vague,flow:skip,1204915,1,,,,,0,,,5,521724|521736|521747|602362082|602005101|602278140|30550388|602378408|54517|31133898,521724|521736|521747|602362082|602005101|602278140|30550388|602378408|54517|31133898|602492233|35546497|3904614|30690674|602278708|4101639|602376645|602371531|30550293|602418394|2100540|34847378|31477685|602067627|602070128|602466725|32825454|602391777|3534943|3534941
q117,dev,vague,flow:skip,1204915,2,vocal_gender,skip,,여성:9|남성:9|혼성:2,10,,,,602492233|35546497|3904614|30690674|602278708|4101639|602376645|602371531|30550293|602418394,602492233|35546497|3904614|30690674|602278708|4101639|602376645|602371531|30550293|602418394|2100540|34847378|31477685|602067627|602070128|602466725|32825454|602391777|3534943|3534941|601893642|454477|454476|1984780|36034936|36411342|36411344|602265790|31324607|3620493
q117,dev,vague,flow:skip,1204915,3,genre,skip,,댄스:8|랩/힙합:4|발라드:3|R&B/Soul:2|록/메탈:2|인디음악:1,20,,,,602420877|35009233|2100540|34847378|31477685|602067627|602070128|602466725|32825454|602391777,602420877|35009233|2100540|34847378|31477685|602067627|602070128|602466725|32825454|602391777|3534943|3534941|601893642|454477|454476|1984780|36034936|36411342|36411344|602265790|31324607|3620493|5807274|5807273|38022274|602369677|3561276|36391236|3859894|105639
q117,dev,vague,flow:skip,4806686,1,,,,,0,,,5,521724|521736|521747|602362082|602005101|602278140|30550388|602378408|54517|31133898,521724|521736|521747|602362082|602005101|602278140|30550388|602378408|54517|31133898|602492233|35546497|3904614|30690674|602278708|4101639|602376645|602371531|30550293|602418394|2100540|34847378|31477685|602067627|602070128|602466725|32825454|602391777|3534943|3534941
q117,dev,vague,flow:skip,4806686,2,vocal_gender,skip,,여성:9|남성:9|혼성:2,10,,,,602492233|35546497|3904614|30690674|602278708|4101639|602376645|602371531|30550293|602418394,602492233|35546497|3904614|30690674|602278708|4101639|602376645|602371531|30550293|602418394|2100540|34847378|31477685|602067627|602070128|602466725|32825454|602391777|3534943|3534941|601893642|454477|454476|1984780|36034936|36411342|36411344|602265790|31324607|3620493
q117,dev,vague,flow:skip,4806686,3,genre,skip,,댄스:8|랩/힙합:4|발라드:3|R&B/Soul:2|록/메탈:2|인디음악:1,20,,,,602420877|35009233|2100540|34847378|31477685|602067627|602070128|602466725|32825454|602391777,602420877|35009233|2100540|34847378|31477685|602067627|602070128|602466725|32825454|602391777|3534943|3534941|601893642|454477|454476|1984780|36034936|36411342|36411344|602265790|31324607|3620493|5807274|5807273|38022274|602369677|3561276|36391236|3859894|105639
q117,dev,vague,flow:skip,31829536,1,,,,,0,,,5,521724|521736|521747|602362082|602005101|602278140|30550388|602378408|54517|31133898,521724|521736|521747|602362082|602005101|602278140|30550388|602378408|54517|31133898|602492233|35546497|3904614|30690674|602278708|4101639|602376645|602371531|30550293|602418394|2100540|34847378|31477685|602067627|602070128|602466725|32825454|602391777|3534943|3534941
q117,dev,vague,flow:skip,31829536,2,vocal_gender,skip,,여성:9|남성:9|혼성:2,10,,,,602492233|35546497|3904614|30690674|602278708|4101639|602376645|602371531|30550293|602418394,602492233|35546497|3904614|30690674|602278708|4101639|602376645|602371531|30550293|602418394|2100540|34847378|31477685|602067627|602070128|602466725|32825454|602391777|3534943|3534941|601893642|454477|454476|1984780|36034936|36411342|36411344|602265790|31324607|3620493
q117,dev,vague,flow:skip,31829536,3,genre,skip,,댄스:8|랩/힙합:4|발라드:3|R&B/Soul:2|록/메탈:2|인디음악:1,20,,,,602420877|35009233|2100540|34847378|31477685|602067627|602070128|602466725|32825454|602391777,602420877|35009233|2100540|34847378|31477685|602067627|602070128|602466725|32825454|602391777|3534943|3534941|601893642|454477|454476|1984780|36034936|36411342|36411344|602265790|31324607|3620493|5807274|5807273|38022274|602369677|3561276|36391236|3859894|105639
q117,dev,vague,flow:skip,5668985,1,,,,,0,,,5,521724|521736|521747|602362082|602005101|602278140|30550388|602378408|54517|31133898,521724|521736|521747|602362082|602005101|602278140|30550388|602378408|54517|31133898|602492233|35546497|3904614|30690674|602278708|4101639|602376645|602371531|30550293|602418394|2100540|34847378|31477685|602067627|602070128|602466725|32825454|602391777|3534943|3534941
q117,dev,vague,flow:skip,5668985,2,vocal_gender,skip,,여성:9|남성:9|혼성:2,10,,,,602492233|35546497|3904614|30690674|602278708|4101639|602376645|602371531|30550293|602418394,602492233|35546497|3904614|30690674|602278708|4101639|602376645|602371531|30550293|602418394|2100540|34847378|31477685|602067627|602070128|602466725|32825454|602391777|3534943|3534941|601893642|454477|454476|1984780|36034936|36411342|36411344|602265790|31324607|3620493
q117,dev,vague,flow:skip,5668985,3,genre,skip,,댄스:8|랩/힙합:4|발라드:3|R&B/Soul:2|록/메탈:2|인디음악:1,20,,,,602420877|35009233|2100540|34847378|31477685|602067627|602070128|602466725|32825454|602391777,602420877|35009233|2100540|34847378|31477685|602067627|602070128|602466725|32825454|602391777|3534943|3534941|601893642|454477|454476|1984780|36034936|36411342|36411344|602265790|31324607|3620493|5807274|5807273|38022274|602369677|3561276|36391236|3859894|105639
q117,dev,vague,flow:oracle,1379738,1,,,,,0,,,5,521724|521736|521747|602362082|602005101|602278140|30550388|602378408|54517|31133898,521724|521736|521747|602362082|602005101|602278140|30550388|602378408|54517|31133898|602492233|35546497|3904614|30690674|602278708|4101639|602376645|602371531|30550293|602418394|2100540|34847378|31477685|602067627|602070128|602466725|32825454|602391777|3534943|3534941
q117,dev,vague,flow:oracle,1379738,2,vocal_gender,oracle,남성,여성:9|남성:9|혼성:2,10,,,,30690674|602278708|602376645|30550293|602418394|2100540|602067627|602070128|3534941|601893642,30690674|602278708|602376645|30550293|602418394|2100540|602067627|602070128|3534941|601893642|454477|454476|36034936|602265790|31324607|3620493|602492233|35546497|3904614|4101639|602371531|34847378|31477685|602466725|32825454|602391777|3534943|1984780|36411342|36411344
q117,dev,vague,flow:oracle,1379738,3,genre,oracle,발라드,댄스:8|랩/힙합:3|발라드:3|R&B/Soul:3|록/메탈:2|인디음악:1,20,,,,31324607|602420877|31477685|454477|454476|1984780|36034936|602265790|3620493|5807274,31324607|602420877|31477685|454477|454476|1984780|36034936|602265790|3620493|5807274|5807273|602369677|3561276|36391236|3859894|35009233|602492233|35546497|3904614|4101639|602371531|34847378|602466725|32825454|602391777|3534943|36411342|36411344|38022274|105639
q117,dev,vague,flow:oracle,1204915,1,,,,,0,,,5,521724|521736|521747|602362082|602005101|602278140|30550388|602378408|54517|31133898,521724|521736|521747|602362082|602005101|602278140|30550388|602378408|54517|31133898|602492233|35546497|3904614|30690674|602278708|4101639|602376645|602371531|30550293|602418394|2100540|34847378|31477685|602067627|602070128|602466725|32825454|602391777|3534943|3534941
q117,dev,vague,flow:oracle,1204915,2,vocal_gender,oracle,혼성,여성:9|남성:9|혼성:2,10,,,,602466725|3534943|602492233|35546497|3904614|30690674|602278708|4101639|602376645|602371531,602466725|3534943|602492233|35546497|3904614|30690674|602278708|4101639|602376645|602371531|30550293|602418394|2100540|34847378|31477685|602067627|602070128|32825454|602391777|3534941|601893642|454477|454476|1984780|36034936|36411342|36411344|602265790|31324607|3620493
q117,dev,vague,flow:oracle,1204915,3,genre,oracle,랩/힙합,댄스:8|랩/힙합:4|록/메탈:3|발라드:3|R&B/Soul:1|인디음악:1,20,,,,602420877|602418394|32825454|3534941|602265790|5807273|3561276|35009233|30550293|2100540,602420877|602418394|32825454|3534941|602265790|5807273|3561276|35009233|30550293|2100540|34847378|31477685|602067627|602070128|602391777|601893642|454477|454476|1984780|36034936|36411342|36411344|31324607|3620493|5807274|38022274|602369677|36391236|3859894|105639
q117,dev,vague,flow:oracle,4806686,1,,,,,0,,,5,521724|521736|521747|602362082|602005101|602278140|30550388|602378408|54517|31133898,521724|521736|521747|602362082|602005101|602278140|30550388|602378408|54517|31133898|602492233|35546497|3904614|30690674|602278708|4101639|602376645|602371531|30550293|602418394|2100540|34847378|31477685|602067627|602070128|602466725|32825454|602391777|3534943|3534941
q117,dev,vague,flow:oracle,4806686,2,vocal_gender,oracle,남성,여성:9|남성:9|혼성:2,10,,,,30690674|602278708|602376645|30550293|602418394|2100540|602067627|602070128|3534941|601893642,30690674|602278708|602376645|30550293|602418394|2100540|602067627|602070128|3534941|601893642|454477|454476|36034936|602265790|31324607|3620493|602492233|35546497|3904614|4101639|602371531|34847378|31477685|602466725|32825454|602391777|3534943|1984780|36411342|36411344
q117,dev,vague,flow:oracle,4806686,3,genre,oracle,발라드,댄스:8|랩/힙합:3|발라드:3|R&B/Soul:3|록/메탈:2|인디음악:1,20,,,,31324607|602420877|31477685|454477|454476|1984780|36034936|602265790|3620493|5807274,31324607|602420877|31477685|454477|454476|1984780|36034936|602265790|3620493|5807274|5807273|602369677|3561276|36391236|3859894|35009233|602492233|35546497|3904614|4101639|602371531|34847378|602466725|32825454|602391777|3534943|36411342|36411344|38022274|105639
q117,dev,vague,flow:oracle,31829536,1,,,,,0,,,5,521724|521736|521747|602362082|602005101|602278140|30550388|602378408|54517|31133898,521724|521736|521747|602362082|602005101|602278140|30550388|602378408|54517|31133898|602492233|35546497|3904614|30690674|602278708|4101639|602376645|602371531|30550293|602418394|2100540|34847378|31477685|602067627|602070128|602466725|32825454|602391777|3534943|3534941
q117,dev,vague,flow:oracle,31829536,2,vocal_gender,oracle,남성,여성:9|남성:9|혼성:2,10,,,,30690674|602278708|602376645|30550293|602418394|2100540|602067627|602070128|3534941|601893642,30690674|602278708|602376645|30550293|602418394|2100540|602067627|602070128|3534941|601893642|454477|454476|36034936|602265790|31324607|3620493|602492233|35546497|3904614|4101639|602371531|34847378|31477685|602466725|32825454|602391777|3534943|1984780|36411342|36411344
q117,dev,vague,flow:oracle,31829536,3,genre,oracle,발라드,댄스:8|랩/힙합:3|발라드:3|R&B/Soul:3|록/메탈:2|인디음악:1,20,,,,31324607|602420877|31477685|454477|454476|1984780|36034936|602265790|3620493|5807274,31324607|602420877|31477685|454477|454476|1984780|36034936|602265790|3620493|5807274|5807273|602369677|3561276|36391236|3859894|35009233|602492233|35546497|3904614|4101639|602371531|34847378|602466725|32825454|602391777|3534943|36411342|36411344|38022274|105639
q117,dev,vague,flow:oracle,5668985,1,,,,,0,,,5,521724|521736|521747|602362082|602005101|602278140|30550388|602378408|54517|31133898,521724|521736|521747|602362082|602005101|602278140|30550388|602378408|54517|31133898|602492233|35546497|3904614|30690674|602278708|4101639|602376645|602371531|30550293|602418394|2100540|34847378|31477685|602067627|602070128|602466725|32825454|602391777|3534943|3534941
q117,dev,vague,flow:oracle,5668985,2,vocal_gender,oracle,남성,여성:9|남성:9|혼성:2,10,,,,30690674|602278708|602376645|30550293|602418394|2100540|602067627|602070128|3534941|601893642,30690674|602278708|602376645|30550293|602418394|2100540|602067627|602070128|3534941|601893642|454477|454476|36034936|602265790|31324607|3620493|602492233|35546497|3904614|4101639|602371531|34847378|31477685|602466725|32825454|602391777|3534943|1984780|36411342|36411344
q117,dev,vague,flow:oracle,5668985,3,genre,oracle,발라드,댄스:8|랩/힙합:3|발라드:3|R&B/Soul:3|록/메탈:2|인디음악:1,20,,,,31324607|602420877|31477685|454477|454476|1984780|36034936|602265790|3620493|5807274,31324607|602420877|31477685|454477|454476|1984780|36034936|602265790|3620493|5807274|5807273|602369677|3561276|36391236|3859894|35009233|602492233|35546497|3904614|4101639|602371531|34847378|602466725|32825454|602391777|3534943|36411342|36411344|38022274|105639
q117,dev,vague,flow:noisy,1379738,1,,,,,0,,,5,521724|521736|521747|602362082|602005101|602278140|30550388|602378408|54517|31133898,521724|521736|521747|602362082|602005101|602278140|30550388|602378408|54517|31133898|602492233|35546497|3904614|30690674|602278708|4101639|602376645|602371531|30550293|602418394|2100540|34847378|31477685|602067627|602070128|602466725|32825454|602391777|3534943|3534941
q117,dev,vague,flow:noisy,1379738,2,vocal_gender,noisy,여성,여성:9|남성:9|혼성:2,10,,,,602492233|35546497|3904614|4101639|602371531|34847378|31477685|32825454|602391777|1984780,602492233|35546497|3904614|4101639|602371531|34847378|31477685|32825454|602391777|1984780|36411342|36411344|30690674|602278708|602376645|30550293|602418394|2100540|602067627|602070128|602466725|3534943|3534941|601893642|454477|454476|36034936|602265790|31324607|3620493
q117,dev,vague,flow:noisy,1379738,3,genre,noisy,댄스,댄스:7|랩/힙합:6|록/메탈:3|발라드:2|R&B/Soul:1|인디음악:1,20,,,,35009233|36411342|36411344|105639|2100540|602067627|602070128|601893642|36034936|5807274,35009233|36411342|36411344|105639|2100540|602067627|602070128|601893642|36034936|5807274|38022274|602369677|36391236|3859894|602420877|30690674|602278708|602376645|30550293|602418394|602466725|3534943|3534941|454477|454476|602265790|31324607|3620493|5807273|3561276
q117,dev,vague,flow:noisy,1204915,1,,,,,0,,,5,521724|521736|521747|602362082|602005101|602278140|30550388|602378408|54517|31133898,521724|521736|521747|602362082|602005101|602278140|30550388|602378408|54517|31133898|602492233|35546497|3904614|30690674|602278708|4101639|602376645|602371531|30550293|602418394|2100540|34847378|31477685|602067627|602070128|602466725|32825454|602391777|3534943|3534941
q117,dev,vague,flow:noisy,1204915,2,vocal_gender,noisy,남성,여성:9|남성:9|혼성:2,10,,,,30690674|602278708|602376645|30550293|602418394|2100540|602067627|602070128|3534941|601893642,30690674|602278708|602376645|30550293|602418394|2100540|602067627|602070128|3534941|601893642|454477|454476|36034936|602265790|31324607|3620493|602492233|35546497|3904614|4101639|602371531|34847378|31477685|602466725|32825454|602391777|3534943|1984780|36411342|36411344
q117,dev,vague,flow:noisy,1204915,3,genre,noisy,R&B/Soul,댄스:8|랩/힙합:3|발라드:3|R&B/Soul:3|록/메탈:2|인디음악:1,20,,,,602420877|602492233|602466725|602391777|454477|454476|36034936|602265790|31324607|3620493,602420877|602492233|602466725|602391777|454477|454476|36034936|602265790|31324607|3620493|5807274|5807273|602369677|36391236|35009233|35546497|3904614|4101639|602371531|34847378|31477685|32825454|3534943|1984780|36411342|36411344|38022274|3561276|3859894|105639
q117,dev,vague,flow:noisy,4806686,1,,,,,0,,,5,521724|521736|521747|602362082|602005101|602278140|30550388|602378408|54517|31133898,521724|521736|521747|602362082|602005101|602278140|30550388|602378408|54517|31133898|602492233|35546497|3904614|30690674|602278708|4101639|602376645|602371531|30550293|602418394|2100540|34847378|31477685|602067627|602070128|602466725|32825454|602391777|3534943|3534941
q117,dev,vague,flow:noisy,4806686,2,vocal_gender,noisy,여성,여성:9|남성:9|혼성:2,10,,,,602492233|35546497|3904614|4101639|602371531|34847378|31477685|32825454|602391777|1984780,602492233|35546497|3904614|4101639|602371531|34847378|31477685|32825454|602391777|1984780|36411342|36411344|30690674|602278708|602376645|30550293|602418394|2100540|602067627|602070128|602466725|3534943|3534941|601893642|454477|454476|36034936|602265790|31324607|3620493
q117,dev,vague,flow:noisy,4806686,3,genre,noisy,댄스,댄스:7|랩/힙합:6|록/메탈:3|발라드:2|R&B/Soul:1|인디음악:1,20,,,,35009233|36411342|36411344|105639|2100540|602067627|602070128|601893642|36034936|5807274,35009233|36411342|36411344|105639|2100540|602067627|602070128|601893642|36034936|5807274|38022274|602369677|36391236|3859894|602420877|30690674|602278708|602376645|30550293|602418394|602466725|3534943|3534941|454477|454476|602265790|31324607|3620493|5807273|3561276
q117,dev,vague,flow:noisy,31829536,1,,,,,0,,,5,521724|521736|521747|602362082|602005101|602278140|30550388|602378408|54517|31133898,521724|521736|521747|602362082|602005101|602278140|30550388|602378408|54517|31133898|602492233|35546497|3904614|30690674|602278708|4101639|602376645|602371531|30550293|602418394|2100540|34847378|31477685|602067627|602070128|602466725|32825454|602391777|3534943|3534941
q117,dev,vague,flow:noisy,31829536,2,vocal_gender,noisy,여성,여성:9|남성:9|혼성:2,10,,,,602492233|35546497|3904614|4101639|602371531|34847378|31477685|32825454|602391777|1984780,602492233|35546497|3904614|4101639|602371531|34847378|31477685|32825454|602391777|1984780|36411342|36411344|30690674|602278708|602376645|30550293|602418394|2100540|602067627|602070128|602466725|3534943|3534941|601893642|454477|454476|36034936|602265790|31324607|3620493
q117,dev,vague,flow:noisy,31829536,3,genre,noisy,댄스,댄스:7|랩/힙합:6|록/메탈:3|발라드:2|R&B/Soul:1|인디음악:1,20,,,,35009233|36411342|36411344|105639|2100540|602067627|602070128|601893642|36034936|5807274,35009233|36411342|36411344|105639|2100540|602067627|602070128|601893642|36034936|5807274|38022274|602369677|36391236|3859894|602420877|30690674|602278708|602376645|30550293|602418394|602466725|3534943|3534941|454477|454476|602265790|31324607|3620493|5807273|3561276
q117,dev,vague,flow:noisy,5668985,1,,,,,0,,,5,521724|521736|521747|602362082|602005101|602278140|30550388|602378408|54517|31133898,521724|521736|521747|602362082|602005101|602278140|30550388|602378408|54517|31133898|602492233|35546497|3904614|30690674|602278708|4101639|602376645|602371531|30550293|602418394|2100540|34847378|31477685|602067627|602070128|602466725|32825454|602391777|3534943|3534941
q117,dev,vague,flow:noisy,5668985,2,vocal_gender,noisy,여성,여성:9|남성:9|혼성:2,10,,,,602492233|35546497|3904614|4101639|602371531|34847378|31477685|32825454|602391777|1984780,602492233|35546497|3904614|4101639|602371531|34847378|31477685|32825454|602391777|1984780|36411342|36411344|30690674|602278708|602376645|30550293|602418394|2100540|602067627|602070128|602466725|3534943|3534941|601893642|454477|454476|36034936|602265790|31324607|3620493
q117,dev,vague,flow:noisy,5668985,3,genre,noisy,댄스,댄스:7|랩/힙합:6|록/메탈:3|발라드:2|R&B/Soul:1|인디음악:1,20,,,,35009233|36411342|36411344|105639|2100540|602067627|602070128|601893642|36034936|5807274,35009233|36411342|36411344|105639|2100540|602067627|602070128|601893642|36034936|5807274|38022274|602369677|36391236|3859894|602420877|30690674|602278708|602376645|30550293|602418394|602466725|3534943|3534941|454477|454476|602265790|31324607|3620493|5807273|3561276
q203,dev,vague,flow:reject,837567,1,,,,,0,,,,476529|91322|489055|1177472|1177475|3689468|3411459|30232719|602142810|1883446,3689468|91322|602142810|476529|1177472|1177475|30232719|3411459|489055|1883446|602470506|1177471|5668985|2906349|843729|3170749|622912|37373234|31938046|2759248|602378408|32698101|602410419|521068|1110715|5639931|602378300|1778590|1913501|2549956
q203,dev,vague,flow:reject,837567,2,,none,,,10,,,,1177471|2906349|5668985|843729|1667441|1913501|521068|3170749|622912|2759248,5668985|1177471|602470506|2906349|2759248|602378408|843729|3170749|622912|37373234|31938046|32698101|602410419|521068|1110715|5639931|602378300|1778590|1913501|2549956|3758104|9620473|30859584|31304766|490173|603146262|602441427|31576009|1667441|485716
q203,dev,vague,flow:reject,837567,3,,none,,,20,,,,31938046|1108584|3758104|1778590|30486509|485716|31304766|490173|2549956|1901874,602470506|602378408|37373234|31938046|32698101|602410419|1110715|5639931|602378300|1778590|2549956|1108584|3758104|9620473|30859584|31304766|490173|30486509|603146262|602441427|31576009|485716|1901874|2924048|1190874|602466925|37138469|1417729|602305663|33260173
q203,dev,vague,flow:skip,837567,1,,,,,0,,,,476529|91322|489055|1177472|1177475|3689468|3411459|30232719|602142810|1883446,3689468|91322|602142810|476529|1177472|1177475|30232719|3411459|489055|1883446|602470506|1177471|5668985|2906349|843729|3170749|622912|37373234|31938046|2759248|602378408|32698101|602410419|521068|1110715|5639931|602378300|1778590|1913501|2549956
q203,dev,vague,flow:skip,837567,2,genre,skip,,발라드:13|록/메탈:3|랩/힙합:3|R&B/Soul:1,10,,,,1177471|2906349|5668985|843729|1667441|1913501|521068|3170749|622912|2759248,5668985|1177471|602470506|2906349|2759248|602378408|843729|3170749|622912|37373234|31938046|32698101|602410419|521068|1110715|5639931|602378300|1778590|1913501|2549956|3758104|9620473|30859584|31304766|490173|603146262|602441427|31576009|1667441|485716
q203,dev,vague,flow:skip,837567,3,vocal_gender,skip,,남성:18|여성:2,20,,,,31938046|1108584|3758104|1778590|30486509|485716|31304766|490173|2549956|1901874,602470506|602378408|37373234|31938046|32698101|602410419|1110715|5639931|602378300|1778590|2549956|1108584|3758104|9620473|30859584|31304766|490173|30486509|603146262|602441427|31576009|485716|1901874|2924048|1190874|602466925|37138469|1417729|602305663|33260173
q203,dev,vague,flow:oracle,837567,1,,,,,0,,,,476529|91322|489055|1177472|1177475|3689468|3411459|30232719|602142810|1883446,3689468|91322|602142810|476529|1177472|1177475|30232719|3411459|489055|1883446|602470506|1177471|5668985|2906349|843729|3170749|622912|37373234|31938046|2759248|602378408|32698101|602410419|521068|1110715|5639931|602378300|1778590|1913501|2549956
q203,dev,vague,flow:oracle,837567,2,genre,oracle,록/메탈,발라드:13|록/메탈:3|랩/힙합:3|R&B/Soul:1,10,,,,1177471|2906349|521068|5668985|1778590|843729|602410419|37373234|1667441|602378300,1177471|2906349|37373234|5668985|602470506|2759248|602378408|843729|3170749|622912|31938046|32698101|602410419|521068|1110715|5639931|602378300|1778590|1913501|2549956|3758104|9620473|30859584|31304766|490173|603146262|602441427|31576009|1667441|485716
q203,dev,vague,flow:oracle,837567,3,,none,,,20,,,,3170749|31938046|1913501|37138469|1108584|485716|30859584|2549956|622912|3758104,602470506|2759248|602378408|3170749|622912|31938046|32698101|1110715|5639931|1913501|2549956|1108584|3758104|9620473|30859584|31304766|490173|30486509|603146262|602441427|31576009|485716|1901874|2924048|1190874|602466925|37138469|1417729|602305663|33260173
q203,dev,vague,flow:noisy,837567,1,,,,,0,,,,476529|91322|489055|1177472|1177475|3689468|3411459|30232719|602142810|1883446,3689468|91322|602142810|476529|1177472|1177475|30232719|3411459|489055|1883446|602470506|1177471|5668985|2906349|843729|3170749|622912|37373234|31938046|2759248|602378408|32698101|602410419|521068|1110715|5639931|602378300|1778590|1913501|2549956
q203,dev,vague,flow:noisy,837567,2,genre,noisy,발라드,발라드:13|록/메탈:3|랩/힙합:3|R&B/Soul:1,10,,,,521068|5668985|1667441|843729|1177471|622912|2906349|3758104|31304766|2759248,5668985|602470506|2759248|843729|622912|31938046|602410419|521068|1110715|5639931|602378300|1778590|2549956|3758104|31304766|490173|602441427|1667441|1177471|2906349|602378408|3170749|37373234|32698101|1913501|9620473|30859584|603146262|31576009|485716
q203,dev,vague,flow:noisy,837567,3,vocal_gender,noisy,여성,남성:18|여성:2,20,,,,602305663|33260173|37138469|37373234|9620473|602470506|31938046|1110715|5639931|602378300,602305663|33260173|602470506|37373234|31938046|602410419|1110715|5639931|602378300|1778590|2549956|1108584|9620473|490173|30486509|602441427|1901874|1190874|37138469|1417729|602378408|3170749|32698101|1913501|30859584|603146262|31576009|485716|2924048|602466925
q205,dev,vague,flow:reject,30486509,1,,,,,0,,11,,602313630|602450228|5495296|529685|612040|1417550|482521|602540121|1099596|621108,5495296|1417550|602450228|529685|612040|482521|602540121|1099596|621108|1183921|30486509|2183418|602410419|419762|1110715|3971021|602313630|1563629|11172|104372|4366156|30757693|31684634|31684636|531594|30613202|34481680|34481682|31927275|5466962
q205,dev,vague,flow:reject,30486509,2,,none,,,10,6,5,6,3971021|1183921|419762|1110715|1739689|30486509|2183418|602410419|1379738|35890454,1183921|419762|1110715|1739689|30486509|2183418|602410419|3971021|1379738|35890454|104372|1563629|11172|4366156|30757693|31684634|31684636|531594|30519033|30613202|31856628|34481680|34481682|4021259|31927275|5466962|5385974|30247520|31055324|30227054
q205,dev,vague,flow:skip,30486509,1,,,,,0,,11,,602313630|602450228|5495296|529685|612040|1417550|482521|602540121|1099596|621108,5495296|1417550|602450228|529685|612040|482521|602540121|1099596|621108|1183921|30486509|2183418|602410419|419762|1110715|3971021|602313630|1563629|11172|104372|4366156|30757693|31684634|31684636|531594|30613202|34481680|34481682|31927275|5466962
q205,dev,vague,flow:skip,30486509,2,vocal_gender,skip,,남성:18|여성:2,10,6,5,6,3971021|1183921|419762|1110715|1739689|30486509|2183418|602410419|1379738|35890454,1183921|419762|1110715|1739689|30486509|2183418|602410419|3971021|1379738|35890454|104372|1563629|11172|4366156|30757693|31684634|31684636|531594|30519033|30613202|31856628|34481680|34481682|4021259|31927275|5466962|5385974|30247520|31055324|30227054
q205,dev,vague,flow:oracle,30486509,1,,,,,0,,11,,602313630|602450228|5495296|529685|612040|1417550|482521|602540121|1099596|621108,5495296|1417550|602450228|529685|612040|482521|602540121|1099596|621108|1183921|30486509|2183418|602410419|419762|1110715|3971021|602313630|1563629|11172|104372|4366156|30757693|31684634|31684636|531594|30613202|34481680|34481682|31927275|5466962
q205,dev,vague,flow:oracle,30486509,2,vocal_gender,oracle,남성,남성:18|여성:2,10,2,5,2,3971021|30486509|1739689|1110715|1379738|1183921|35890454|419762|2183418|602410419,1183921|419762|1110715|1739689|30486509|2183418|602410419|3971021|1379738|35890454|104372|1563629|11172|4366156|30757693|31684634|31684636|531594|30519033|30613202|31856628|31927275|5466962|5385974|34481680|34481682|4021259|30247520|31055324|30227054
q205,dev,vague,flow:noisy,30486509,1,,,,,0,,11,,602313630|602450228|5495296|529685|612040|1417550|482521|602540121|1099596|621108,5495296|1417550|602450228|529685|612040|482521|602540121|1099596|621108|1183921|30486509|2183418|602410419|419762|1110715|3971021|602313630|1563629|11172|104372|4366156|30757693|31684634|31684636|531594|30613202|34481680|34481682|31927275|5466962
q205,dev,vague,flow:noisy,30486509,2,vocal_gender,noisy,여성,남성:18|여성:2,10,10,8,10,34481680|34481682|4021259|31055324|1183921|419762|1110715|1739689|30247520|30486509,34481680|34481682|4021259|1183921|419762|1110715|1739689|30486509|2183418|602410419|3971021|1379738|35890454|31055324|104372|30227054|1563629|11172|4366156|30757693|31684634|31684636|531594|30519033|30613202|31856628|31927275|5466962|5385974|30247520
q208,dev,vague,flow:reject,2063248,1,,,,,0,,,,482652|482653|111413|2903041|3174148|1727368|602376988|33691794|602463022|851423,2903041|482653|111413|3174148|482652|1727368|602376988|33691794|602463022|851423|602461695|32698101|37023625|33260801|1951550|602452568|665221|601937314|602378263|489210|1857969|32473998|34632789|1756967|34599917|602391253|36440243|4645220|602552833|35920493
q208,dev,vague,flow:reject,2063248,2,,none,,,10,1,1,1,2063248|602461695|32698101|37023625|33260801|1951550|602452568|665221|4300699|34431086,2063248|602461695|32698101|37023625|33260801|1951550|602452568|665221|4300699|34431086|926191|37069064|503339|7985298|601937314|602378263|489210|1857969|32473998|34632789|602479419|4107875|1756967|34599917|602391253|36440243|4645220|602552833|35920493|602388655
q208,dev,vague,flow:skip,2063248,1,,,,,0,,,,482652|482653|111413|2903041|3174148|1727368|602376988|33691794|602463022|851423,2903041|482653|111413|3174148|482652|1727368|602376988|33691794|602463022|851423|602461695|32698101|37023625|33260801|1951550|602452568|665221|601937314|602378263|489210|1857969|32473998|34632789|1756967|34599917|602391253|36440243|4645220|602552833|35920493
q208,dev,vague,flow:skip,2063248,2,vocal_gender,skip,,여성:9|남성:7|혼성:4,10,1,1,1,2063248|602461695|32698101|37023625|33260801|1951550|602452568|665221|4300699|34431086,2063248|602461695|32698101|37023625|33260801|1951550|602452568|665221|4300699|34431086|926191|37069064|503339|7985298|601937314|602378263|489210|1857969|32473998|34632789|602479419|4107875|1756967|34599917|602391253|36440243|4645220|602552833|35920493|602388655
q208,dev,vague,flow:oracle,2063248,1,,,,,0,,,,482652|482653|111413|2903041|3174148|1727368|602376988|33691794|602463022|851423,2903041|482653|111413|3174148|482652|1727368|602376988|33691794|602463022|851423|602461695|32698101|37023625|33260801|1951550|602452568|665221|601937314|602378263|489210|1857969|32473998|34632789|1756967|34599917|602391253|36440243|4645220|602552833|35920493
q208,dev,vague,flow:oracle,2063248,2,vocal_gender,oracle,남성,여성:9|남성:7|혼성:4,10,1,1,1,2063248|32698101|37023625|33260801|34431086|602452568|665221|602461695|4300699|1951550,2063248|602461695|32698101|37023625|33260801|1951550|602452568|665221|4300699|34431086|926191|37069064|503339|7985298|601937314|602378263|489210|1857969|32473998|34632789|602479419|4107875|1756967|34599917|602391253|36440243|4645220|602552833|35920493|602388655
q208,dev,vague,flow:noisy,2063248,1,,,,,0,,,,482652|482653|111413|2903041|3174148|1727368|602376988|33691794|602463022|851423,2903041|482653|111413|3174148|482652|1727368|602376988|33691794|602463022|851423|602461695|32698101|37023625|33260801|1951550|602452568|665221|601937314|602378263|489210|1857969|32473998|34632789|1756967|34599917|602391253|36440243|4645220|602552833|35920493
q208,dev,vague,flow:noisy,2063248,2,vocal_gender,noisy,여성,여성:9|남성:7|혼성:4,10,,11,,32473998|1756967|4645220|34599917|34632789|602391253|36440243|602552833|35920493|602388655,32473998|34632789|1756967|34599917|602391253|36440243|4645220|602552833|35920493|602388655|2063248|602461695|32698101|37023625|33260801|1951550|602452568|665221|4300699|34431086|926191|37069064|503339|7985298|601937314|602378263|489210|1857969|602479419|4107875
q208,dev,vague,flow:noisy,2063248,3,genre,noisy,랩/힙합,발라드:9|R&B/Soul:4|댄스:3|랩/힙합:2|록/메탈:1|인디음악:1,20,,5,,1857969|602479419|602378263|601937314|489210|3681993|3460102|4107875|602492500|600707165,32698101|1857969|3681993|602492500|2063248|602014|602461695|37023625|33260801|1951550|602452568|665221|4300699|34431086|926191|37069064|503339|7985298|5771304|36404853|35890454|32508146|601937314|602378263|489210|602479419|4107875|1325050|3460102|600707165
q210,dev,vague,flow:reject,3397448,1,,,,,0,,,,5760115|1913503|711628|1141600|519558|1068643|441007|1177475|2648642|3485088,711628|441007|519558|1913503|1875215|5760115|31009483|2648642|602399233|1141600|5684826|33510307|667166|971439|8236055|1068643|602496852|1379738|3485088|529685|30227061|431614|1177475|105639|602341184|4230002|4138608|1115206|30492279|4038121
q210,dev,vague,flow:reject,3397448,2,,none,,,10,1,8,1,3397448|3685853|1649190|1657448|971439|1556547|667166|5684826|1556553|1875215,1875215|31009483|602399233|5684826|33510307|667166|3685853|3397448|1556547|971439|8236055|602496852|1379738|529685|30227061|431614|105639|1649190|2019681|1657448|8235260|602341184|4230002|1556553|4138608|1115206|30492279|4038121|36351997|602462884
q210,dev,vague,flow:skip,3397448,1,,,,,0,,,,5760115|1913503|711628|1141600|519558|1068643|441007|1177475|2648642|3485088,711628|441007|519558|1913503|1875215|5760115|31009483|2648642|602399233|1141600|5684826|33510307|667166|971439|8236055|1068643|602496852|1379738|3485088|529685|30227061|431614|1177475|105639|602341184|4230002|4138608|1115206|30492279|4038121
q210,dev,vague,flow:skip,3397448,2,vocal_gender,skip,,남성:11|여성:6|혼성:3,10,1,8,1,3397448|3685853|1649190|1657448|971439|1556547|667166|5684826|1556553|1875215,1875215|31009483|602399233|5684826|33510307|667166|3685853|3397448|1556547|971439|8236055|602496852|1379738|529685|30227061|431614|105639|1649190|2019681|1657448|8235260|602341184|4230002|1556553|4138608|1115206|30492279|4038121|36351997|602462884
q210,dev,vague,flow:oracle,3397448,1,,,,,0,,,,5760115|1913503|711628|1141600|519558|1068643|441007|1177475|2648642|3485088,711628|441007|519558|1913503|1875215|5760115|31009483|2648642|602399233|1141600|5684826|33510307|667166|971439|8236055|1068643|602496852|1379738|3485088|529685|30227061|431614|1177475|105639|602341184|4230002|4138608|1115206|30492279|4038121
q210,dev,vague,flow:oracle,3397448,2,vocal_gender,oracle,남성,남성:11|여성:6|혼성:3,10,1,8,1,3397448|3685853|1657448|667166|1649190|1379738|431614|529685|1875215|2019681,1875215|31009483|602399233|5684826|33510307|667166|3685853|3397448|1556547|602496852|1379738|529685|30227061|431614|1649190|2019681|1657448|8235260|971439|8236055|105639|602341184|4230002|1556553|4138608|1115206|30492279|4038121|36351997|602462884
q210,dev,vague,flow:noisy,3397448,1,,,,,0,,,,5760115|1913503|711628|1141600|519558|1068643|441007|1177475|2648642|3485088,711628|441007|519558|1913503|1875215|5760115|31009483|2648642|602399233|1141600|5684826|33510307|667166|971439|8236055|1068643|602496852|1379738|3485088|529685|30227061|431614|1177475|105639|602341184|4230002|4138608|1115206|30492279|4038121
q210,dev,vague,flow:noisy,3397448,2,vocal_gender,noisy,여성,남성:11|여성:6|혼성:3,10,10,15,10,105639|30492279|1115206|8236055|4138608|602462884|4230002|602341184|971439|3397448,8236055|105639|602341184|4230002|4138608|1115206|602462884|1875215|31009483|602399233|5684826|33510307|667166|3685853|3397448|1556547|971439|602496852|1379738|529685|30227061|431614|1649190|2019681|1657448|8235260|1556553|30492279|4038121|36351997
