query_id,split,query_set,tier,policy,target_id,ran,picked_slot,rank,candidate_rank@30,candidate_recall,hit1,hit5,hit10,mrr10,ndcg10,final_relaxed_rank,final_relaxed_hit10,found_turn,relaxed_seen_turn,searches,shown_ids
c601,dev,clarify_v1,vague,initial,,1,,3,26,1.0,0.0,1.0,1.0,0.333333,0.5,1,1,,,,4085875|3467467|3853978|4382254|317997|317670|602560824|431287|417893|2352749
c601,dev,clarify_v1,vague,reject_only,,0,,3,26,1.0,0.0,1.0,1.0,0.333333,0.5,1,1,,,,4085875|3467467|3853978|4382254|317997|317670|602560824|431287|417893|2352749
c601,dev,clarify_v1,vague,reject_twice,,0,,3,26,1.0,0.0,1.0,1.0,0.333333,0.5,1,1,,,,4085875|3467467|3853978|4382254|317997|317670|602560824|431287|417893|2352749
c601,dev,clarify_v1,vague,skip,,0,,3,26,1.0,0.0,1.0,1.0,0.333333,0.5,1,1,,,,4085875|3467467|3853978|4382254|317997|317670|602560824|431287|417893|2352749
c601,dev,clarify_v1,vague,oracle:vocal_gender,,0,,3,26,1.0,0.0,1.0,1.0,0.333333,0.5,1,1,,,,4085875|3467467|3853978|4382254|317997|317670|602560824|431287|417893|2352749
c601,dev,clarify_v1,vague,oracle:type,,0,,3,26,1.0,0.0,1.0,1.0,0.333333,0.5,1,1,,,,4085875|3467467|3853978|4382254|317997|317670|602560824|431287|417893|2352749
c601,dev,clarify_v1,vague,oracle:genre,,0,,3,26,1.0,0.0,1.0,1.0,0.333333,0.5,1,1,,,,4085875|3467467|3853978|4382254|317997|317670|602560824|431287|417893|2352749
c601,dev,clarify_v1,vague,oracle:release_era,,0,,3,26,1.0,0.0,1.0,1.0,0.333333,0.5,1,1,,,,4085875|3467467|3853978|4382254|317997|317670|602560824|431287|417893|2352749
c601,dev,clarify_v1,vague,noisy:vocal_gender,,0,,3,26,1.0,0.0,1.0,1.0,0.333333,0.5,1,1,,,,4085875|3467467|3853978|4382254|317997|317670|602560824|431287|417893|2352749
c601,dev,clarify_v1,vague,noisy:type,,0,,3,26,1.0,0.0,1.0,1.0,0.333333,0.5,1,1,,,,4085875|3467467|3853978|4382254|317997|317670|602560824|431287|417893|2352749
c601,dev,clarify_v1,vague,noisy:genre,,0,,3,26,1.0,0.0,1.0,1.0,0.333333,0.5,1,1,,,,4085875|3467467|3853978|4382254|317997|317670|602560824|431287|417893|2352749
c601,dev,clarify_v1,vague,noisy:release_era,,0,,3,26,1.0,0.0,1.0,1.0,0.333333,0.5,1,1,,,,4085875|3467467|3853978|4382254|317997|317670|602560824|431287|417893|2352749
c601,dev,clarify_v1,vague,rule:oracle,,0,,3,26,1.0,0.0,1.0,1.0,0.333333,0.5,1,1,,,,4085875|3467467|3853978|4382254|317997|317670|602560824|431287|417893|2352749
c601,dev,clarify_v1,vague,rule:noisy,,0,,3,26,1.0,0.0,1.0,1.0,0.333333,0.5,1,1,,,,4085875|3467467|3853978|4382254|317997|317670|602560824|431287|417893|2352749
c601,dev,clarify_v1,vague,rule:skip,,0,,3,26,1.0,0.0,1.0,1.0,0.333333,0.5,1,1,,,,4085875|3467467|3853978|4382254|317997|317670|602560824|431287|417893|2352749
c601,dev,clarify_v1,vague,oracle:best,,0,,3,26,1.0,0.0,1.0,1.0,0.333333,0.5,1,1,,,,4085875|3467467|3853978|4382254|317997|317670|602560824|431287|417893|2352749
c601,dev,clarify_v1,vague,flow:reject,,0,,3,26,1.0,0.0,1.0,1.0,0.333333,0.5,1,1,1,1,1,4085875|3467467|3853978|4382254|317997|317670|602560824|431287|417893|2352749
c601,dev,clarify_v1,vague,flow:skip,,0,,3,26,1.0,0.0,1.0,1.0,0.333333,0.5,1,1,1,1,1,4085875|3467467|3853978|4382254|317997|317670|602560824|431287|417893|2352749
c601,dev,clarify_v1,vague,flow:oracle,,0,,3,26,1.0,0.0,1.0,1.0,0.333333,0.5,1,1,1,1,1,4085875|3467467|3853978|4382254|317997|317670|602560824|431287|417893|2352749
c601,dev,clarify_v1,vague,flow:noisy,,0,,3,26,1.0,0.0,1.0,1.0,0.333333,0.5,1,1,1,1,1,4085875|3467467|3853978|4382254|317997|317670|602560824|431287|417893|2352749
c602,dev,clarify_v1,vague,initial,,1,,4,24,1.0,0.0,1.0,1.0,0.25,0.430677,4,1,,,,30566061|33077590|5835766|4854588|8261338|5807273|5616999|494792|1903050|106465
c602,dev,clarify_v1,vague,reject_only,,0,,4,24,1.0,0.0,1.0,1.0,0.25,0.430677,4,1,,,,30566061|33077590|5835766|4854588|8261338|5807273|5616999|494792|1903050|106465
c602,dev,clarify_v1,vague,reject_twice,,0,,4,24,1.0,0.0,1.0,1.0,0.25,0.430677,4,1,,,,30566061|33077590|5835766|4854588|8261338|5807273|5616999|494792|1903050|106465
c602,dev,clarify_v1,vague,skip,,0,,4,24,1.0,0.0,1.0,1.0,0.25,0.430677,4,1,,,,30566061|33077590|5835766|4854588|8261338|5807273|5616999|494792|1903050|106465
c602,dev,clarify_v1,vague,oracle:vocal_gender,,0,,4,24,1.0,0.0,1.0,1.0,0.25,0.430677,4,1,,,,30566061|33077590|5835766|4854588|8261338|5807273|5616999|494792|1903050|106465
c602,dev,clarify_v1,vague,oracle:type,,0,,4,24,1.0,0.0,1.0,1.0,0.25,0.430677,4,1,,,,30566061|33077590|5835766|4854588|8261338|5807273|5616999|494792|1903050|106465
c602,dev,clarify_v1,vague,oracle:genre,,0,,4,24,1.0,0.0,1.0,1.0,0.25,0.430677,4,1,,,,30566061|33077590|5835766|4854588|8261338|5807273|5616999|494792|1903050|106465
c602,dev,clarify_v1,vague,oracle:release_era,,0,,4,24,1.0,0.0,1.0,1.0,0.25,0.430677,4,1,,,,30566061|33077590|5835766|4854588|8261338|5807273|5616999|494792|1903050|106465
c602,dev,clarify_v1,vague,noisy:vocal_gender,,0,,4,24,1.0,0.0,1.0,1.0,0.25,0.430677,4,1,,,,30566061|33077590|5835766|4854588|8261338|5807273|5616999|494792|1903050|106465
c602,dev,clarify_v1,vague,noisy:type,,0,,4,24,1.0,0.0,1.0,1.0,0.25,0.430677,4,1,,,,30566061|33077590|5835766|4854588|8261338|5807273|5616999|494792|1903050|106465
c602,dev,clarify_v1,vague,noisy:genre,,0,,4,24,1.0,0.0,1.0,1.0,0.25,0.430677,4,1,,,,30566061|33077590|5835766|4854588|8261338|5807273|5616999|494792|1903050|106465
c602,dev,clarify_v1,vague,noisy:release_era,,0,,4,24,1.0,0.0,1.0,1.0,0.25,0.430677,4,1,,,,30566061|33077590|5835766|4854588|8261338|5807273|5616999|494792|1903050|106465
c602,dev,clarify_v1,vague,rule:oracle,,0,,4,24,1.0,0.0,1.0,1.0,0.25,0.430677,4,1,,,,30566061|33077590|5835766|4854588|8261338|5807273|5616999|494792|1903050|106465
c602,dev,clarify_v1,vague,rule:noisy,,0,,4,24,1.0,0.0,1.0,1.0,0.25,0.430677,4,1,,,,30566061|33077590|5835766|4854588|8261338|5807273|5616999|494792|1903050|106465
c602,dev,clarify_v1,vague,rule:skip,,0,,4,24,1.0,0.0,1.0,1.0,0.25,0.430677,4,1,,,,30566061|33077590|5835766|4854588|8261338|5807273|5616999|494792|1903050|106465
c602,dev,clarify_v1,vague,oracle:best,,0,,4,24,1.0,0.0,1.0,1.0,0.25,0.430677,4,1,,,,30566061|33077590|5835766|4854588|8261338|5807273|5616999|494792|1903050|106465
c602,dev,clarify_v1,vague,flow:reject,,0,,4,24,1.0,0.0,1.0,1.0,0.25,0.430677,4,1,1,1,1,30566061|33077590|5835766|4854588|8261338|5807273|5616999|494792|1903050|106465
c602,dev,clarify_v1,vague,flow:skip,,0,,4,24,1.0,0.0,1.0,1.0,0.25,0.430677,4,1,1,1,1,30566061|33077590|5835766|4854588|8261338|5807273|5616999|494792|1903050|106465
c602,dev,clarify_v1,vague,flow:oracle,,0,,4,24,1.0,0.0,1.0,1.0,0.25,0.430677,4,1,1,1,1,30566061|33077590|5835766|4854588|8261338|5807273|5616999|494792|1903050|106465
c602,dev,clarify_v1,vague,flow:noisy,,0,,4,24,1.0,0.0,1.0,1.0,0.25,0.430677,4,1,1,1,1,30566061|33077590|5835766|4854588|8261338|5807273|5616999|494792|1903050|106465
c603,dev,clarify_v1,vague,initial,,1,genre,,,0.0,0.0,0.0,0.0,0.0,0.0,1,1,,,,3411851|3337773|33691794|3928194|32397381|106215|33510307|529685|4300699|104372
c603,dev,clarify_v1,vague,reject_only,,1,genre,4,22,1.0,0.0,1.0,1.0,0.25,0.430677,4,1,,,,32491274|34431086|31406357|2967751|485716|1416893|3170749|2759248|3485088|37023625
c603,dev,clarify_v1,vague,reject_twice,,0,genre,4,22,1.0,0.0,1.0,1.0,0.25,0.430677,4,1,,,,32491274|34431086|31406357|2967751|485716|1416893|3170749|2759248|3485088|37023625
c603,dev,clarify_v1,vague,skip,,1,genre,4,22,1.0,0.0,1.0,1.0,0.25,0.430677,4,1,,,,32491274|34431086|31406357|2967751|485716|1416893|3170749|2759248|3485088|37023625
c603,dev,clarify_v1,vague,oracle:vocal_gender,,1,genre,4,22,1.0,0.0,1.0,1.0,0.25,0.430677,4,1,,,,31406357|32491274|34431086|2967751|32034629|37023625|36062335|37069064|485716|3170749
c603,dev,clarify_v1,vague,oracle:type,,1,genre,,14,1.0,0.0,0.0,0.0,0.0,0.0,,0,,,,31406357|32034629|37023625|32491274|2336218|37069064|34431086|36062335|28132|482521
c603,dev,clarify_v1,vague,oracle:genre,,1,genre,1,1,1.0,1.0,1.0,1.0,1.0,1.0,1,1,,,,2967751|37069064|3170749|485716|31406357|34431086|32491274|3485088|1563629|1068643
c603,dev,clarify_v1,vague,oracle:release_era,,1,genre,6,7,1.0,0.0,0.0,1.0,0.166667,0.356207,6,1,,,,31406357|32034629|34431086|32491274|3170749|2967751|3534941|2759248|2566853|37069064
c603,dev,clarify_v1,vague,noisy:vocal_gender,,1,genre,,23,1.0,0.0,0.0,0.0,0.0,0.0,,0,,,,35920493|2336218|31406357|485716|32034629|37069064|36062335|34431086|34657844|1416893
c603,dev,clarify_v1,vague,noisy:type,,1,genre,,22,1.0,0.0,0.0,0.0,0.0,0.0,,0,,,,485716|3485088|105714|1068643|1563629|3170749|602376988|3534941|2336218|34657844
c603,dev,clarify_v1,vague,noisy:genre,,1,genre,4,28,1.0,0.0,1.0,1.0,0.25,0.430677,4,1,,,,32491274|34431086|31406357|2967751|32034629|37023625|2759248|1416893|1379738|3485088
c603,dev,clarify_v1,vague,noisy:release_era,,1,genre,4,24,1.0,0.0,1.0,1.0,0.25,0.430677,4,1,,,,34431086|32491274|31406357|2967751|485716|3170749|1068643|1416893|1563629|2759248
c603,dev,clarify_v1,vague,rule:oracle,,1,genre,1,1,1.0,1.0,1.0,1.0,1.0,1.0,1,1,,,,2967751|37069064|3170749|485716|31406357|34431086|32491274|3485088|1563629|1068643
c603,dev,clarify_v1,vague,rule:noisy,,1,genre,4,28,1.0,0.0,1.0,1.0,0.25,0.430677,4,1,,,,32491274|34431086|31406357|2967751|32034629|37023625|2759248|1416893|1379738|3485088
c603,dev,clarify_v1,vague,rule:skip,,1,genre,4,22,1.0,0.0,1.0,1.0,0.25,0.430677,4,1,,,,32491274|34431086|31406357|2967751|485716|1416893|3170749|2759248|3485088|37023625
c603,dev,clarify_v1,vague,oracle:best,,1,genre,1,1,1.0,1.0,1.0,1.0,1.0,1.0,1,1,,,,2967751|37069064|3170749|485716|31406357|34431086|32491274|3485088|1563629|1068643
c603,dev,clarify_v1,vague,flow:reject,2967751,1,genre,4,22,1.0,0.0,1.0,1.0,0.25,0.430677,4,1,2,1,2,32491274|34431086|31406357|2967751|485716|1416893|3170749|2759248|3485088|37023625
c603,dev,clarify_v1,vague,flow:skip,2967751,1,genre,4,22,1.0,0.0,1.0,1.0,0.25,0.430677,4,1,2,1,2,32491274|34431086|31406357|2967751|485716|1416893|3170749|2759248|3485088|37023625
c603,dev,clarify_v1,vague,flow:oracle,2967751,1,genre,4,22,1.0,0.0,1.0,1.0,0.25,0.430677,4,1,2,1,2,32491274|34431086|31406357|2967751|485716|1416893|3170749|2759248|3485088|37023625
c603,dev,clarify_v1,vague,flow:noisy,2967751,1,genre,4,28,1.0,0.0,1.0,1.0,0.25,0.430677,4,1,2,1,2,32491274|34431086|31406357|2967751|32034629|37023625|2759248|1416893|1379738|3485088
c605,dev,clarify_v1,vague,initial,,1,,1,3,1.0,1.0,1.0,1.0,1.0,1.0,1,1,,,,1525533|1525541|33691794|34481680|1535477|9629220|36394038|30838076|602360405|8233373
c605,dev,clarify_v1,vague,reject_only,,0,,1,3,1.0,1.0,1.0,1.0,1.0,1.0,1,1,,,,1525533|1525541|33691794|34481680|1535477|9629220|36394038|30838076|602360405|8233373
c605,dev,clarify_v1,vague,reject_twice,,0,,1,3,1.0,1.0,1.0,1.0,1.0,1.0,1,1,,,,1525533|1525541|33691794|34481680|1535477|9629220|36394038|30838076|602360405|8233373
c605,dev,clarify_v1,vague,skip,,0,,1,3,1.0,1.0,1.0,1.0,1.0,1.0,1,1,,,,1525533|1525541|33691794|34481680|1535477|9629220|36394038|30838076|602360405|8233373
c605,dev,clarify_v1,vague,oracle:vocal_gender,,0,,1,3,1.0,1.0,1.0,1.0,1.0,1.0,1,1,,,,1525533|1525541|33691794|34481680|1535477|9629220|36394038|30838076|602360405|8233373
c605,dev,clarify_v1,vague,oracle:type,,0,,1,3,1.0,1.0,1.0,1.0,1.0,1.0,1,1,,,,1525533|1525541|33691794|34481680|1535477|9629220|36394038|30838076|602360405|8233373
c605,dev,clarify_v1,vague,oracle:genre,,0,,1,3,1.0,1.0,1.0,1.0,1.0,1.0,1,1,,,,1525533|1525541|33691794|34481680|1535477|9629220|36394038|30838076|602360405|8233373
c605,dev,clarify_v1,vague,oracle:release_era,,0,,1,3,1.0,1.0,1.0,1.0,1.0,1.0,1,1,,,,1525533|1525541|33691794|34481680|1535477|9629220|36394038|30838076|602360405|8233373
c605,dev,clarify_v1,vague,noisy:vocal_gender,,0,,1,3,1.0,1.0,1.0,1.0,1.0,1.0,1,1,,,,1525533|1525541|33691794|34481680|1535477|9629220|36394038|30838076|602360405|8233373
c605,dev,clarify_v1,vague,noisy:type,,0,,1,3,1.0,1.0,1.0,1.0,1.0,1.0,1,1,,,,1525533|1525541|33691794|34481680|1535477|9629220|36394038|30838076|602360405|8233373
c605,dev,clarify_v1,vague,noisy:genre,,0,,1,3,1.0,1.0,1.0,1.0,1.0,1.0,1,1,,,,1525533|1525541|33691794|34481680|1535477|9629220|36394038|30838076|602360405|8233373
c605,dev,clarify_v1,vague,noisy:release_era,,0,,1,3,1.0,1.0,1.0,1.0,1.0,1.0,1,1,,,,1525533|1525541|33691794|34481680|1535477|9629220|36394038|30838076|602360405|8233373
c605,dev,clarify_v1,vague,rule:oracle,,0,,1,3,1.0,1.0,1.0,1.0,1.0,1.0,1,1,,,,1525533|1525541|33691794|34481680|1535477|9629220|36394038|30838076|602360405|8233373
c605,dev,clarify_v1,vague,rule:noisy,,0,,1,3,1.0,1.0,1.0,1.0,1.0,1.0,1,1,,,,1525533|1525541|33691794|34481680|1535477|9629220|36394038|30838076|602360405|8233373
c605,dev,clarify_v1,vague,rule:skip,,0,,1,3,1.0,1.0,1.0,1.0,1.0,1.0,1,1,,,,1525533|1525541|33691794|34481680|1535477|9629220|36394038|30838076|602360405|8233373
c605,dev,clarify_v1,vague,oracle:best,,0,,1,3,1.0,1.0,1.0,1.0,1.0,1.0,1,1,,,,1525533|1525541|33691794|34481680|1535477|9629220|36394038|30838076|602360405|8233373
c605,dev,clarify_v1,vague,flow:reject,,0,,1,3,1.0,1.0,1.0,1.0,1.0,1.0,1,1,1,1,1,1525533|1525541|33691794|34481680|1535477|9629220|36394038|30838076|602360405|8233373
c605,dev,clarify_v1,vague,flow:skip,,0,,1,3,1.0,1.0,1.0,1.0,1.0,1.0,1,1,1,1,1,1525533|1525541|33691794|34481680|1535477|9629220|36394038|30838076|602360405|8233373
c605,dev,clarify_v1,vague,flow:oracle,,0,,1,3,1.0,1.0,1.0,1.0,1.0,1.0,1,1,1,1,1,1525533|1525541|33691794|34481680|1535477|9629220|36394038|30838076|602360405|8233373
c605,dev,clarify_v1,vague,flow:noisy,,0,,1,3,1.0,1.0,1.0,1.0,1.0,1.0,1,1,1,1,1,1525533|1525541|33691794|34481680|1535477|9629220|36394038|30838076|602360405|8233373
c607,dev,clarify_v1,vague,initial,,1,,6,22,1.0,0.0,0.0,1.0,0.166667,0.356207,6,1,,,,32646766|34373632|7942948|686651|4300699|7921208|1839831|531748|2097848|2226049
c607,dev,clarify_v1,vague,reject_only,,0,,6,22,1.0,0.0,0.0,1.0,0.166667,0.356207,6,1,,,,32646766|34373632|7942948|686651|4300699|7921208|1839831|531748|2097848|2226049
c607,dev,clarify_v1,vague,reject_twice,,0,,6,22,1.0,0.0,0.0,1.0,0.166667,0.356207,6,1,,,,32646766|34373632|7942948|686651|4300699|7921208|1839831|531748|2097848|2226049
c607,dev,clarify_v1,vague,skip,,0,,6,22,1.0,0.0,0.0,1.0,0.166667,0.356207,6,1,,,,32646766|34373632|7942948|686651|4300699|7921208|1839831|531748|2097848|2226049
c607,dev,clarify_v1,vague,oracle:vocal_gender,,0,,6,22,1.0,0.0,0.0,1.0,0.166667,0.356207,6,1,,,,32646766|34373632|7942948|686651|4300699|7921208|1839831|531748|2097848|2226049
c607,dev,clarify_v1,vague,oracle:type,,0,,6,22,1.0,0.0,0.0,1.0,0.166667,0.356207,6,1,,,,32646766|34373632|7942948|686651|4300699|7921208|1839831|531748|2097848|2226049
c607,dev,clarify_v1,vague,oracle:genre,,0,,6,22,1.0,0.0,0.0,1.0,0.166667,0.356207,6,1,,,,32646766|34373632|7942948|686651|4300699|7921208|1839831|531748|2097848|2226049
c607,dev,clarify_v1,vague,oracle:release_era,,0,,6,22,1.0,0.0,0.0,1.0,0.166667,0.356207,6,1,,,,32646766|34373632|7942948|686651|4300699|7921208|1839831|531748|2097848|2226049
c607,dev,clarify_v1,vague,noisy:vocal_gender,,0,,6,22,1.0,0.0,0.0,1.0,0.166667,0.356207,6,1,,,,32646766|34373632|7942948|686651|4300699|7921208|1839831|531748|2097848|2226049
c607,dev,clarify_v1,vague,noisy:type,,0,,6,22,1.0,0.0,0.0,1.0,0.166667,0.356207,6,1,,,,32646766|34373632|7942948|686651|4300699|7921208|1839831|531748|2097848|2226049
c607,dev,clarify_v1,vague,noisy:genre,,0,,6,22,1.0,0.0,0.0,1.0,0.166667,0.356207,6,1,,,,32646766|34373632|7942948|686651|4300699|7921208|1839831|531748|2097848|2226049
c607,dev,clarify_v1,vague,noisy:release_era,,0,,6,22,1.0,0.0,0.0,1.0,0.166667,0.356207,6,1,,,,32646766|34373632|7942948|686651|4300699|7921208|1839831|531748|2097848|2226049
c607,dev,clarify_v1,vague,rule:oracle,,0,,6,22,1.0,0.0,0.0,1.0,0.166667,0.356207,6,1,,,,32646766|34373632|7942948|686651|4300699|7921208|1839831|531748|2097848|2226049
c607,dev,clarify_v1,vague,rule:noisy,,0,,6,22,1.0,0.0,0.0,1.0,0.166667,0.356207,6,1,,,,32646766|34373632|7942948|686651|4300699|7921208|1839831|531748|2097848|2226049
c607,dev,clarify_v1,vague,rule:skip,,0,,6,22,1.0,0.0,0.0,1.0,0.166667,0.356207,6,1,,,,32646766|34373632|7942948|686651|4300699|7921208|1839831|531748|2097848|2226049
c607,dev,clarify_v1,vague,oracle:best,,0,,6,22,1.0,0.0,0.0,1.0,0.166667,0.356207,6,1,,,,32646766|34373632|7942948|686651|4300699|7921208|1839831|531748|2097848|2226049
c607,dev,clarify_v1,vague,flow:reject,,0,,6,22,1.0,0.0,0.0,1.0,0.166667,0.356207,6,1,1,1,1,32646766|34373632|7942948|686651|4300699|7921208|1839831|531748|2097848|2226049
c607,dev,clarify_v1,vague,flow:skip,,0,,6,22,1.0,0.0,0.0,1.0,0.166667,0.356207,6,1,1,1,1,32646766|34373632|7942948|686651|4300699|7921208|1839831|531748|2097848|2226049
c607,dev,clarify_v1,vague,flow:oracle,,0,,6,22,1.0,0.0,0.0,1.0,0.166667,0.356207,6,1,1,1,1,32646766|34373632|7942948|686651|4300699|7921208|1839831|531748|2097848|2226049
c607,dev,clarify_v1,vague,flow:noisy,,0,,6,22,1.0,0.0,0.0,1.0,0.166667,0.356207,6,1,1,1,1,32646766|34373632|7942948|686651|4300699|7921208|1839831|531748|2097848|2226049
c701,dev,clarify_v1,misinformation,initial,,1,vocal_gender,,,0.0,0.0,0.0,0.0,0.0,0.0,,0,,,,4038857|30178900|30190630|4446485|30157753|4375626|30177818|32311870|4044859|2759248
c701,dev,clarify_v1,misinformation,reject_only,,1,vocal_gender,,28,1.0,0.0,0.0,0.0,0.0,0.0,,0,,,,30169383|32323639|32364000|4388702|686637|1459456|30877002|523274|622912|89806
c701,dev,clarify_v1,misinformation,reject_twice,,1,vocal_gender,,24,1.0,0.0,0.0,0.0,0.0,0.0,,0,,,,30132687|1116679|623902|3052054|602334315|425634|1521142|2627950|36382580|848156
c701,dev,clarify_v1,misinformation,skip,,1,vocal_gender,,28,1.0,0.0,0.0,0.0,0.0,0.0,,0,,,,30169383|32323639|32364000|4388702|686637|1459456|30877002|523274|622912|89806
c701,dev,clarify_v1,misinformation,oracle:vocal_gender,,1,vocal_gender,6,6,1.0,0.0,0.0,1.0,0.166667,0.356207,6,1,,,,4056159|3018898|1798588|31983112|32378104|4412196|2319548|4092790|7942948|523274
c701,dev,clarify_v1,misinformation,oracle:type,,1,vocal_gender,,26,1.0,0.0,0.0,0.0,0.0,0.0,,0,,,,30877002|1459456|686637|32323639|523274|622912|30169383|4388702|5684791|2627950
c701,dev,clarify_v1,misinformation,oracle:genre,,1,vocal_gender,,27,1.0,0.0,0.0,0.0,0.0,0.0,,0,,,,3018898|30169383|32323639|32364000|4388702|2627950|5684791|622912|7942948|1459456
c701,dev,clarify_v1,misinformation,oracle:release_era,,1,vocal_gender,,10,1.0,0.0,0.0,0.0,0.0,0.0,,0,,,,30169383|30877002|4388702|7942948|32323639|2627950|5684791|602334315|602427189|32364000
c701,dev,clarify_v1,misinformation,noisy:vocal_gender,,1,vocal_gender,,28,1.0,0.0,0.0,0.0,0.0,0.0,,0,,,,30877002|30169383|686637|1459456|3052054|523274|602334315|622912|89806|1116679
c701,dev,clarify_v1,misinformation,noisy:type,,1,vocal_gender,,28,1.0,0.0,0.0,0.0,0.0,0.0,,0,,,,1190874|3052054|4388702|30169383|32323639|5684791|2627950|32364000|602427189|30877002
c701,dev,clarify_v1,misinformation,noisy:genre,,1,vocal_gender,,28,1.0,0.0,0.0,0.0,0.0,0.0,,0,,,,3052054|602334315|7942948|32323639|4388702|5684791|2627950|32364000|602427189|1190874
c701,dev,clarify_v1,misinformation,noisy:release_era,,1,vocal_gender,,29,1.0,0.0,0.0,0.0,0.0,0.0,,0,,,,1116679|523274|686637|1459456|89806|622912|3052054|1190874|425634|1521142
c701,dev,clarify_v1,misinformation,rule:oracle,,1,vocal_gender,2,6,1.0,0.0,1.0,1.0,0.5,0.63093,2,1,,,,4056159|4412196|32378104|31983112|1798588|4092790|3018898|2319548|3052054|1459456
c701,dev,clarify_v1,misinformation,rule:noisy,,1,vocal_gender,,28,1.0,0.0,0.0,0.0,0.0,0.0,,0,,,,30877002|30169383|686637|1459456|3052054|523274|602334315|622912|89806|1116679
c701,dev,clarify_v1,misinformation,rule:skip,,1,vocal_gender,,28,1.0,0.0,0.0,0.0,0.0,0.0,,0,,,,30169383|32323639|32364000|4388702|686637|1459456|30877002|523274|622912|89806
c701,dev,clarify_v1,misinformation,oracle:best,,1,vocal_gender,6,6,1.0,0.0,0.0,1.0,0.166667,0.356207,6,1,,,,4056159|3018898|1798588|31983112|32378104|4412196|2319548|4092790|7942948|523274
c701,dev,clarify_v1,misinformation,flow:reject,4412196,1,vocal_gender,,24,1.0,0.0,0.0,0.0,0.0,0.0,,0,,,3,30132687|1116679|623902|3052054|602334315|425634|1521142|2627950|36382580|848156
c701,dev,clarify_v1,misinformation,flow:skip,4412196,1,vocal_gender,,24,1.0,0.0,0.0,0.0,0.0,0.0,,0,,,3,30132687|1116679|623902|3052054|602334315|425634|1521142|2627950|36382580|848156
c701,dev,clarify_v1,misinformation,flow:oracle,4412196,1,vocal_gender,2,6,1.0,0.0,1.0,1.0,0.5,0.63093,2,1,2,2,2,4056159|4412196|32378104|31983112|1798588|4092790|3018898|2319548|3052054|1459456
c701,dev,clarify_v1,misinformation,flow:noisy,4412196,1,vocal_gender,,24,1.0,0.0,0.0,0.0,0.0,0.0,,0,,,3,2627950|623902|4388702|30132687|32323639|32364000|1190874|36394038|36382580|848156
c705,dev,clarify_v1,misinformation,initial,,1,vocal_gender,,27,1.0,0.0,0.0,0.0,0.0,0.0,,0,,,,8203900|529685|32323639|4388702|2017349|2627950|530043|490173|32364000|37344905
c705,dev,clarify_v1,misinformation,reject_only,,1,vocal_gender,,23,1.0,0.0,0.0,0.0,0.0,0.0,,0,,,,27600|31938046|8122589|31373277|1667441|602470506|2759248|5668985|32508146|9611490
c705,dev,clarify_v1,misinformation,reject_twice,,1,vocal_gender,,23,1.0,0.0,0.0,0.0,0.0,0.0,,0,,,,1416893|1901874|602540604|1116679|848156|4433528|1417550|432357|36394038|4038857
c705,dev,clarify_v1,misinformation,skip,,1,vocal_gender,,23,1.0,0.0,0.0,0.0,0.0,0.0,,0,,,,27600|31938046|8122589|31373277|1667441|602470506|2759248|5668985|32508146|9611490
c705,dev,clarify_v1,misinformation,oracle:vocal_gender,,1,vocal_gender,2,3,1.0,0.0,1.0,1.0,0.5,0.63093,2,1,,,,3018898|1928055|31952592|4296990|31983112|1798588|32378104|9629220|667278|8071102
c705,dev,clarify_v1,misinformation,oracle:type,,1,vocal_gender,,16,1.0,0.0,0.0,0.0,0.0,0.0,,0,,,,32508146|31938046|31373277|5709750|27600|2759248|4038857|602360405|1667441|622912
c705,dev,clarify_v1,misinformation,oracle:genre,,1,vocal_gender,,23,1.0,0.0,0.0,0.0,0.0,0.0,,0,,,,31938046|602470506|5709750|1667441|8122589|2759248|31373277|32508146|5668985|27600
c705,dev,clarify_v1,misinformation,oracle:release_era,,1,vocal_gender,,7,1.0,0.0,0.0,0.0,0.0,0.0,,0,,,,27600|848156|622912|1667441|1190874|1901874|2759248|31938046|8122589|9611490
c705,dev,clarify_v1,misinformation,noisy:vocal_gender,,1,vocal_gender,,23,1.0,0.0,0.0,0.0,0.0,0.0,,0,,,,27600|3018898|31938046|602470506|5668985|1667441|31373277|36394038|8122589|2759248
c705,dev,clarify_v1,misinformation,noisy:type,,1,vocal_gender,,23,1.0,0.0,0.0,0.0,0.0,0.0,,0,,,,1190874|1901874|8122589|7985298|31938046|32508146|31373277|27600|2759248|9611490
c705,dev,clarify_v1,misinformation,noisy:genre,,1,vocal_gender,,23,1.0,0.0,0.0,0.0,0.0,0.0,,0,,,,8102386|36394038|27600|31938046|31373277|32508146|8122589|1667441|9611490|5668985
c705,dev,clarify_v1,misinformation,noisy:release_era,,1,vocal_gender,,23,1.0,0.0,0.0,0.0,0.0,0.0,,0,,,,27600|1667441|622912|1901874|2759248|848156|667278|5668985|4038857|32508146
c705,dev,clarify_v1,misinformation,rule:oracle,,1,vocal_gender,2,3,1.0,0.0,1.0,1.0,0.5,0.63093,2,1,,,,3018898|1928055|31952592|4296990|31983112|1798588|32378104|9629220|667278|8071102
c705,dev,clarify_v1,misinformation,rule:noisy,,1,vocal_gender,,23,1.0,0.0,0.0,0.0,0.0,0.0,,0,,,,27600|3018898|31938046|602470506|5668985|1667441|31373277|36394038|8122589|2759248
c705,dev,clarify_v1,misinformation,rule:skip,,1,vocal_gender,,23,1.0,0.0,0.0,0.0,0.0,0.0,,0,,,,27600|31938046|8122589|31373277|1667441|602470506|2759248|5668985|32508146|9611490
c705,dev,clarify_v1,misinformation,oracle:best,,1,vocal_gender,2,3,1.0,0.0,1.0,1.0,0.5,0.63093,2,1,,,,3018898|1928055|31952592|4296990|31983112|1798588|32378104|9629220|667278|8071102
c705,dev,clarify_v1,misinformation,flow:reject,1928055,1,vocal_gender,,23,1.0,0.0,0.0,0.0,0.0,0.0,,0,,,3,1416893|1901874|602540604|1116679|848156|4433528|1417550|432357|36394038|4038857
c705,dev,clarify_v1,misinformation,flow:skip,1928055,1,vocal_gender,,23,1.0,0.0,0.0,0.0,0.0,0.0,,0,,,3,1416893|1901874|602540604|1116679|848156|4433528|1417550|432357|36394038|4038857
c705,dev,clarify_v1,misinformation,flow:oracle,1928055,1,vocal_gender,2,3,1.0,0.0,1.0,1.0,0.5,0.63093,2,1,2,2,2,3018898|1928055|31952592|4296990|31983112|1798588|32378104|9629220|667278|8071102
c705,dev,clarify_v1,misinformation,flow:noisy,1928055,1,vocal_gender,,23,1.0,0.0,0.0,0.0,0.0,0.0,,0,,,3,1416893|1116679|848156|602540604|9611490|432357|1190874|4433528|36394038|1417550
c706,dev,clarify_v1,misinformation,initial,,1,,4,9,1.0,0.0,1.0,1.0,0.25,0.430677,4,1,,,,4237755|4024692|4011596|4020215|2051448|2601848|1417729|5608760|2281050|3866006
c706,dev,clarify_v1,misinformation,reject_only,,0,,4,9,1.0,0.0,1.0,1.0,0.25,0.430677,4,1,,,,4237755|4024692|4011596|4020215|2051448|2601848|1417729|5608760|2281050|3866006
c706,dev,clarify_v1,misinformation,reject_twice,,0,,4,9,1.0,0.0,1.0,1.0,0.25,0.430677,4,1,,,,4237755|4024692|4011596|4020215|2051448|2601848|1417729|5608760|2281050|3866006
c706,dev,clarify_v1,misinformation,skip,,0,,4,9,1.0,0.0,1.0,1.0,0.25,0.430677,4,1,,,,4237755|4024692|4011596|4020215|2051448|2601848|1417729|5608760|2281050|3866006
c706,dev,clarify_v1,misinformation,oracle:vocal_gender,,0,,4,9,1.0,0.0,1.0,1.0,0.25,0.430677,4,1,,,,4237755|4024692|4011596|4020215|2051448|2601848|1417729|5608760|2281050|3866006
c706,dev,clarify_v1,misinformation,oracle:type,,0,,4,9,1.0,0.0,1.0,1.0,0.25,0.430677,4,1,,,,4237755|4024692|4011596|4020215|2051448|2601848|1417729|5608760|2281050|3866006
c706,dev,clarify_v1,misinformation,oracle:genre,,0,,4,9,1.0,0.0,1.0,1.0,0.25,0.430677,4,1,,,,4237755|4024692|4011596|4020215|2051448|2601848|1417729|5608760|2281050|3866006
c706,dev,clarify_v1,misinformation,oracle:release_era,,0,,4,9,1.0,0.0,1.0,1.0,0.25,0.430677,4,1,,,,4237755|4024692|4011596|4020215|2051448|2601848|1417729|5608760|2281050|3866006
c706,dev,clarify_v1,misinformation,noisy:vocal_gender,,0,,4,9,1.0,0.0,1.0,1.0,0.25,0.430677,4,1,,,,4237755|4024692|4011596|4020215|2051448|2601848|1417729|5608760|2281050|3866006
c706,dev,clarify_v1,misinformation,noisy:type,,0,,4,9,1.0,0.0,1.0,1.0,0.25,0.430677,4,1,,,,4237755|4024692|4011596|4020215|2051448|2601848|1417729|5608760|2281050|3866006
c706,dev,clarify_v1,misinformation,noisy:genre,,0,,4,9,1.0,0.0,1.0,1.0,0.25,0.430677,4,1,,,,4237755|4024692|4011596|4020215|2051448|2601848|1417729|5608760|2281050|3866006
c706,dev,clarify_v1,misinformation,noisy:release_era,,0,,4,9,1.0,0.0,1.0,1.0,0.25,0.430677,4,1,,,,4237755|4024692|4011596|4020215|2051448|2601848|1417729|5608760|2281050|3866006
c706,dev,clarify_v1,misinformation,rule:oracle,,0,,4,9,1.0,0.0,1.0,1.0,0.25,0.430677,4,1,,,,4237755|4024692|4011596|4020215|2051448|2601848|1417729|5608760|2281050|3866006
c706,dev,clarify_v1,misinformation,rule:noisy,,0,,4,9,1.0,0.0,1.0,1.0,0.25,0.430677,4,1,,,,4237755|4024692|4011596|4020215|2051448|2601848|1417729|5608760|2281050|3866006
c706,dev,clarify_v1,misinformation,rule:skip,,0,,4,9,1.0,0.0,1.0,1.0,0.25,0.430677,4,1,,,,4237755|4024692|4011596|4020215|2051448|2601848|1417729|5608760|2281050|3866006
c706,dev,clarify_v1,misinformation,oracle:best,,0,,4,9,1.0,0.0,1.0,1.0,0.25,0.430677,4,1,,,,4237755|4024692|4011596|4020215|2051448|2601848|1417729|5608760|2281050|3866006
c706,dev,clarify_v1,misinformation,flow:reject,,0,,4,9,1.0,0.0,1.0,1.0,0.25,0.430677,4,1,1,1,1,4237755|4024692|4011596|4020215|2051448|2601848|1417729|5608760|2281050|3866006
c706,dev,clarify_v1,misinformation,flow:skip,,0,,4,9,1.0,0.0,1.0,1.0,0.25,0.430677,4,1,1,1,1,4237755|4024692|4011596|4020215|2051448|2601848|1417729|5608760|2281050|3866006
c706,dev,clarify_v1,misinformation,flow:oracle,,0,,4,9,1.0,0.0,1.0,1.0,0.25,0.430677,4,1,1,1,1,4237755|4024692|4011596|4020215|2051448|2601848|1417729|5608760|2281050|3866006
c706,dev,clarify_v1,misinformation,flow:noisy,,0,,4,9,1.0,0.0,1.0,1.0,0.25,0.430677,4,1,1,1,1,4237755|4024692|4011596|4020215|2051448|2601848|1417729|5608760|2281050|3866006
c707,dev,clarify_v1,misinformation,initial,,1,,2,18,1.0,0.0,1.0,1.0,0.5,0.63093,2,1,,,,5605860|5650996|3414749|4665220|32473998|5674119|33347390|489226|602389065|602323658
c707,dev,clarify_v1,misinformation,reject_only,,0,,2,18,1.0,0.0,1.0,1.0,0.5,0.63093,2,1,,,,5605860|5650996|3414749|4665220|32473998|5674119|33347390|489226|602389065|602323658
c707,dev,clarify_v1,misinformation,reject_twice,,0,,2,18,1.0,0.0,1.0,1.0,0.5,0.63093,2,1,,,,5605860|5650996|3414749|4665220|32473998|5674119|33347390|489226|602389065|602323658
c707,dev,clarify_v1,misinformation,skip,,0,,2,18,1.0,0.0,1.0,1.0,0.5,0.63093,2,1,,,,5605860|5650996|3414749|4665220|32473998|5674119|33347390|489226|602389065|602323658
c707,dev,clarify_v1,misinformation,oracle:vocal_gender,,0,,2,18,1.0,0.0,1.0,1.0,0.5,0.63093,2,1,,,,5605860|5650996|3414749|4665220|32473998|5674119|33347390|489226|602389065|602323658
c707,dev,clarify_v1,misinformation,oracle:type,,0,,2,18,1.0,0.0,1.0,1.0,0.5,0.63093,2,1,,,,5605860|5650996|3414749|4665220|32473998|5674119|33347390|489226|602389065|602323658
c707,dev,clarify_v1,misinformation,oracle:genre,,0,,2,18,1.0,0.0,1.0,1.0,0.5,0.63093,2,1,,,,5605860|5650996|3414749|4665220|32473998|5674119|33347390|489226|602389065|602323658
c707,dev,clarify_v1,misinformation,oracle:release_era,,0,,2,18,1.0,0.0,1.0,1.0,0.5,0.63093,2,1,,,,5605860|5650996|3414749|4665220|32473998|5674119|33347390|489226|602389065|602323658
c707,dev,clarify_v1,misinformation,noisy:vocal_gender,,0,,2,18,1.0,0.0,1.0,1.0,0.5,0.63093,2,1,,,,5605860|5650996|3414749|4665220|32473998|5674119|33347390|489226|602389065|602323658
c707,dev,clarify_v1,misinformation,noisy:type,,0,,2,18,1.0,0.0,1.0,1.0,0.5,0.63093,2,1,,,,5605860|5650996|3414749|4665220|32473998|5674119|33347390|489226|602389065|602323658
c707,dev,clarify_v1,misinformation,noisy:genre,,0,,2,18,1.0,0.0,1.0,1.0,0.5,0.63093,2,1,,,,5605860|5650996|3414749|4665220|32473998|5674119|33347390|489226|602389065|602323658
c707,dev,clarify_v1,misinformation,noisy:release_era,,0,,2,18,1.0,0.0,1.0,1.0,0.5,0.63093,2,1,,,,5605860|5650996|3414749|4665220|32473998|5674119|33347390|489226|602389065|602323658
c707,dev,clarify_v1,misinformation,rule:oracle,,0,,2,18,1.0,0.0,1.0,1.0,0.5,0.63093,2,1,,,,5605860|5650996|3414749|4665220|32473998|5674119|33347390|489226|602389065|602323658
c707,dev,clarify_v1,misinformation,rule:noisy,,0,,2,18,1.0,0.0,1.0,1.0,0.5,0.63093,2,1,,,,5605860|5650996|3414749|4665220|32473998|5674119|33347390|489226|602389065|602323658
c707,dev,clarify_v1,misinformation,rule:skip,,0,,2,18,1.0,0.0,1.0,1.0,0.5,0.63093,2,1,,,,5605860|5650996|3414749|4665220|32473998|5674119|33347390|489226|602389065|602323658
c707,dev,clarify_v1,misinformation,oracle:best,,0,,2,18,1.0,0.0,1.0,1.0,0.5,0.63093,2,1,,,,5605860|5650996|3414749|4665220|32473998|5674119|33347390|489226|602389065|602323658
c707,dev,clarify_v1,misinformation,flow:reject,,0,,2,18,1.0,0.0,1.0,1.0,0.5,0.63093,2,1,1,1,1,5605860|5650996|3414749|4665220|32473998|5674119|33347390|489226|602389065|602323658
c707,dev,clarify_v1,misinformation,flow:skip,,0,,2,18,1.0,0.0,1.0,1.0,0.5,0.63093,2,1,1,1,1,5605860|5650996|3414749|4665220|32473998|5674119|33347390|489226|602389065|602323658
c707,dev,clarify_v1,misinformation,flow:oracle,,0,,2,18,1.0,0.0,1.0,1.0,0.5,0.63093,2,1,1,1,1,5605860|5650996|3414749|4665220|32473998|5674119|33347390|489226|602389065|602323658
c707,dev,clarify_v1,misinformation,flow:noisy,,0,,2,18,1.0,0.0,1.0,1.0,0.5,0.63093,2,1,1,1,1,5605860|5650996|3414749|4665220|32473998|5674119|33347390|489226|602389065|602323658
m102,dev,modality_v1,vague,initial,,1,,1,1,1.0,1.0,1.0,1.0,1.0,1.0,1,1,,,,3467466|5826464|9647324|4302973|2221848|3467463|3471644|3467461|5826462|5826461
m102,dev,modality_v1,vague,reject_only,,0,,1,1,1.0,1.0,1.0,1.0,1.0,1.0,1,1,,,,3467466|5826464|9647324|4302973|2221848|3467463|3471644|3467461|5826462|5826461
m102,dev,modality_v1,vague,reject_twice,,0,,1,1,1.0,1.0,1.0,1.0,1.0,1.0,1,1,,,,3467466|5826464|9647324|4302973|2221848|3467463|3471644|3467461|5826462|5826461
m102,dev,modality_v1,vague,skip,,0,,1,1,1.0,1.0,1.0,1.0,1.0,1.0,1,1,,,,3467466|5826464|9647324|4302973|2221848|3467463|3471644|3467461|5826462|5826461
m102,dev,modality_v1,vague,oracle:vocal_gender,,0,,1,1,1.0,1.0,1.0,1.0,1.0,1.0,1,1,,,,3467466|5826464|9647324|4302973|2221848|3467463|3471644|3467461|5826462|5826461
m102,dev,modality_v1,vague,oracle:type,,0,,1,1,1.0,1.0,1.0,1.0,1.0,1.0,1,1,,,,3467466|5826464|9647324|4302973|2221848|3467463|3471644|3467461|5826462|5826461
m102,dev,modality_v1,vague,oracle:genre,,0,,1,1,1.0,1.0,1.0,1.0,1.0,1.0,1,1,,,,3467466|5826464|9647324|4302973|2221848|3467463|3471644|3467461|5826462|5826461
m102,dev,modality_v1,vague,oracle:release_era,,0,,1,1,1.0,1.0,1.0,1.0,1.0,1.0,1,1,,,,3467466|5826464|9647324|4302973|2221848|3467463|3471644|3467461|5826462|5826461
m102,dev,modality_v1,vague,noisy:vocal_gender,,0,,1,1,1.0,1.0,1.0,1.0,1.0,1.0,1,1,,,,3467466|5826464|9647324|4302973|2221848|3467463|3471644|3467461|5826462|5826461
m102,dev,modality_v1,vague,noisy:type,,0,,1,1,1.0,1.0,1.0,1.0,1.0,1.0,1,1,,,,3467466|5826464|9647324|4302973|2221848|3467463|3471644|3467461|5826462|5826461
m102,dev,modality_v1,vague,noisy:genre,,0,,1,1,1.0,1.0,1.0,1.0,1.0,1.0,1,1,,,,3467466|5826464|9647324|4302973|2221848|3467463|3471644|3467461|5826462|5826461
m102,dev,modality_v1,vague,noisy:release_era,,0,,1,1,1.0,1.0,1.0,1.0,1.0,1.0,1,1,,,,3467466|5826464|9647324|4302973|2221848|3467463|3471644|3467461|5826462|5826461
m102,dev,modality_v1,vague,rule:oracle,,0,,1,1,1.0,1.0,1.0,1.0,1.0,1.0,1,1,,,,3467466|5826464|9647324|4302973|2221848|3467463|3471644|3467461|5826462|5826461
m102,dev,modality_v1,vague,rule:noisy,,0,,1,1,1.0,1.0,1.0,1.0,1.0,1.0,1,1,,,,3467466|5826464|9647324|4302973|2221848|3467463|3471644|3467461|5826462|5826461
m102,dev,modality_v1,vague,rule:skip,,0,,1,1,1.0,1.0,1.0,1.0,1.0,1.0,1,1,,,,3467466|5826464|9647324|4302973|2221848|3467463|3471644|3467461|5826462|5826461
m102,dev,modality_v1,vague,oracle:best,,0,,1,1,1.0,1.0,1.0,1.0,1.0,1.0,1,1,,,,3467466|5826464|9647324|4302973|2221848|3467463|3471644|3467461|5826462|5826461
m102,dev,modality_v1,vague,flow:reject,,0,,1,1,1.0,1.0,1.0,1.0,1.0,1.0,1,1,1,1,1,3467466|5826464|9647324|4302973|2221848|3467463|3471644|3467461|5826462|5826461
m102,dev,modality_v1,vague,flow:skip,,0,,1,1,1.0,1.0,1.0,1.0,1.0,1.0,1,1,1,1,1,3467466|5826464|9647324|4302973|2221848|3467463|3471644|3467461|5826462|5826461
m102,dev,modality_v1,vague,flow:oracle,,0,,1,1,1.0,1.0,1.0,1.0,1.0,1.0,1,1,1,1,1,3467466|5826464|9647324|4302973|2221848|3467463|3471644|3467461|5826462|5826461
m102,dev,modality_v1,vague,flow:noisy,,0,,1,1,1.0,1.0,1.0,1.0,1.0,1.0,1,1,1,1,1,3467466|5826464|9647324|4302973|2221848|3467463|3471644|3467461|5826462|5826461
m103,dev,modality_v1,vague,initial,,1,,1,1,1.0,1.0,1.0,1.0,1.0,1.0,1,1,,,,523274|27600|89806|1116679|620679|623902|4299165|482518|32574|610483
m103,dev,modality_v1,vague,reject_only,,0,,1,1,1.0,1.0,1.0,1.0,1.0,1.0,1,1,,,,523274|27600|89806|1116679|620679|623902|4299165|482518|32574|610483
m103,dev,modality_v1,vague,reject_twice,,0,,1,1,1.0,1.0,1.0,1.0,1.0,1.0,1,1,,,,523274|27600|89806|1116679|620679|623902|4299165|482518|32574|610483
m103,dev,modality_v1,vague,skip,,0,,1,1,1.0,1.0,1.0,1.0,1.0,1.0,1,1,,,,523274|27600|89806|1116679|620679|623902|4299165|482518|32574|610483
m103,dev,modality_v1,vague,oracle:vocal_gender,,0,,1,1,1.0,1.0,1.0,1.0,1.0,1.0,1,1,,,,523274|27600|89806|1116679|620679|623902|4299165|482518|32574|610483
m103,dev,modality_v1,vague,oracle:type,,0,,1,1,1.0,1.0,1.0,1.0,1.0,1.0,1,1,,,,523274|27600|89806|1116679|620679|623902|4299165|482518|32574|610483
m103,dev,modality_v1,vague,oracle:genre,,0,,1,1,1.0,1.0,1.0,1.0,1.0,1.0,1,1,,,,523274|27600|89806|1116679|620679|623902|4299165|482518|32574|610483
m103,dev,modality_v1,vague,oracle:release_era,,0,,1,1,1.0,1.0,1.0,1.0,1.0,1.0,1,1,,,,523274|27600|89806|1116679|620679|623902|4299165|482518|32574|610483
m103,dev,modality_v1,vague,noisy:vocal_gender,,0,,1,1,1.0,1.0,1.0,1.0,1.0,1.0,1,1,,,,523274|27600|89806|1116679|620679|623902|4299165|482518|32574|610483
m103,dev,modality_v1,vague,noisy:type,,0,,1,1,1.0,1.0,1.0,1.0,1.0,1.0,1,1,,,,523274|27600|89806|1116679|620679|623902|4299165|482518|32574|610483
m103,dev,modality_v1,vague,noisy:genre,,0,,1,1,1.0,1.0,1.0,1.0,1.0,1.0,1,1,,,,523274|27600|89806|1116679|620679|623902|4299165|482518|32574|610483
m103,dev,modality_v1,vague,noisy:release_era,,0,,1,1,1.0,1.0,1.0,1.0,1.0,1.0,1,1,,,,523274|27600|89806|1116679|620679|623902|4299165|482518|32574|610483
m103,dev,modality_v1,vague,rule:oracle,,0,,1,1,1.0,1.0,1.0,1.0,1.0,1.0,1,1,,,,523274|27600|89806|1116679|620679|623902|4299165|482518|32574|610483
m103,dev,modality_v1,vague,rule:noisy,,0,,1,1,1.0,1.0,1.0,1.0,1.0,1.0,1,1,,,,523274|27600|89806|1116679|620679|623902|4299165|482518|32574|610483
m103,dev,modality_v1,vague,rule:skip,,0,,1,1,1.0,1.0,1.0,1.0,1.0,1.0,1,1,,,,523274|27600|89806|1116679|620679|623902|4299165|482518|32574|610483
m103,dev,modality_v1,vague,oracle:best,,0,,1,1,1.0,1.0,1.0,1.0,1.0,1.0,1,1,,,,523274|27600|89806|1116679|620679|623902|4299165|482518|32574|610483
m103,dev,modality_v1,vague,flow:reject,,0,,1,1,1.0,1.0,1.0,1.0,1.0,1.0,1,1,1,1,1,523274|27600|89806|1116679|620679|623902|4299165|482518|32574|610483
m103,dev,modality_v1,vague,flow:skip,,0,,1,1,1.0,1.0,1.0,1.0,1.0,1.0,1,1,1,1,1,523274|27600|89806|1116679|620679|623902|4299165|482518|32574|610483
m103,dev,modality_v1,vague,flow:oracle,,0,,1,1,1.0,1.0,1.0,1.0,1.0,1.0,1,1,1,1,1,523274|27600|89806|1116679|620679|623902|4299165|482518|32574|610483
m103,dev,modality_v1,vague,flow:noisy,,0,,1,1,1.0,1.0,1.0,1.0,1.0,1.0,1,1,1,1,1,523274|27600|89806|1116679|620679|623902|4299165|482518|32574|610483
m104,dev,modality_v1,vague,initial,,1,,1,3,1.0,1.0,1.0,1.0,1.0,1.0,1,1,,,,30157753|30169383|30178900|31373277|32364000|32298623|32323639|8122589|30962526|9611490
m104,dev,modality_v1,vague,reject_only,,0,,1,3,1.0,1.0,1.0,1.0,1.0,1.0,1,1,,,,30157753|30169383|30178900|31373277|32364000|32298623|32323639|8122589|30962526|9611490
m104,dev,modality_v1,vague,reject_twice,,0,,1,3,1.0,1.0,1.0,1.0,1.0,1.0,1,1,,,,30157753|30169383|30178900|31373277|32364000|32298623|32323639|8122589|30962526|9611490
m104,dev,modality_v1,vague,skip,,0,,1,3,1.0,1.0,1.0,1.0,1.0,1.0,1,1,,,,30157753|30169383|30178900|31373277|32364000|32298623|32323639|8122589|30962526|9611490
m104,dev,modality_v1,vague,oracle:vocal_gender,,0,,1,3,1.0,1.0,1.0,1.0,1.0,1.0,1,1,,,,30157753|30169383|30178900|31373277|32364000|32298623|32323639|8122589|30962526|9611490
m104,dev,modality_v1,vague,oracle:type,,0,,1,3,1.0,1.0,1.0,1.0,1.0,1.0,1,1,,,,30157753|30169383|30178900|31373277|32364000|32298623|32323639|8122589|30962526|9611490
m104,dev,modality_v1,vague,oracle:genre,,0,,1,3,1.0,1.0,1.0,1.0,1.0,1.0,1,1,,,,30157753|30169383|30178900|31373277|32364000|32298623|32323639|8122589|30962526|9611490
m104,dev,modality_v1,vague,oracle:release_era,,0,,1,3,1.0,1.0,1.0,1.0,1.0,1.0,1,1,,,,30157753|30169383|30178900|31373277|32364000|32298623|32323639|8122589|30962526|9611490
m104,dev,modality_v1,vague,noisy:vocal_gender,,0,,1,3,1.0,1.0,1.0,1.0,1.0,1.0,1,1,,,,30157753|30169383|30178900|31373277|32364000|32298623|32323639|8122589|30962526|9611490
m104,dev,modality_v1,vague,noisy:type,,0,,1,3,1.0,1.0,1.0,1.0,1.0,1.0,1,1,,,,30157753|30169383|30178900|31373277|32364000|32298623|32323639|8122589|30962526|9611490
m104,dev,modality_v1,vague,noisy:genre,,0,,1,3,1.0,1.0,1.0,1.0,1.0,1.0,1,1,,,,30157753|30169383|30178900|31373277|32364000|32298623|32323639|8122589|30962526|9611490
m104,dev,modality_v1,vague,noisy:release_era,,0,,1,3,1.0,1.0,1.0,1.0,1.0,1.0,1,1,,,,30157753|30169383|30178900|31373277|32364000|32298623|32323639|8122589|30962526|9611490
m104,dev,modality_v1,vague,rule:oracle,,0,,1,3,1.0,1.0,1.0,1.0,1.0,1.0,1,1,,,,30157753|30169383|30178900|31373277|32364000|32298623|32323639|8122589|30962526|9611490
m104,dev,modality_v1,vague,rule:noisy,,0,,1,3,1.0,1.0,1.0,1.0,1.0,1.0,1,1,,,,30157753|30169383|30178900|31373277|32364000|32298623|32323639|8122589|30962526|9611490
m104,dev,modality_v1,vague,rule:skip,,0,,1,3,1.0,1.0,1.0,1.0,1.0,1.0,1,1,,,,30157753|30169383|30178900|31373277|32364000|32298623|32323639|8122589|30962526|9611490
m104,dev,modality_v1,vague,oracle:best,,0,,1,3,1.0,1.0,1.0,1.0,1.0,1.0,1,1,,,,30157753|30169383|30178900|31373277|32364000|32298623|32323639|8122589|30962526|9611490
m104,dev,modality_v1,vague,flow:reject,,0,,1,3,1.0,1.0,1.0,1.0,1.0,1.0,1,1,1,1,1,30157753|30169383|30178900|31373277|32364000|32298623|32323639|8122589|30962526|9611490
m104,dev,modality_v1,vague,flow:skip,,0,,1,3,1.0,1.0,1.0,1.0,1.0,1.0,1,1,1,1,1,30157753|30169383|30178900|31373277|32364000|32298623|32323639|8122589|30962526|9611490
m104,dev,modality_v1,vague,flow:oracle,,0,,1,3,1.0,1.0,1.0,1.0,1.0,1.0,1,1,1,1,1,30157753|30169383|30178900|31373277|32364000|32298623|32323639|8122589|30962526|9611490
m104,dev,modality_v1,vague,flow:noisy,,0,,1,3,1.0,1.0,1.0,1.0,1.0,1.0,1,1,1,1,1,30157753|30169383|30178900|31373277|32364000|32298623|32323639|8122589|30962526|9611490
m201,dev,modality_v1,vague,initial,,1,,1,7,1.0,1.0,1.0,1.0,1.0,1.0,1,1,,,,4097003|8184472|33331004|3940533|3884575|4107875|4723861|602509878|4660909|32521396
m201,dev,modality_v1,vague,reject_only,,0,,1,7,1.0,1.0,1.0,1.0,1.0,1.0,1,1,,,,4097003|8184472|33331004|3940533|3884575|4107875|4723861|602509878|4660909|32521396
m201,dev,modality_v1,vague,reject_twice,,0,,1,7,1.0,1.0,1.0,1.0,1.0,1.0,1,1,,,,4097003|8184472|33331004|3940533|3884575|4107875|4723861|602509878|4660909|32521396
m201,dev,modality_v1,vague,skip,,0,,1,7,1.0,1.0,1.0,1.0,1.0,1.0,1,1,,,,4097003|8184472|33331004|3940533|3884575|4107875|4723861|602509878|4660909|32521396
m201,dev,modality_v1,vague,oracle:vocal_gender,,0,,1,7,1.0,1.0,1.0,1.0,1.0,1.0,1,1,,,,4097003|8184472|33331004|3940533|3884575|4107875|4723861|602509878|4660909|32521396
m201,dev,modality_v1,vague,oracle:type,,0,,1,7,1.0,1.0,1.0,1.0,1.0,1.0,1,1,,,,4097003|8184472|33331004|3940533|3884575|4107875|4723861|602509878|4660909|32521396
m201,dev,modality_v1,vague,oracle:genre,,0,,1,7,1.0,1.0,1.0,1.0,1.0,1.0,1,1,,,,4097003|8184472|33331004|3940533|3884575|4107875|4723861|602509878|4660909|32521396
m201,dev,modality_v1,vague,oracle:release_era,,0,,1,7,1.0,1.0,1.0,1.0,1.0,1.0,1,1,,,,4097003|8184472|33331004|3940533|3884575|4107875|4723861|602509878|4660909|32521396
m201,dev,modality_v1,vague,noisy:vocal_gender,,0,,1,7,1.0,1.0,1.0,1.0,1.0,1.0,1,1,,,,4097003|8184472|33331004|3940533|3884575|4107875|4723861|602509878|4660909|32521396
m201,dev,modality_v1,vague,noisy:type,,0,,1,7,1.0,1.0,1.0,1.0,1.0,1.0,1,1,,,,4097003|8184472|33331004|3940533|3884575|4107875|4723861|602509878|4660909|32521396
m201,dev,modality_v1,vague,noisy:genre,,0,,1,7,1.0,1.0,1.0,1.0,1.0,1.0,1,1,,,,4097003|8184472|33331004|3940533|3884575|4107875|4723861|602509878|4660909|32521396
m201,dev,modality_v1,vague,noisy:release_era,,0,,1,7,1.0,1.0,1.0,1.0,1.0,1.0,1,1,,,,4097003|8184472|33331004|3940533|3884575|4107875|4723861|602509878|4660909|32521396
m201,dev,modality_v1,vague,rule:oracle,,0,,1,7,1.0,1.0,1.0,1.0,1.0,1.0,1,1,,,,4097003|8184472|33331004|3940533|3884575|4107875|4723861|602509878|4660909|32521396
m201,dev,modality_v1,vague,rule:noisy,,0,,1,7,1.0,1.0,1.0,1.0,1.0,1.0,1,1,,,,4097003|8184472|33331004|3940533|3884575|4107875|4723861|602509878|4660909|32521396
m201,dev,modality_v1,vague,rule:skip,,0,,1,7,1.0,1.0,1.0,1.0,1.0,1.0,1,1,,,,4097003|8184472|33331004|3940533|3884575|4107875|4723861|602509878|4660909|32521396
m201,dev,modality_v1,vague,oracle:best,,0,,1,7,1.0,1.0,1.0,1.0,1.0,1.0,1,1,,,,4097003|8184472|33331004|3940533|3884575|4107875|4723861|602509878|4660909|32521396
m201,dev,modality_v1,vague,flow:reject,,0,,1,7,1.0,1.0,1.0,1.0,1.0,1.0,1,1,1,1,1,4097003|8184472|33331004|3940533|3884575|4107875|4723861|602509878|4660909|32521396
m201,dev,modality_v1,vague,flow:skip,,0,,1,7,1.0,1.0,1.0,1.0,1.0,1.0,1,1,1,1,1,4097003|8184472|33331004|3940533|3884575|4107875|4723861|602509878|4660909|32521396
m201,dev,modality_v1,vague,flow:oracle,,0,,1,7,1.0,1.0,1.0,1.0,1.0,1.0,1,1,1,1,1,4097003|8184472|33331004|3940533|3884575|4107875|4723861|602509878|4660909|32521396
m201,dev,modality_v1,vague,flow:noisy,,0,,1,7,1.0,1.0,1.0,1.0,1.0,1.0,1,1,1,1,1,4097003|8184472|33331004|3940533|3884575|4107875|4723861|602509878|4660909|32521396
m202,dev,modality_v1,vague,initial,,1,,2,10,1.0,0.0,1.0,1.0,0.5,0.63093,1,1,,,,3588757|3467463|1204915|2245593|602196322|602303952|602539184|1199786|3630755|5657227
m202,dev,modality_v1,vague,reject_only,,0,,2,10,1.0,0.0,1.0,1.0,0.5,0.63093,1,1,,,,3588757|3467463|1204915|2245593|602196322|602303952|602539184|1199786|3630755|5657227
m202,dev,modality_v1,vague,reject_twice,,0,,2,10,1.0,0.0,1.0,1.0,0.5,0.63093,1,1,,,,3588757|3467463|1204915|2245593|602196322|602303952|602539184|1199786|3630755|5657227
m202,dev,modality_v1,vague,skip,,0,,2,10,1.0,0.0,1.0,1.0,0.5,0.63093,1,1,,,,3588757|3467463|1204915|2245593|602196322|602303952|602539184|1199786|3630755|5657227
m202,dev,modality_v1,vague,oracle:vocal_gender,,0,,2,10,1.0,0.0,1.0,1.0,0.5,0.63093,1,1,,,,3588757|3467463|1204915|2245593|602196322|602303952|602539184|1199786|3630755|5657227
m202,dev,modality_v1,vague,oracle:type,,0,,2,10,1.0,0.0,1.0,1.0,0.5,0.63093,1,1,,,,3588757|3467463|1204915|2245593|602196322|602303952|602539184|1199786|3630755|5657227
m202,dev,modality_v1,vague,oracle:genre,,0,,2,10,1.0,0.0,1.0,1.0,0.5,0.63093,1,1,,,,3588757|3467463|1204915|2245593|602196322|602303952|602539184|1199786|3630755|5657227
m202,dev,modality_v1,vague,oracle:release_era,,0,,2,10,1.0,0.0,1.0,1.0,0.5,0.63093,1,1,,,,3588757|3467463|1204915|2245593|602196322|602303952|602539184|1199786|3630755|5657227
m202,dev,modality_v1,vague,noisy:vocal_gender,,0,,2,10,1.0,0.0,1.0,1.0,0.5,0.63093,1,1,,,,3588757|3467463|1204915|2245593|602196322|602303952|602539184|1199786|3630755|5657227
m202,dev,modality_v1,vague,noisy:type,,0,,2,10,1.0,0.0,1.0,1.0,0.5,0.63093,1,1,,,,3588757|3467463|1204915|2245593|602196322|602303952|602539184|1199786|3630755|5657227
m202,dev,modality_v1,vague,noisy:genre,,0,,2,10,1.0,0.0,1.0,1.0,0.5,0.63093,1,1,,,,3588757|3467463|1204915|2245593|602196322|602303952|602539184|1199786|3630755|5657227
m202,dev,modality_v1,vague,noisy:release_era,,0,,2,10,1.0,0.0,1.0,1.0,0.5,0.63093,1,1,,,,3588757|3467463|1204915|2245593|602196322|602303952|602539184|1199786|3630755|5657227
m202,dev,modality_v1,vague,rule:oracle,,0,,2,10,1.0,0.0,1.0,1.0,0.5,0.63093,1,1,,,,3588757|3467463|1204915|2245593|602196322|602303952|602539184|1199786|3630755|5657227
m202,dev,modality_v1,vague,rule:noisy,,0,,2,10,1.0,0.0,1.0,1.0,0.5,0.63093,1,1,,,,3588757|3467463|1204915|2245593|602196322|602303952|602539184|1199786|3630755|5657227
m202,dev,modality_v1,vague,rule:skip,,0,,2,10,1.0,0.0,1.0,1.0,0.5,0.63093,1,1,,,,3588757|3467463|1204915|2245593|602196322|602303952|602539184|1199786|3630755|5657227
m202,dev,modality_v1,vague,oracle:best,,0,,2,10,1.0,0.0,1.0,1.0,0.5,0.63093,1,1,,,,3588757|3467463|1204915|2245593|602196322|602303952|602539184|1199786|3630755|5657227
m202,dev,modality_v1,vague,flow:reject,,0,,2,10,1.0,0.0,1.0,1.0,0.5,0.63093,1,1,1,1,1,3588757|3467463|1204915|2245593|602196322|602303952|602539184|1199786|3630755|5657227
m202,dev,modality_v1,vague,flow:skip,,0,,2,10,1.0,0.0,1.0,1.0,0.5,0.63093,1,1,1,1,1,3588757|3467463|1204915|2245593|602196322|602303952|602539184|1199786|3630755|5657227
m202,dev,modality_v1,vague,flow:oracle,,0,,2,10,1.0,0.0,1.0,1.0,0.5,0.63093,1,1,1,1,1,3588757|3467463|1204915|2245593|602196322|602303952|602539184|1199786|3630755|5657227
m202,dev,modality_v1,vague,flow:noisy,,0,,2,10,1.0,0.0,1.0,1.0,0.5,0.63093,1,1,1,1,1,3588757|3467463|1204915|2245593|602196322|602303952|602539184|1199786|3630755|5657227
m203,dev,modality_v1,vague,initial,,1,,1,1,1.0,1.0,1.0,1.0,1.0,1.0,1,1,,,,5824839|1786851|602537990|602104129|602047697|31113240|2135469|602241029|3666277|2684461
m203,dev,modality_v1,vague,reject_only,,0,,1,1,1.0,1.0,1.0,1.0,1.0,1.0,1,1,,,,5824839|1786851|602537990|602104129|602047697|31113240|2135469|602241029|3666277|2684461
m203,dev,modality_v1,vague,reject_twice,,0,,1,1,1.0,1.0,1.0,1.0,1.0,1.0,1,1,,,,5824839|1786851|602537990|602104129|602047697|31113240|2135469|602241029|3666277|2684461
m203,dev,modality_v1,vague,skip,,0,,1,1,1.0,1.0,1.0,1.0,1.0,1.0,1,1,,,,5824839|1786851|602537990|602104129|602047697|31113240|2135469|602241029|3666277|2684461
m203,dev,modality_v1,vague,oracle:vocal_gender,,0,,1,1,1.0,1.0,1.0,1.0,1.0,1.0,1,1,,,,5824839|1786851|602537990|602104129|602047697|31113240|2135469|602241029|3666277|2684461
m203,dev,modality_v1,vague,oracle:type,,0,,1,1,1.0,1.0,1.0,1.0,1.0,1.0,1,1,,,,5824839|1786851|602537990|602104129|602047697|31113240|2135469|602241029|3666277|2684461
m203,dev,modality_v1,vague,oracle:genre,,0,,1,1,1.0,1.0,1.0,1.0,1.0,1.0,1,1,,,,5824839|1786851|602537990|602104129|602047697|31113240|2135469|602241029|3666277|2684461
m203,dev,modality_v1,vague,oracle:release_era,,0,,1,1,1.0,1.0,1.0,1.0,1.0,1.0,1,1,,,,5824839|1786851|602537990|602104129|602047697|31113240|2135469|602241029|3666277|2684461
m203,dev,modality_v1,vague,noisy:vocal_gender,,0,,1,1,1.0,1.0,1.0,1.0,1.0,1.0,1,1,,,,5824839|1786851|602537990|602104129|602047697|31113240|2135469|602241029|3666277|2684461
m203,dev,modality_v1,vague,noisy:type,,0,,1,1,1.0,1.0,1.0,1.0,1.0,1.0,1,1,,,,5824839|1786851|602537990|602104129|602047697|31113240|2135469|602241029|3666277|2684461
m203,dev,modality_v1,vague,noisy:genre,,0,,1,1,1.0,1.0,1.0,1.0,1.0,1.0,1,1,,,,5824839|1786851|602537990|602104129|602047697|31113240|2135469|602241029|3666277|2684461
m203,dev,modality_v1,vague,noisy:release_era,,0,,1,1,1.0,1.0,1.0,1.0,1.0,1.0,1,1,,,,5824839|1786851|602537990|602104129|602047697|31113240|2135469|602241029|3666277|2684461
m203,dev,modality_v1,vague,rule:oracle,,0,,1,1,1.0,1.0,1.0,1.0,1.0,1.0,1,1,,,,5824839|1786851|602537990|602104129|602047697|31113240|2135469|602241029|3666277|2684461
m203,dev,modality_v1,vague,rule:noisy,,0,,1,1,1.0,1.0,1.0,1.0,1.0,1.0,1,1,,,,5824839|1786851|602537990|602104129|602047697|31113240|2135469|602241029|3666277|2684461
m203,dev,modality_v1,vague,rule:skip,,0,,1,1,1.0,1.0,1.0,1.0,1.0,1.0,1,1,,,,5824839|1786851|602537990|602104129|602047697|31113240|2135469|602241029|3666277|2684461
m203,dev,modality_v1,vague,oracle:best,,0,,1,1,1.0,1.0,1.0,1.0,1.0,1.0,1,1,,,,5824839|1786851|602537990|602104129|602047697|31113240|2135469|602241029|3666277|2684461
m203,dev,modality_v1,vague,flow:reject,,0,,1,1,1.0,1.0,1.0,1.0,1.0,1.0,1,1,1,1,1,5824839|1786851|602537990|602104129|602047697|31113240|2135469|602241029|3666277|2684461
m203,dev,modality_v1,vague,flow:skip,,0,,1,1,1.0,1.0,1.0,1.0,1.0,1.0,1,1,1,1,1,5824839|1786851|602537990|602104129|602047697|31113240|2135469|602241029|3666277|2684461
m203,dev,modality_v1,vague,flow:oracle,,0,,1,1,1.0,1.0,1.0,1.0,1.0,1.0,1,1,1,1,1,5824839|1786851|602537990|602104129|602047697|31113240|2135469|602241029|3666277|2684461
m203,dev,modality_v1,vague,flow:noisy,,0,,1,1,1.0,1.0,1.0,1.0,1.0,1.0,1,1,1,1,1,5824839|1786851|602537990|602104129|602047697|31113240|2135469|602241029|3666277|2684461
m302,dev,modality_v1,vague,initial,,1,vocal_gender,,,0.0,0.0,0.0,0.0,0.0,0.0,1,1,,,,31608765|30838076|30844118|31286161|30247520|31777113|5476552|35177030|602461390|1746411
m302,dev,modality_v1,vague,reject_only,,1,vocal_gender,,,0.0,0.0,0.0,0.0,0.0,0.0,4,1,,,,2960448|5466962|4118143|602270510|602301766|602355955|602420877|602324710|602492233|602502007
m302,dev,modality_v1,vague,reject_twice,,1,vocal_gender,,,0.0,0.0,0.0,0.0,0.0,0.0,3,1,,,,3538775|8172437|454477|454476|602323997|601890440|602429934|3779134|602004262|602873853
m302,dev,modality_v1,vague,skip,,1,vocal_gender,,,0.0,0.0,0.0,0.0,0.0,0.0,4,1,,,,2960448|5466962|4118143|602270510|602301766|602355955|602420877|602324710|602492233|602502007
m302,dev,modality_v1,vague,oracle:vocal_gender,,1,vocal_gender,,,0.0,0.0,0.0,0.0,0.0,0.0,4,1,,,,2960448|4118143|1145088|602270510|602873853|602466765|602492233|602540602|602355955|601890440
m302,dev,modality_v1,vague,oracle:type,,1,vocal_gender,,,0.0,0.0,0.0,0.0,0.0,0.0,2,1,,,,4118143|634613|2960448|602429934|602873853|1698066|445413|1145088|104099|104110
m302,dev,modality_v1,vague,oracle:genre,,1,vocal_gender,,,0.0,0.0,0.0,0.0,0.0,0.0,1,1,,,,445413|104099|483640|1698066|1145088|5466962|602873853|454477|602502007|602355955
m302,dev,modality_v1,vague,oracle:release_era,,1,vocal_gender,,,0.0,0.0,0.0,0.0,0.0,0.0,1,1,,,,454477|454476|445413|104099|104110|1698066|1145088|634613|2314377|3538775
m302,dev,modality_v1,vague,noisy:vocal_gender,,1,vocal_gender,,,0.0,0.0,0.0,0.0,0.0,0.0,4,1,,,,5466962|3538775|454476|454477|445413|1698066|634613|483640|104110|104099
m302,dev,modality_v1,vague,noisy:type,,1,vocal_gender,,,0.0,0.0,0.0,0.0,0.0,0.0,1,1,,,,601890440|602466765|2314377|602301979|5466962|602004262|602320512|3538775|602429934|602270510
m302,dev,modality_v1,vague,noisy:genre,,1,vocal_gender,,,0.0,0.0,0.0,0.0,0.0,0.0,3,1,,,,4118143|2960448|601890440|602466765|602004262|634613|602873853|602270510|602429934|602502007
m302,dev,modality_v1,vague,noisy:release_era,,1,vocal_gender,,,0.0,0.0,0.0,0.0,0.0,0.0,3,1,,,,483640|1698066|445413|104110|1145088|104099|634613|454477|454476|5466962
m302,dev,modality_v1,vague,rule:oracle,,1,vocal_gender,,,0.0,0.0,0.0,0.0,0.0,0.0,4,1,,,,2960448|4118143|1145088|602270510|602873853|602466765|602492233|602540602|602355955|601890440
m302,dev,modality_v1,vague,rule:noisy,,1,vocal_gender,,,0.0,0.0,0.0,0.0,0.0,0.0,4,1,,,,5466962|3538775|454476|454477|445413|1698066|634613|483640|104110|104099
m302,dev,modality_v1,vague,rule:skip,,1,vocal_gender,,,0.0,0.0,0.0,0.0,0.0,0.0,4,1,,,,2960448|5466962|4118143|602270510|602301766|602355955|602420877|602324710|602492233|602502007
m302,dev,modality_v1,vague,oracle:best,,1,vocal_gender,,,0.0,0.0,0.0,0.0,0.0,0.0,4,1,,,,2960448|4118143|1145088|602270510|602873853|602466765|602492233|602540602|602355955|601890440
m302,dev,modality_v1,vague,flow:reject,104868,1,vocal_gender,,,0.0,0.0,0.0,0.0,0.0,0.0,3,1,,1,3,3538775|8172437|454477|454476|602323997|601890440|602429934|3779134|602004262|602873853
m302,dev,modality_v1,vague,flow:reject,105886,1,vocal_gender,,,0.0,0.0,0.0,0.0,0.0,0.0,3,1,,1,3,3538775|8172437|454477|454476|602323997|601890440|602429934|3779134|602004262|602873853
m302,dev,modality_v1,vague,flow:reject,25629,1,vocal_gender,,,0.0,0.0,0.0,0.0,0.0,0.0,3,1,,1,3,3538775|8172437|454477|454476|602323997|601890440|602429934|3779134|602004262|602873853
m302,dev,modality_v1,vague,flow:reject,2626610,1,vocal_gender,,,0.0,0.0,0.0,0.0,0.0,0.0,3,1,,1,3,3538775|8172437|454477|454476|602323997|601890440|602429934|3779134|602004262|602873853
m302,dev,modality_v1,vague,flow:reject,4527879,1,vocal_gender,,,0.0,0.0,0.0,0.0,0.0,0.0,3,1,,1,3,3538775|8172437|454477|454476|602323997|601890440|602429934|3779134|602004262|602873853
m302,dev,modality_v1,vague,flow:skip,104868,1,vocal_gender,,,0.0,0.0,0.0,0.0,0.0,0.0,3,1,,1,3,3538775|8172437|454477|454476|602323997|601890440|602429934|3779134|602004262|602873853
m302,dev,modality_v1,vague,flow:skip,105886,1,vocal_gender,,,0.0,0.0,0.0,0.0,0.0,0.0,3,1,,1,3,3538775|8172437|454477|454476|602323997|601890440|602429934|3779134|602004262|602873853
m302,dev,modality_v1,vague,flow:skip,25629,1,vocal_gender,,,0.0,0.0,0.0,0.0,0.0,0.0,3,1,,1,3,3538775|8172437|454477|454476|602323997|601890440|602429934|3779134|602004262|602873853
m302,dev,modality_v1,vague,flow:skip,2626610,1,vocal_gender,,,0.0,0.0,0.0,0.0,0.0,0.0,3,1,,1,3,3538775|8172437|454477|454476|602323997|601890440|602429934|3779134|602004262|602873853
m302,dev,modality_v1,vague,flow:skip,4527879,1,vocal_gender,,,0.0,0.0,0.0,0.0,0.0,0.0,2,1,,1,3,602323997|602270510|602429934|602004262|602873853|602502007|602466765|602540602|601890440|602437979
m302,dev,modality_v1,vague,flow:oracle,104868,1,vocal_gender,,,0.0,0.0,0.0,0.0,0.0,0.0,3,1,,1,3,602323997|32825454|445413|104099|483640|419762|1698066|36518341|602437979|104110
m302,dev,modality_v1,vague,flow:oracle,105886,1,vocal_gender,,,0.0,0.0,0.0,0.0,0.0,0.0,3,1,,1,3,602323997|32825454|602429934|602502007|602324710|8172437|602452501|1029603|602301979|3538775
m302,dev,modality_v1,vague,flow:oracle,25629,1,vocal_gender,,,0.0,0.0,0.0,0.0,0.0,0.0,3,1,,1,3,32825454|602323997|602004262|602173808|634613|602429934|1698066|602301979|5466962|602502007
m302,dev,modality_v1,vague,flow:oracle,2626610,1,vocal_gender,,,0.0,0.0,0.0,0.0,0.0,0.0,7,1,,1,3,602437979|419762|36518341|602502007|8172437|602324710|602429934|602420877|602301979|602452501
m302,dev,modality_v1,vague,flow:oracle,4527879,1,vocal_gender,,,0.0,0.0,0.0,0.0,0.0,0.0,,0,,1,3,2314377|3779134|602420877|602301979|602320512|602301766|602452501|8172437|602324710|602502007
m302,dev,modality_v1,vague,flow:noisy,104868,1,vocal_gender,,,0.0,0.0,0.0,0.0,0.0,0.0,1,1,,1,3,601890440|602173808|602429934|602004262|602301979|602502007|602420877|602324710|8172437|602301766
m302,dev,modality_v1,vague,flow:noisy,105886,1,vocal_gender,,,0.0,0.0,0.0,0.0,0.0,0.0,,0,,1,3,2314377|3779134|602420877|602301979|602320512|602301766|602452501|8172437|602324710|602502007
m302,dev,modality_v1,vague,flow:noisy,25629,1,vocal_gender,,,0.0,0.0,0.0,0.0,0.0,0.0,7,1,,1,3,602437979|419762|36518341|602502007|8172437|602324710|602429934|602420877|602301979|602452501
m302,dev,modality_v1,vague,flow:noisy,2626610,1,vocal_gender,,,0.0,0.0,0.0,0.0,0.0,0.0,3,1,,1,3,32825454|602323997|602004262|602173808|634613|602429934|1698066|602301979|5466962|602502007
m302,dev,modality_v1,vague,flow:noisy,4527879,1,vocal_gender,,,0.0,0.0,0.0,0.0,0.0,0.0,3,1,,1,3,602323997|32825454|602429934|602502007|602324710|8172437|602452501|1029603|602301979|3538775
m303,dev,modality_v1,vague,initial,,1,,3,23,0.666667,0.0,1.0,1.0,0.333333,0.234639,1,1,,,,1575512|420424|31688205|30688500|36351997|1521142|3859894|602358131|602492233|454477
m303,dev,modality_v1,vague,reject_only,,0,,3,23,0.666667,0.0,1.0,1.0,0.333333,0.234639,1,1,,,,1575512|420424|31688205|30688500|36351997|1521142|3859894|602358131|602492233|454477
m303,dev,modality_v1,vague,reject_twice,,0,,3,23,0.666667,0.0,1.0,1.0,0.333333,0.234639,1,1,,,,1575512|420424|31688205|30688500|36351997|1521142|3859894|602358131|602492233|454477
m303,dev,modality_v1,vague,skip,,0,,3,23,0.666667,0.0,1.0,1.0,0.333333,0.234639,1,1,,,,1575512|420424|31688205|30688500|36351997|1521142|3859894|602358131|602492233|454477
m303,dev,modality_v1,vague,oracle:vocal_gender,,0,,3,23,0.666667,0.0,1.0,1.0,0.333333,0.234639,1,1,,,,1575512|420424|31688205|30688500|36351997|1521142|3859894|602358131|602492233|454477
m303,dev,modality_v1,vague,oracle:type,,0,,3,23,0.666667,0.0,1.0,1.0,0.333333,0.234639,1,1,,,,1575512|420424|31688205|30688500|36351997|1521142|3859894|602358131|602492233|454477
m303,dev,modality_v1,vague,oracle:genre,,0,,3,23,0.666667,0.0,1.0,1.0,0.333333,0.234639,1,1,,,,1575512|420424|31688205|30688500|36351997|1521142|3859894|602358131|602492233|454477
m303,dev,modality_v1,vague,oracle:release_era,,0,,3,23,0.666667,0.0,1.0,1.0,0.333333,0.234639,1,1,,,,1575512|420424|31688205|30688500|36351997|1521142|3859894|602358131|602492233|454477
m303,dev,modality_v1,vague,noisy:vocal_gender,,0,,3,23,0.666667,0.0,1.0,1.0,0.333333,0.234639,1,1,,,,1575512|420424|31688205|30688500|36351997|1521142|3859894|602358131|602492233|454477
m303,dev,modality_v1,vague,noisy:type,,0,,3,23,0.666667,0.0,1.0,1.0,0.333333,0.234639,1,1,,,,1575512|420424|31688205|30688500|36351997|1521142|3859894|602358131|602492233|454477
m303,dev,modality_v1,vague,noisy:genre,,0,,3,23,0.666667,0.0,1.0,1.0,0.333333,0.234639,1,1,,,,1575512|420424|31688205|30688500|36351997|1521142|3859894|602358131|602492233|454477
m303,dev,modality_v1,vague,noisy:release_era,,0,,3,23,0.666667,0.0,1.0,1.0,0.333333,0.234639,1,1,,,,1575512|420424|31688205|30688500|36351997|1521142|3859894|602358131|602492233|454477
m303,dev,modality_v1,vague,rule:oracle,,0,,3,23,0.666667,0.0,1.0,1.0,0.333333,0.234639,1,1,,,,1575512|420424|31688205|30688500|36351997|1521142|3859894|602358131|602492233|454477
m303,dev,modality_v1,vague,rule:noisy,,0,,3,23,0.666667,0.0,1.0,1.0,0.333333,0.234639,1,1,,,,1575512|420424|31688205|30688500|36351997|1521142|3859894|602358131|602492233|454477
m303,dev,modality_v1,vague,rule:skip,,0,,3,23,0.666667,0.0,1.0,1.0,0.333333,0.234639,1,1,,,,1575512|420424|31688205|30688500|36351997|1521142|3859894|602358131|602492233|454477
m303,dev,modality_v1,vague,oracle:best,,0,,3,23,0.666667,0.0,1.0,1.0,0.333333,0.234639,1,1,,,,1575512|420424|31688205|30688500|36351997|1521142|3859894|602358131|602492233|454477
m303,dev,modality_v1,vague,flow:reject,,0,,3,23,0.666667,0.0,1.0,1.0,0.333333,0.234639,1,1,1,1,1,1575512|420424|31688205|30688500|36351997|1521142|3859894|602358131|602492233|454477
m303,dev,modality_v1,vague,flow:skip,,0,,3,23,0.666667,0.0,1.0,1.0,0.333333,0.234639,1,1,1,1,1,1575512|420424|31688205|30688500|36351997|1521142|3859894|602358131|602492233|454477
m303,dev,modality_v1,vague,flow:oracle,,0,,3,23,0.666667,0.0,1.0,1.0,0.333333,0.234639,1,1,1,1,1,1575512|420424|31688205|30688500|36351997|1521142|3859894|602358131|602492233|454477
m303,dev,modality_v1,vague,flow:noisy,,0,,3,23,0.666667,0.0,1.0,1.0,0.333333,0.234639,1,1,1,1,1,1575512|420424|31688205|30688500|36351997|1521142|3859894|602358131|602492233|454477
m402,dev,modality_v1,vague,initial,,1,genre,,16,0.25,0.0,0.0,0.0,0.0,0.0,2,1,,,,1099824|2566853|1417550|32034629|527016|602520157|602302119|1144020|36062335|2025250
m402,dev,modality_v1,vague,reject_only,,1,genre,7,7,0.25,0.0,0.0,1.0,0.142857,0.130127,1,1,,,,602508757|602449383|32651098|1668957|439947|602441427|67169|35890454|602509496|32998018
m402,dev,modality_v1,vague,reject_twice,,0,genre,7,7,0.25,0.0,0.0,1.0,0.142857,0.130127,1,1,,,,602508757|602449383|32651098|1668957|439947|602441427|67169|35890454|602509496|32998018
m402,dev,modality_v1,vague,skip,,1,genre,7,7,0.25,0.0,0.0,1.0,0.142857,0.130127,1,1,,,,602508757|602449383|32651098|1668957|439947|602441427|67169|35890454|602509496|32998018
m402,dev,modality_v1,vague,oracle:vocal_gender,,1,genre,,7,0.25,0.0,0.0,0.0,0.0,0.0,1,1,,,,602508757|602449383|32651098|602441427|1668957|439947|602332743|35890454|602509496|32998018
m402,dev,modality_v1,vague,oracle:type,,1,genre,,7,0.25,0.0,0.0,0.0,0.0,0.0,1,1,,,,602508757|602449383|32651098|1668957|439947|602441427|35890454|602509496|32998018|31406357
m402,dev,modality_v1,vague,oracle:genre,,1,genre,,7,0.25,0.0,0.0,0.0,0.0,0.0,1,1,,,,602508757|602449383|32651098|1668957|439947|602441427|35890454|602509496|32998018|31406357
m402,dev,modality_v1,vague,oracle:release_era,,1,genre,3,3,0.25,0.0,1.0,1.0,0.333333,0.19519,3,1,,,,1008495|439947|67169|1668957|1739689|2276194|35890454|32998018|31406357|5629186
m402,dev,modality_v1,vague,noisy:vocal_gender,,1,genre,9,9,0.25,0.0,0.0,1.0,0.111111,0.117516,3,1,,,,3018898|32777869|602508757|602449383|32651098|1668957|439947|602441427|67169|36616378
m402,dev,modality_v1,vague,noisy:type,,1,genre,7,8,0.25,0.0,0.0,1.0,0.142857,0.130127,7,1,,,,602449383|1008495|32651098|1668957|439947|602441427|67169|1739689|602332743|35890454
m402,dev,modality_v1,vague,noisy:genre,,1,genre,8,8,0.25,0.0,0.0,1.0,0.125,0.123151,2,1,,,,602047697|602508757|602449383|32651098|1668957|439947|602441427|67169|36616378|1739689
m402,dev,modality_v1,vague,noisy:release_era,,1,genre,1,7,0.25,1.0,1.0,1.0,1.0,0.39038,1,1,,,,67169|1668957|439947|1739689|32651098|2276194|1008495|31406357|31777113|32998018
m402,dev,modality_v1,vague,rule:oracle,,1,genre,,7,0.25,0.0,0.0,0.0,0.0,0.0,1,1,,,,602508757|602449383|32651098|1668957|439947|602441427|35890454|602509496|32998018|31406357
m402,dev,modality_v1,vague,rule:noisy,,1,genre,8,8,0.25,0.0,0.0,1.0,0.125,0.123151,2,1,,,,602047697|602508757|602449383|32651098|1668957|439947|602441427|67169|36616378|1739689
m402,dev,modality_v1,vague,rule:skip,,1,genre,7,7,0.25,0.0,0.0,1.0,0.142857,0.130127,1,1,,,,602508757|602449383|32651098|1668957|439947|602441427|67169|35890454|602509496|32998018
m402,dev,modality_v1,vague,oracle:best,,1,genre,3,3,0.25,0.0,1.0,1.0,0.333333,0.19519,3,1,,,,1008495|439947|67169|1668957|1739689|2276194|35890454|32998018|31406357|5629186
m402,dev,modality_v1,vague,flow:reject,67169,1,genre,7,7,1.0,0.0,0.0,1.0,0.142857,0.333333,1,1,2,1,2,602508757|602449383|32651098|1668957|439947|602441427|67169|35890454|602509496|32998018
m402,dev,modality_v1,vague,flow:reject,1467722,1,genre,,,0.0,0.0,0.0,0.0,0.0,0.0,,0,,1,3,602332743|1741110|602126565|5629186|31777113|602359439|1739689|1008495|31532642|602539198
m402,dev,modality_v1,vague,flow:reject,4512170,1,genre,,,0.0,0.0,0.0,0.0,0.0,0.0,,0,,1,3,602332743|1741110|602126565|5629186|31777113|602359439|1739689|1008495|31532642|602539198
m402,dev,modality_v1,vague,flow:reject,5668985,1,genre,,,0.0,0.0,0.0,0.0,0.0,0.0,,0,,1,3,602332743|1741110|602126565|5629186|31777113|602359439|1739689|1008495|31532642|602539198
m402,dev,modality_v1,vague,flow:skip,67169,1,genre,7,7,1.0,0.0,0.0,1.0,0.142857,0.333333,1,1,2,1,2,602508757|602449383|32651098|1668957|439947|602441427|67169|35890454|602509496|32998018
m402,dev,modality_v1,vague,flow:skip,1467722,1,genre,,,0.0,0.0,0.0,0.0,0.0,0.0,,0,,1,3,602332743|1741110|602126565|5629186|31777113|602359439|1739689|1008495|31532642|602539198
m402,dev,modality_v1,vague,flow:skip,4512170,1,genre,,,0.0,0.0,0.0,0.0,0.0,0.0,,0,,1,3,602332743|1741110|602126565|5629186|31777113|602359439|1739689|1008495|31532642|602539198
m402,dev,modality_v1,vague,flow:skip,5668985,1,genre,,,0.0,0.0,0.0,0.0,0.0,0.0,,0,,1,3,602332743|1741110|602126565|5629186|31777113|602359439|1739689|1008495|31532642|602539198
m402,dev,modality_v1,vague,flow:oracle,67169,1,genre,1,2,1.0,1.0,1.0,1.0,1.0,1.0,1,1,3,1,3,67169|1741110|602332743|602126565|5629186|1739689|602359439|31777113|31532642|36616378
m402,dev,modality_v1,vague,flow:oracle,1467722,1,genre,,,0.0,0.0,0.0,0.0,0.0,0.0,1,1,,1,3,67169|1741110|602332743|602126565|5629186|1739689|602359439|31777113|31532642|36616378
m402,dev,modality_v1,vague,flow:oracle,4512170,1,genre,,,0.0,0.0,0.0,0.0,0.0,0.0,1,1,,1,3,67169|1741110|602332743|602126565|5629186|1739689|602359439|31777113|31532642|36616378
m402,dev,modality_v1,vague,flow:oracle,5668985,1,genre,,,0.0,0.0,0.0,0.0,0.0,0.0,1,1,,1,3,67169|1741110|602332743|602126565|5629186|1739689|602359439|31777113|31532642|36616378
m402,dev,modality_v1,vague,flow:noisy,67169,1,genre,10,8,1.0,0.0,0.0,1.0,0.1,0.289065,10,1,3,1,3,1782451|3018898|32777869|485716|602540045|602470504|1741110|35890454|36616378|67169
m402,dev,modality_v1,vague,flow:noisy,1467722,1,genre,,,0.0,0.0,0.0,0.0,0.0,0.0,10,1,,1,3,1782451|3018898|32777869|485716|602540045|602470504|1741110|35890454|36616378|67169
m402,dev,modality_v1,vague,flow:noisy,4512170,1,genre,,,0.0,0.0,0.0,0.0,0.0,0.0,10,1,,1,3,1782451|3018898|32777869|485716|602540045|602470504|1741110|35890454|36616378|67169
m402,dev,modality_v1,vague,flow:noisy,5668985,1,genre,,,0.0,0.0,0.0,0.0,0.0,0.0,10,1,,1,3,1782451|3018898|32777869|485716|602540045|602470504|1741110|35890454|36616378|67169
m403,dev,modality_v1,vague,initial,,1,vocal_gender,,,0.0,0.0,0.0,0.0,0.0,0.0,,0,,,,32298623|31324607|1836102|1576735|602467923|602469319|602496952|32021744|8233373|2102150
m403,dev,modality_v1,vague,reject_only,,1,vocal_gender,,,0.0,0.0,0.0,0.0,0.0,0.0,6,1,,,,4048381|4645220|5684791|4021445|602378218|30247520|602388655|454477|106172|31532438
m403,dev,modality_v1,vague,reject_twice,,1,vocal_gender,,,0.0,0.0,0.0,0.0,0.0,0.0,,0,,,,31388145|3436083|602541837|602377791|602428694|5536206|2930971|602540788|1932604|33589488
m403,dev,modality_v1,vague,skip,,1,vocal_gender,,,0.0,0.0,0.0,0.0,0.0,0.0,6,1,,,,4048381|4645220|5684791|4021445|602378218|30247520|602388655|454477|106172|31532438
m403,dev,modality_v1,vague,oracle:vocal_gender,,1,vocal_gender,,,0.0,0.0,0.0,0.0,0.0,0.0,,0,,,,4048381|4021445|602378218|5684791|454477|33589488|602540788|602047697|5731941|602173808
m403,dev,modality_v1,vague,oracle:type,,1,vocal_gender,,,0.0,0.0,0.0,0.0,0.0,0.0,2,1,,,,602378218|30247520|4048381|4021445|5684791|1932604|4645220|602388655|454477|602540788
m403,dev,modality_v1,vague,oracle:genre,,1,vocal_gender,,,0.0,0.0,0.0,0.0,0.0,0.0,6,1,,,,4048381|4021445|5684791|602378218|4645220|30247520|602388655|454477|492078|33589488
m403,dev,modality_v1,vague,oracle:release_era,,1,vocal_gender,,,0.0,0.0,0.0,0.0,0.0,0.0,5,1,,,,4048381|4021445|4645220|5684791|30247520|5731941|602378218|602388655|1932604|33589488
m403,dev,modality_v1,vague,noisy:vocal_gender,,1,vocal_gender,,,0.0,0.0,0.0,0.0,0.0,0.0,5,1,,,,4645220|602388655|106172|492078|30247520|31532438|30512671|33001672|31286161|31055324
m403,dev,modality_v1,vague,noisy:type,,1,vocal_gender,,,0.0,0.0,0.0,0.0,0.0,0.0,,0,,,,4645220|5684791|602388655|454477|602540788|492078|106172|33589488|602450289|31286161
m403,dev,modality_v1,vague,noisy:genre,,1,vocal_gender,,,0.0,0.0,0.0,0.0,0.0,0.0,,0,,,,33001672|30512671|31055324|31286161|37463572|31532438|602499365|3904614|602369677|602047697
m403,dev,modality_v1,vague,noisy:release_era,,1,vocal_gender,,,0.0,0.0,0.0,0.0,0.0,0.0,10,1,,,,106172|492078|454477|4048381|4021445|1932604|5684791|602378218|4645220|30247520
m403,dev,modality_v1,vague,rule:oracle,,1,vocal_gender,,,0.0,0.0,0.0,0.0,0.0,0.0,,0,,,,4048381|4021445|602378218|5684791|454477|33589488|602540788|602047697|5731941|602173808
m403,dev,modality_v1,vague,rule:noisy,,1,vocal_gender,,,0.0,0.0,0.0,0.0,0.0,0.0,5,1,,,,4645220|602388655|106172|492078|30247520|31532438|30512671|33001672|31286161|31055324
m403,dev,modality_v1,vague,rule:skip,,1,vocal_gender,,,0.0,0.0,0.0,0.0,0.0,0.0,6,1,,,,4048381|4645220|5684791|4021445|602378218|30247520|602388655|454477|106172|31532438
m403,dev,modality_v1,vague,oracle:best,,1,vocal_gender,,,0.0,0.0,0.0,0.0,0.0,0.0,,0,,,,4048381|4021445|602378218|5684791|454477|33589488|602540788|602047697|5731941|602173808
m403,dev,modality_v1,vague,flow:reject,30849733,1,vocal_gender,,,0.0,0.0,0.0,0.0,0.0,0.0,,0,,2,3,31388145|3436083|602541837|602377791|602428694|5536206|2930971|602540788|1932604|33589488
m403,dev,modality_v1,vague,flow:reject,4129672,1,vocal_gender,,,0.0,0.0,0.0,0.0,0.0,0.0,,0,,2,3,31388145|3436083|602541837|602377791|602428694|5536206|2930971|602540788|1932604|33589488
m403,dev,modality_v1,vague,flow:skip,30849733,1,vocal_gender,,,0.0,0.0,0.0,0.0,0.0,0.0,,0,,2,3,31388145|3436083|602541837|602377791|602428694|5536206|2930971|602540788|1932604|33589488
m403,dev,modality_v1,vague,flow:skip,4129672,1,vocal_gender,,,0.0,0.0,0.0,0.0,0.0,0.0,,0,,2,3,31388145|3436083|602541837|602377791|602428694|5536206|2930971|602540788|1932604|33589488
m403,dev,modality_v1,vague,flow:oracle,30849733,1,vocal_gender,,,0.0,0.0,0.0,0.0,0.0,0.0,7,1,,3,3,31388145|3436083|5536206|602428694|31684634|31684636|30247520|602450289|4645220|1932604
m403,dev,modality_v1,vague,flow:oracle,4129672,1,vocal_gender,,,0.0,0.0,0.0,0.0,0.0,0.0,,0,,2,3,1575129|3436083|5536206|602541837|602377791|2930971|31388145|454477|602428694|106172
m403,dev,modality_v1,vague,flow:noisy,30849733,1,vocal_gender,,,0.0,0.0,0.0,0.0,0.0,0.0,,0,,2,3,3904614|37463572|32825454|602499365|602437176|1879332|602369677|602047697|601893642|602173808
m403,dev,modality_v1,vague,flow:noisy,4129672,1,vocal_gender,,,0.0,0.0,0.0,0.0,0.0,0.0,,0,,,3,602499365|602369677|601893642|31286161|33001672|31532438|30512671|31055324|37463572|1879332
q101,dev,v04,vague,initial,,1,,2,9,1.0,0.0,1.0,1.0,0.5,0.63093,2,1,,,,2012282|2289852|2688949|2140966|2345593|1926582|27654|36635522|35985167|601970481
q101,dev,v04,vague,reject_only,,0,,2,9,1.0,0.0,1.0,1.0,0.5,0.63093,2,1,,,,2012282|2289852|2688949|2140966|2345593|1926582|27654|36635522|35985167|601970481
q101,dev,v04,vague,reject_twice,,0,,2,9,1.0,0.0,1.0,1.0,0.5,0.63093,2,1,,,,2012282|2289852|2688949|2140966|2345593|1926582|27654|36635522|35985167|601970481
q101,dev,v04,vague,skip,,0,,2,9,1.0,0.0,1.0,1.0,0.5,0.63093,2,1,,,,2012282|2289852|2688949|2140966|2345593|1926582|27654|36635522|35985167|601970481
q101,dev,v04,vague,oracle:vocal_gender,,0,,2,9,1.0,0.0,1.0,1.0,0.5,0.63093,2,1,,,,2012282|2289852|2688949|2140966|2345593|1926582|27654|36635522|35985167|601970481
q101,dev,v04,vague,oracle:type,,0,,2,9,1.0,0.0,1.0,1.0,0.5,0.63093,2,1,,,,2012282|2289852|2688949|2140966|2345593|1926582|27654|36635522|35985167|601970481
q101,dev,v04,vague,oracle:genre,,0,,2,9,1.0,0.0,1.0,1.0,0.5,0.63093,2,1,,,,2012282|2289852|2688949|2140966|2345593|1926582|27654|36635522|35985167|601970481
q101,dev,v04,vague,oracle:release_era,,0,,2,9,1.0,0.0,1.0,1.0,0.5,0.63093,2,1,,,,2012282|2289852|2688949|2140966|2345593|1926582|27654|36635522|35985167|601970481
q101,dev,v04,vague,noisy:vocal_gender,,0,,2,9,1.0,0.0,1.0,1.0,0.5,0.63093,2,1,,,,2012282|2289852|2688949|2140966|2345593|1926582|27654|36635522|35985167|601970481
q101,dev,v04,vague,noisy:type,,0,,2,9,1.0,0.0,1.0,1.0,0.5,0.63093,2,1,,,,2012282|2289852|2688949|2140966|2345593|1926582|27654|36635522|35985167|601970481
q101,dev,v04,vague,noisy:genre,,0,,2,9,1.0,0.0,1.0,1.0,0.5,0.63093,2,1,,,,2012282|2289852|2688949|2140966|2345593|1926582|27654|36635522|35985167|601970481
q101,dev,v04,vague,noisy:release_era,,0,,2,9,1.0,0.0,1.0,1.0,0.5,0.63093,2,1,,,,2012282|2289852|2688949|2140966|2345593|1926582|27654|36635522|35985167|601970481
q101,dev,v04,vague,rule:oracle,,0,,2,9,1.0,0.0,1.0,1.0,0.5,0.63093,2,1,,,,2012282|2289852|2688949|2140966|2345593|1926582|27654|36635522|35985167|601970481
q101,dev,v04,vague,rule:noisy,,0,,2,9,1.0,0.0,1.0,1.0,0.5,0.63093,2,1,,,,2012282|2289852|2688949|2140966|2345593|1926582|27654|36635522|35985167|601970481
q101,dev,v04,vague,rule:skip,,0,,2,9,1.0,0.0,1.0,1.0,0.5,0.63093,2,1,,,,2012282|2289852|2688949|2140966|2345593|1926582|27654|36635522|35985167|601970481
q101,dev,v04,vague,oracle:best,,0,,2,9,1.0,0.0,1.0,1.0,0.5,0.63093,2,1,,,,2012282|2289852|2688949|2140966|2345593|1926582|27654|36635522|35985167|601970481
q101,dev,v04,vague,flow:reject,,0,,2,9,1.0,0.0,1.0,1.0,0.5,0.63093,2,1,1,1,1,2012282|2289852|2688949|2140966|2345593|1926582|27654|36635522|35985167|601970481
q101,dev,v04,vague,flow:skip,,0,,2,9,1.0,0.0,1.0,1.0,0.5,0.63093,2,1,1,1,1,2012282|2289852|2688949|2140966|2345593|1926582|27654|36635522|35985167|601970481
q101,dev,v04,vague,flow:oracle,,0,,2,9,1.0,0.0,1.0,1.0,0.5,0.63093,2,1,1,1,1,2012282|2289852|2688949|2140966|2345593|1926582|27654|36635522|35985167|601970481
q101,dev,v04,vague,flow:noisy,,0,,2,9,1.0,0.0,1.0,1.0,0.5,0.63093,2,1,1,1,1,2012282|2289852|2688949|2140966|2345593|1926582|27654|36635522|35985167|601970481
q103,dev,v04,vague,initial,,1,,1,2,1.0,1.0,1.0,1.0,1.0,1.0,1,1,,,,5572312|602471271|602389049|34100776|602334340|602313630|602300091|602398964|602290307|602429934
q103,dev,v04,vague,reject_only,,0,,1,2,1.0,1.0,1.0,1.0,1.0,1.0,1,1,,,,5572312|602471271|602389049|34100776|602334340|602313630|602300091|602398964|602290307|602429934
q103,dev,v04,vague,reject_twice,,0,,1,2,1.0,1.0,1.0,1.0,1.0,1.0,1,1,,,,5572312|602471271|602389049|34100776|602334340|602313630|602300091|602398964|602290307|602429934
q103,dev,v04,vague,skip,,0,,1,2,1.0,1.0,1.0,1.0,1.0,1.0,1,1,,,,5572312|602471271|602389049|34100776|602334340|602313630|602300091|602398964|602290307|602429934
q103,dev,v04,vague,oracle:vocal_gender,,0,,1,2,1.0,1.0,1.0,1.0,1.0,1.0,1,1,,,,5572312|602471271|602389049|34100776|602334340|602313630|602300091|602398964|602290307|602429934
q103,dev,v04,vague,oracle:type,,0,,1,2,1.0,1.0,1.0,1.0,1.0,1.0,1,1,,,,5572312|602471271|602389049|34100776|602334340|602313630|602300091|602398964|602290307|602429934
q103,dev,v04,vague,oracle:genre,,0,,1,2,1.0,1.0,1.0,1.0,1.0,1.0,1,1,,,,5572312|602471271|602389049|34100776|602334340|602313630|602300091|602398964|602290307|602429934
q103,dev,v04,vague,oracle:release_era,,0,,1,2,1.0,1.0,1.0,1.0,1.0,1.0,1,1,,,,5572312|602471271|602389049|34100776|602334340|602313630|602300091|602398964|602290307|602429934
q103,dev,v04,vague,noisy:vocal_gender,,0,,1,2,1.0,1.0,1.0,1.0,1.0,1.0,1,1,,,,5572312|602471271|602389049|34100776|602334340|602313630|602300091|602398964|602290307|602429934
q103,dev,v04,vague,noisy:type,,0,,1,2,1.0,1.0,1.0,1.0,1.0,1.0,1,1,,,,5572312|602471271|602389049|34100776|602334340|602313630|602300091|602398964|602290307|602429934
q103,dev,v04,vague,noisy:genre,,0,,1,2,1.0,1.0,1.0,1.0,1.0,1.0,1,1,,,,5572312|602471271|602389049|34100776|602334340|602313630|602300091|602398964|602290307|602429934
q103,dev,v04,vague,noisy:release_era,,0,,1,2,1.0,1.0,1.0,1.0,1.0,1.0,1,1,,,,5572312|602471271|602389049|34100776|602334340|602313630|602300091|602398964|602290307|602429934
q103,dev,v04,vague,rule:oracle,,0,,1,2,1.0,1.0,1.0,1.0,1.0,1.0,1,1,,,,5572312|602471271|602389049|34100776|602334340|602313630|602300091|602398964|602290307|602429934
q103,dev,v04,vague,rule:noisy,,0,,1,2,1.0,1.0,1.0,1.0,1.0,1.0,1,1,,,,5572312|602471271|602389049|34100776|602334340|602313630|602300091|602398964|602290307|602429934
q103,dev,v04,vague,rule:skip,,0,,1,2,1.0,1.0,1.0,1.0,1.0,1.0,1,1,,,,5572312|602471271|602389049|34100776|602334340|602313630|602300091|602398964|602290307|602429934
q103,dev,v04,vague,oracle:best,,0,,1,2,1.0,1.0,1.0,1.0,1.0,1.0,1,1,,,,5572312|602471271|602389049|34100776|602334340|602313630|602300091|602398964|602290307|602429934
q103,dev,v04,vague,flow:reject,,0,,1,2,1.0,1.0,1.0,1.0,1.0,1.0,1,1,1,1,1,5572312|602471271|602389049|34100776|602334340|602313630|602300091|602398964|602290307|602429934
q103,dev,v04,vague,flow:skip,,0,,1,2,1.0,1.0,1.0,1.0,1.0,1.0,1,1,1,1,1,5572312|602471271|602389049|34100776|602334340|602313630|602300091|602398964|602290307|602429934
q103,dev,v04,vague,flow:oracle,,0,,1,2,1.0,1.0,1.0,1.0,1.0,1.0,1,1,1,1,1,5572312|602471271|602389049|34100776|602334340|602313630|602300091|602398964|602290307|602429934
q103,dev,v04,vague,flow:noisy,,0,,1,2,1.0,1.0,1.0,1.0,1.0,1.0,1,1,1,1,1,5572312|602471271|602389049|34100776|602334340|602313630|602300091|602398964|602290307|602429934
q104,dev,v04,vague,initial,,1,,1,1,1.0,1.0,1.0,1.0,1.0,1.0,1,1,,,,27833|537750|418598|420534|3824|21749|1115206|531431|860577|91166
q104,dev,v04,vague,reject_only,,0,,1,1,1.0,1.0,1.0,1.0,1.0,1.0,1,1,,,,27833|537750|418598|420534|3824|21749|1115206|531431|860577|91166
q104,dev,v04,vague,reject_twice,,0,,1,1,1.0,1.0,1.0,1.0,1.0,1.0,1,1,,,,27833|537750|418598|420534|3824|21749|1115206|531431|860577|91166
q104,dev,v04,vague,skip,,0,,1,1,1.0,1.0,1.0,1.0,1.0,1.0,1,1,,,,27833|537750|418598|420534|3824|21749|1115206|531431|860577|91166
q104,dev,v04,vague,oracle:vocal_gender,,0,,1,1,1.0,1.0,1.0,1.0,1.0,1.0,1,1,,,,27833|537750|418598|420534|3824|21749|1115206|531431|860577|91166
q104,dev,v04,vague,oracle:type,,0,,1,1,1.0,1.0,1.0,1.0,1.0,1.0,1,1,,,,27833|537750|418598|420534|3824|21749|1115206|531431|860577|91166
q104,dev,v04,vague,oracle:genre,,0,,1,1,1.0,1.0,1.0,1.0,1.0,1.0,1,1,,,,27833|537750|418598|420534|3824|21749|1115206|531431|860577|91166
q104,dev,v04,vague,oracle:release_era,,0,,1,1,1.0,1.0,1.0,1.0,1.0,1.0,1,1,,,,27833|537750|418598|420534|3824|21749|1115206|531431|860577|91166
q104,dev,v04,vague,noisy:vocal_gender,,0,,1,1,1.0,1.0,1.0,1.0,1.0,1.0,1,1,,,,27833|537750|418598|420534|3824|21749|1115206|531431|860577|91166
q104,dev,v04,vague,noisy:type,,0,,1,1,1.0,1.0,1.0,1.0,1.0,1.0,1,1,,,,27833|537750|418598|420534|3824|21749|1115206|531431|860577|91166
q104,dev,v04,vague,noisy:genre,,0,,1,1,1.0,1.0,1.0,1.0,1.0,1.0,1,1,,,,27833|537750|418598|420534|3824|21749|1115206|531431|860577|91166
q104,dev,v04,vague,noisy:release_era,,0,,1,1,1.0,1.0,1.0,1.0,1.0,1.0,1,1,,,,27833|537750|418598|420534|3824|21749|1115206|531431|860577|91166
q104,dev,v04,vague,rule:oracle,,0,,1,1,1.0,1.0,1.0,1.0,1.0,1.0,1,1,,,,27833|537750|418598|420534|3824|21749|1115206|531431|860577|91166
q104,dev,v04,vague,rule:noisy,,0,,1,1,1.0,1.0,1.0,1.0,1.0,1.0,1,1,,,,27833|537750|418598|420534|3824|21749|1115206|531431|860577|91166
q104,dev,v04,vague,rule:skip,,0,,1,1,1.0,1.0,1.0,1.0,1.0,1.0,1,1,,,,27833|537750|418598|420534|3824|21749|1115206|531431|860577|91166
q104,dev,v04,vague,oracle:best,,0,,1,1,1.0,1.0,1.0,1.0,1.0,1.0,1,1,,,,27833|537750|418598|420534|3824|21749|1115206|531431|860577|91166
q104,dev,v04,vague,flow:reject,,0,,1,1,1.0,1.0,1.0,1.0,1.0,1.0,1,1,1,1,1,27833|537750|418598|420534|3824|21749|1115206|531431|860577|91166
q104,dev,v04,vague,flow:skip,,0,,1,1,1.0,1.0,1.0,1.0,1.0,1.0,1,1,1,1,1,27833|537750|418598|420534|3824|21749|1115206|531431|860577|91166
q104,dev,v04,vague,flow:oracle,,0,,1,1,1.0,1.0,1.0,1.0,1.0,1.0,1,1,1,1,1,27833|537750|418598|420534|3824|21749|1115206|531431|860577|91166
q104,dev,v04,vague,flow:noisy,,0,,1,1,1.0,1.0,1.0,1.0,1.0,1.0,1,1,1,1,1,27833|537750|418598|420534|3824|21749|1115206|531431|860577|91166
q105,dev,v04,vague,initial,,1,,1,3,1.0,1.0,1.0,1.0,1.0,1.0,1,1,,,,30838076|31286161|30587846|1903057|4118143|37138464|2231948|3532821|31417871|85257
q105,dev,v04,vague,reject_only,,0,,1,3,1.0,1.0,1.0,1.0,1.0,1.0,1,1,,,,30838076|31286161|30587846|1903057|4118143|37138464|2231948|3532821|31417871|85257
q105,dev,v04,vague,reject_twice,,0,,1,3,1.0,1.0,1.0,1.0,1.0,1.0,1,1,,,,30838076|31286161|30587846|1903057|4118143|37138464|2231948|3532821|31417871|85257
q105,dev,v04,vague,skip,,0,,1,3,1.0,1.0,1.0,1.0,1.0,1.0,1,1,,,,30838076|31286161|30587846|1903057|4118143|37138464|2231948|3532821|31417871|85257
q105,dev,v04,vague,oracle:vocal_gender,,0,,1,3,1.0,1.0,1.0,1.0,1.0,1.0,1,1,,,,30838076|31286161|30587846|1903057|4118143|37138464|2231948|3532821|31417871|85257
q105,dev,v04,vague,oracle:type,,0,,1,3,1.0,1.0,1.0,1.0,1.0,1.0,1,1,,,,30838076|31286161|30587846|1903057|4118143|37138464|2231948|3532821|31417871|85257
q105,dev,v04,vague,oracle:genre,,0,,1,3,1.0,1.0,1.0,1.0,1.0,1.0,1,1,,,,30838076|31286161|30587846|1903057|4118143|37138464|2231948|3532821|31417871|85257
q105,dev,v04,vague,oracle:release_era,,0,,1,3,1.0,1.0,1.0,1.0,1.0,1.0,1,1,,,,30838076|31286161|30587846|1903057|4118143|37138464|2231948|3532821|31417871|85257
q105,dev,v04,vague,noisy:vocal_gender,,0,,1,3,1.0,1.0,1.0,1.0,1.0,1.0,1,1,,,,30838076|31286161|30587846|1903057|4118143|37138464|2231948|3532821|31417871|85257
q105,dev,v04,vague,noisy:type,,0,,1,3,1.0,1.0,1.0,1.0,1.0,1.0,1,1,,,,30838076|31286161|30587846|1903057|4118143|37138464|2231948|3532821|31417871|85257
q105,dev,v04,vague,noisy:genre,,0,,1,3,1.0,1.0,1.0,1.0,1.0,1.0,1,1,,,,30838076|31286161|30587846|1903057|4118143|37138464|2231948|3532821|31417871|85257
q105,dev,v04,vague,noisy:release_era,,0,,1,3,1.0,1.0,1.0,1.0,1.0,1.0,1,1,,,,30838076|31286161|30587846|1903057|4118143|37138464|2231948|3532821|31417871|85257
q105,dev,v04,vague,rule:oracle,,0,,1,3,1.0,1.0,1.0,1.0,1.0,1.0,1,1,,,,30838076|31286161|30587846|1903057|4118143|37138464|2231948|3532821|31417871|85257
q105,dev,v04,vague,rule:noisy,,0,,1,3,1.0,1.0,1.0,1.0,1.0,1.0,1,1,,,,30838076|31286161|30587846|1903057|4118143|37138464|2231948|3532821|31417871|85257
q105,dev,v04,vague,rule:skip,,0,,1,3,1.0,1.0,1.0,1.0,1.0,1.0,1,1,,,,30838076|31286161|30587846|1903057|4118143|37138464|2231948|3532821|31417871|85257
q105,dev,v04,vague,oracle:best,,0,,1,3,1.0,1.0,1.0,1.0,1.0,1.0,1,1,,,,30838076|31286161|30587846|1903057|4118143|37138464|2231948|3532821|31417871|85257
q105,dev,v04,vague,flow:reject,,0,,1,3,1.0,1.0,1.0,1.0,1.0,1.0,1,1,1,1,1,30838076|31286161|30587846|1903057|4118143|37138464|2231948|3532821|31417871|85257
q105,dev,v04,vague,flow:skip,,0,,1,3,1.0,1.0,1.0,1.0,1.0,1.0,1,1,1,1,1,30838076|31286161|30587846|1903057|4118143|37138464|2231948|3532821|31417871|85257
q105,dev,v04,vague,flow:oracle,,0,,1,3,1.0,1.0,1.0,1.0,1.0,1.0,1,1,1,1,1,30838076|31286161|30587846|1903057|4118143|37138464|2231948|3532821|31417871|85257
q105,dev,v04,vague,flow:noisy,,0,,1,3,1.0,1.0,1.0,1.0,1.0,1.0,1,1,1,1,1,30838076|31286161|30587846|1903057|4118143|37138464|2231948|3532821|31417871|85257
q106,dev,v04,vague,initial,,1,,1,4,1.0,1.0,1.0,1.0,1.0,1.0,1,1,,,,2906349|4011608|21360|2053450|3169779|5713422|1839831|36699489|489055|91322
q106,dev,v04,vague,reject_only,,0,,1,4,1.0,1.0,1.0,1.0,1.0,1.0,1,1,,,,2906349|4011608|21360|2053450|3169779|5713422|1839831|36699489|489055|91322
q106,dev,v04,vague,reject_twice,,0,,1,4,1.0,1.0,1.0,1.0,1.0,1.0,1,1,,,,2906349|4011608|21360|2053450|3169779|5713422|1839831|36699489|489055|91322
q106,dev,v04,vague,skip,,0,,1,4,1.0,1.0,1.0,1.0,1.0,1.0,1,1,,,,2906349|4011608|21360|2053450|3169779|5713422|1839831|36699489|489055|91322
q106,dev,v04,vague,oracle:vocal_gender,,0,,1,4,1.0,1.0,1.0,1.0,1.0,1.0,1,1,,,,2906349|4011608|21360|2053450|3169779|5713422|1839831|36699489|489055|91322
q106,dev,v04,vague,oracle:type,,0,,1,4,1.0,1.0,1.0,1.0,1.0,1.0,1,1,,,,2906349|4011608|21360|2053450|3169779|5713422|1839831|36699489|489055|91322
q106,dev,v04,vague,oracle:genre,,0,,1,4,1.0,1.0,1.0,1.0,1.0,1.0,1,1,,,,2906349|4011608|21360|2053450|3169779|5713422|1839831|36699489|489055|91322
q106,dev,v04,vague,oracle:release_era,,0,,1,4,1.0,1.0,1.0,1.0,1.0,1.0,1,1,,,,2906349|4011608|21360|2053450|3169779|5713422|1839831|36699489|489055|91322
q106,dev,v04,vague,noisy:vocal_gender,,0,,1,4,1.0,1.0,1.0,1.0,1.0,1.0,1,1,,,,2906349|4011608|21360|2053450|3169779|5713422|1839831|36699489|489055|91322
q106,dev,v04,vague,noisy:type,,0,,1,4,1.0,1.0,1.0,1.0,1.0,1.0,1,1,,,,2906349|4011608|21360|2053450|3169779|5713422|1839831|36699489|489055|91322
q106,dev,v04,vague,noisy:genre,,0,,1,4,1.0,1.0,1.0,1.0,1.0,1.0,1,1,,,,2906349|4011608|21360|2053450|3169779|5713422|1839831|36699489|489055|91322
q106,dev,v04,vague,noisy:release_era,,0,,1,4,1.0,1.0,1.0,1.0,1.0,1.0,1,1,,,,2906349|4011608|21360|2053450|3169779|5713422|1839831|36699489|489055|91322
q106,dev,v04,vague,rule:oracle,,0,,1,4,1.0,1.0,1.0,1.0,1.0,1.0,1,1,,,,2906349|4011608|21360|2053450|3169779|5713422|1839831|36699489|489055|91322
q106,dev,v04,vague,rule:noisy,,0,,1,4,1.0,1.0,1.0,1.0,1.0,1.0,1,1,,,,2906349|4011608|21360|2053450|3169779|5713422|1839831|36699489|489055|91322
q106,dev,v04,vague,rule:skip,,0,,1,4,1.0,1.0,1.0,1.0,1.0,1.0,1,1,,,,2906349|4011608|21360|2053450|3169779|5713422|1839831|36699489|489055|91322
q106,dev,v04,vague,oracle:best,,0,,1,4,1.0,1.0,1.0,1.0,1.0,1.0,1,1,,,,2906349|4011608|21360|2053450|3169779|5713422|1839831|36699489|489055|91322
q106,dev,v04,vague,flow:reject,,0,,1,4,1.0,1.0,1.0,1.0,1.0,1.0,1,1,1,1,1,2906349|4011608|21360|2053450|3169779|5713422|1839831|36699489|489055|91322
q106,dev,v04,vague,flow:skip,,0,,1,4,1.0,1.0,1.0,1.0,1.0,1.0,1,1,1,1,1,2906349|4011608|21360|2053450|3169779|5713422|1839831|36699489|489055|91322
q106,dev,v04,vague,flow:oracle,,0,,1,4,1.0,1.0,1.0,1.0,1.0,1.0,1,1,1,1,1,2906349|4011608|21360|2053450|3169779|5713422|1839831|36699489|489055|91322
q106,dev,v04,vague,flow:noisy,,0,,1,4,1.0,1.0,1.0,1.0,1.0,1.0,1,1,1,1,1,2906349|4011608|21360|2053450|3169779|5713422|1839831|36699489|489055|91322
q107,dev,v04,vague,initial,,1,,1,1,1.0,1.0,1.0,1.0,1.0,1.0,1,1,,,,420424|732519|732512|466094|476529|489055|316434|91846|1649188|2053450
q107,dev,v04,vague,reject_only,,0,,1,1,1.0,1.0,1.0,1.0,1.0,1.0,1,1,,,,420424|732519|732512|466094|476529|489055|316434|91846|1649188|2053450
q107,dev,v04,vague,reject_twice,,0,,1,1,1.0,1.0,1.0,1.0,1.0,1.0,1,1,,,,420424|732519|732512|466094|476529|489055|316434|91846|1649188|2053450
q107,dev,v04,vague,skip,,0,,1,1,1.0,1.0,1.0,1.0,1.0,1.0,1,1,,,,420424|732519|732512|466094|476529|489055|316434|91846|1649188|2053450
q107,dev,v04,vague,oracle:vocal_gender,,0,,1,1,1.0,1.0,1.0,1.0,1.0,1.0,1,1,,,,420424|732519|732512|466094|476529|489055|316434|91846|1649188|2053450
q107,dev,v04,vague,oracle:type,,0,,1,1,1.0,1.0,1.0,1.0,1.0,1.0,1,1,,,,420424|732519|732512|466094|476529|489055|316434|91846|1649188|2053450
q107,dev,v04,vague,oracle:genre,,0,,1,1,1.0,1.0,1.0,1.0,1.0,1.0,1,1,,,,420424|732519|732512|466094|476529|489055|316434|91846|1649188|2053450
q107,dev,v04,vague,oracle:release_era,,0,,1,1,1.0,1.0,1.0,1.0,1.0,1.0,1,1,,,,420424|732519|732512|466094|476529|489055|316434|91846|1649188|2053450
q107,dev,v04,vague,noisy:vocal_gender,,0,,1,1,1.0,1.0,1.0,1.0,1.0,1.0,1,1,,,,420424|732519|732512|466094|476529|489055|316434|91846|1649188|2053450
q107,dev,v04,vague,noisy:type,,0,,1,1,1.0,1.0,1.0,1.0,1.0,1.0,1,1,,,,420424|732519|732512|466094|476529|489055|316434|91846|1649188|2053450
q107,dev,v04,vague,noisy:genre,,0,,1,1,1.0,1.0,1.0,1.0,1.0,1.0,1,1,,,,420424|732519|732512|466094|476529|489055|316434|91846|1649188|2053450
q107,dev,v04,vague,noisy:release_era,,0,,1,1,1.0,1.0,1.0,1.0,1.0,1.0,1,1,,,,420424|732519|732512|466094|476529|489055|316434|91846|1649188|2053450
q107,dev,v04,vague,rule:oracle,,0,,1,1,1.0,1.0,1.0,1.0,1.0,1.0,1,1,,,,420424|732519|732512|466094|476529|489055|316434|91846|1649188|2053450
q107,dev,v04,vague,rule:noisy,,0,,1,1,1.0,1.0,1.0,1.0,1.0,1.0,1,1,,,,420424|732519|732512|466094|476529|489055|316434|91846|1649188|2053450
q107,dev,v04,vague,rule:skip,,0,,1,1,1.0,1.0,1.0,1.0,1.0,1.0,1,1,,,,420424|732519|732512|466094|476529|489055|316434|91846|1649188|2053450
q107,dev,v04,vague,oracle:best,,0,,1,1,1.0,1.0,1.0,1.0,1.0,1.0,1,1,,,,420424|732519|732512|466094|476529|489055|316434|91846|1649188|2053450
q107,dev,v04,vague,flow:reject,,0,,1,1,1.0,1.0,1.0,1.0,1.0,1.0,1,1,1,1,1,420424|732519|732512|466094|476529|489055|316434|91846|1649188|2053450
q107,dev,v04,vague,flow:skip,,0,,1,1,1.0,1.0,1.0,1.0,1.0,1.0,1,1,1,1,1,420424|732519|732512|466094|476529|489055|316434|91846|1649188|2053450
q107,dev,v04,vague,flow:oracle,,0,,1,1,1.0,1.0,1.0,1.0,1.0,1.0,1,1,1,1,1,420424|732519|732512|466094|476529|489055|316434|91846|1649188|2053450
q107,dev,v04,vague,flow:noisy,,0,,1,1,1.0,1.0,1.0,1.0,1.0,1.0,1,1,1,1,1,420424|732519|732512|466094|476529|489055|316434|91846|1649188|2053450
q108,dev,v04,vague,initial,,1,,1,1,1.0,1.0,1.0,1.0,1.0,1.0,1,1,,,,30859584|1913501|3403761|5682700|1932604|30147446|2648642|601890440|3692955|1456783
q108,dev,v04,vague,reject_only,,0,,1,1,1.0,1.0,1.0,1.0,1.0,1.0,1,1,,,,30859584|1913501|3403761|5682700|1932604|30147446|2648642|601890440|3692955|1456783
q108,dev,v04,vague,reject_twice,,0,,1,1,1.0,1.0,1.0,1.0,1.0,1.0,1,1,,,,30859584|1913501|3403761|5682700|1932604|30147446|2648642|601890440|3692955|1456783
q108,dev,v04,vague,skip,,0,,1,1,1.0,1.0,1.0,1.0,1.0,1.0,1,1,,,,30859584|1913501|3403761|5682700|1932604|30147446|2648642|601890440|3692955|1456783
q108,dev,v04,vague,oracle:vocal_gender,,0,,1,1,1.0,1.0,1.0,1.0,1.0,1.0,1,1,,,,30859584|1913501|3403761|5682700|1932604|30147446|2648642|601890440|3692955|1456783
q108,dev,v04,vague,oracle:type,,0,,1,1,1.0,1.0,1.0,1.0,1.0,1.0,1,1,,,,30859584|1913501|3403761|5682700|1932604|30147446|2648642|601890440|3692955|1456783
q108,dev,v04,vague,oracle:genre,,0,,1,1,1.0,1.0,1.0,1.0,1.0,1.0,1,1,,,,30859584|1913501|3403761|5682700|1932604|30147446|2648642|601890440|3692955|1456783
q108,dev,v04,vague,oracle:release_era,,0,,1,1,1.0,1.0,1.0,1.0,1.0,1.0,1,1,,,,30859584|1913501|3403761|5682700|1932604|30147446|2648642|601890440|3692955|1456783
q108,dev,v04,vague,noisy:vocal_gender,,0,,1,1,1.0,1.0,1.0,1.0,1.0,1.0,1,1,,,,30859584|1913501|3403761|5682700|1932604|30147446|2648642|601890440|3692955|1456783
q108,dev,v04,vague,noisy:type,,0,,1,1,1.0,1.0,1.0,1.0,1.0,1.0,1,1,,,,30859584|1913501|3403761|5682700|1932604|30147446|2648642|601890440|3692955|1456783
q108,dev,v04,vague,noisy:genre,,0,,1,1,1.0,1.0,1.0,1.0,1.0,1.0,1,1,,,,30859584|1913501|3403761|5682700|1932604|30147446|2648642|601890440|3692955|1456783
q108,dev,v04,vague,noisy:release_era,,0,,1,1,1.0,1.0,1.0,1.0,1.0,1.0,1,1,,,,30859584|1913501|3403761|5682700|1932604|30147446|2648642|601890440|3692955|1456783
q108,dev,v04,vague,rule:oracle,,0,,1,1,1.0,1.0,1.0,1.0,1.0,1.0,1,1,,,,30859584|1913501|3403761|5682700|1932604|30147446|2648642|601890440|3692955|1456783
q108,dev,v04,vague,rule:noisy,,0,,1,1,1.0,1.0,1.0,1.0,1.0,1.0,1,1,,,,30859584|1913501|3403761|5682700|1932604|30147446|2648642|601890440|3692955|1456783
q108,dev,v04,vague,rule:skip,,0,,1,1,1.0,1.0,1.0,1.0,1.0,1.0,1,1,,,,30859584|1913501|3403761|5682700|1932604|30147446|2648642|601890440|3692955|1456783
q108,dev,v04,vague,oracle:best,,0,,1,1,1.0,1.0,1.0,1.0,1.0,1.0,1,1,,,,30859584|1913501|3403761|5682700|1932604|30147446|2648642|601890440|3692955|1456783
q108,dev,v04,vague,flow:reject,,0,,1,1,1.0,1.0,1.0,1.0,1.0,1.0,1,1,1,1,1,30859584|1913501|3403761|5682700|1932604|30147446|2648642|601890440|3692955|1456783
q108,dev,v04,vague,flow:skip,,0,,1,1,1.0,1.0,1.0,1.0,1.0,1.0,1,1,1,1,1,30859584|1913501|3403761|5682700|1932604|30147446|2648642|601890440|3692955|1456783
q108,dev,v04,vague,flow:oracle,,0,,1,1,1.0,1.0,1.0,1.0,1.0,1.0,1,1,1,1,1,30859584|1913501|3403761|5682700|1932604|30147446|2648642|601890440|3692955|1456783
q108,dev,v04,vague,flow:noisy,,0,,1,1,1.0,1.0,1.0,1.0,1.0,1.0,1,1,1,1,1,30859584|1913501|3403761|5682700|1932604|30147446|2648642|601890440|3692955|1456783
q110,dev,v04,vague,initial,,1,,,,0.0,0.0,0.0,0.0,0.0,0.0,,0,,,,5112|3570725|602335674|425453|37138471|35730562|3366160|31055324|2667293|32528369
q110,dev,v04,vague,reject_only,,1,,1,6,1.0,1.0,1.0,1.0,1.0,1.0,1,1,,,,4503810|2797558|36430773|4184826|36599949|35485544|34349913|38123332|2160048|36416114
q110,dev,v04,vague,reject_twice,,0,,1,6,1.0,1.0,1.0,1.0,1.0,1.0,1,1,,,,4503810|2797558|36430773|4184826|36599949|35485544|34349913|38123332|2160048|36416114
q110,dev,v04,vague,skip,,1,,1,6,1.0,1.0,1.0,1.0,1.0,1.0,1,1,,,,4503810|2797558|36430773|4184826|36599949|35485544|34349913|38123332|2160048|36416114
q110,dev,v04,vague,oracle:vocal_gender,,1,,1,6,1.0,1.0,1.0,1.0,1.0,1.0,1,1,,,,4503810|2797558|36430773|36599949|4184826|35485544|38123332|602048198|36430774|36416114
q110,dev,v04,vague,oracle:type,,1,,1,6,1.0,1.0,1.0,1.0,1.0,1.0,1,1,,,,4503810|36599949|2797558|4184826|35485544|37563682|34349913|38123332|602554113|36416114
q110,dev,v04,vague,oracle:genre,,1,,1,6,1.0,1.0,1.0,1.0,1.0,1.0,1,1,,,,4503810|2797558|36430773|4184826|36599949|35485544|34349913|38123332|36416114|36871671
q110,dev,v04,vague,oracle:release_era,,1,,1,1,1.0,1.0,1.0,1.0,1.0,1.0,1,1,,,,4503810|4184826|2797558|2629049|4383773|2987448|2197448|36430773|34349913|36599949
q110,dev,v04,vague,noisy:vocal_gender,,1,,1,6,1.0,1.0,1.0,1.0,1.0,1.0,1,1,,,,4503810|36599949|34349913|4184826|36430773|2797558|38123332|602499783|36416114|1566277
q110,dev,v04,vague,noisy:type,,1,,,7,1.0,0.0,0.0,0.0,0.0,0.0,,0,,,,2231948|2797558|1566277|2629049|36430774|34349913|36599949|36416114|38123332|37563682
q110,dev,v04,vague,noisy:genre,,1,,1,6,1.0,1.0,1.0,1.0,1.0,1.0,1,1,,,,4503810|36599949|35485544|4184826|36430773|34349913|38123332|36416114|602323997|36871671
q110,dev,v04,vague,noisy:release_era,,1,,1,10,1.0,1.0,1.0,1.0,1.0,1.0,1,1,,,,4503810|2160048|4184826|2797558|1929329|2231948|2197448|1566277|2629049|1926582
q110,dev,v04,vague,rule:oracle,,1,,1,6,1.0,1.0,1.0,1.0,1.0,1.0,1,1,,,,4503810|2797558|36430773|4184826|36599949|35485544|34349913|38123332|2160048|36416114
q110,dev,v04,vague,rule:noisy,,1,,1,6,1.0,1.0,1.0,1.0,1.0,1.0,1,1,,,,4503810|2797558|36430773|4184826|36599949|35485544|34349913|38123332|2160048|36416114
q110,dev,v04,vague,rule:skip,,1,,1,6,1.0,1.0,1.0,1.0,1.0,1.0,1,1,,,,4503810|2797558|36430773|4184826|36599949|35485544|34349913|38123332|2160048|36416114
q110,dev,v04,vague,oracle:best,,1,,1,6,1.0,1.0,1.0,1.0,1.0,1.0,1,1,,,,4503810|2797558|36430773|36599949|4184826|35485544|38123332|602048198|36430774|36416114
q110,dev,v04,vague,flow:reject,4503810,1,,1,6,1.0,1.0,1.0,1.0,1.0,1.0,1,1,2,2,2,4503810|2797558|36430773|4184826|36599949|35485544|34349913|38123332|2160048|36416114
q110,dev,v04,vague,flow:skip,4503810,1,,1,6,1.0,1.0,1.0,1.0,1.0,1.0,1,1,2,2,2,4503810|2797558|36430773|4184826|36599949|35485544|34349913|38123332|2160048|36416114
q110,dev,v04,vague,flow:oracle,4503810,1,,1,6,1.0,1.0,1.0,1.0,1.0,1.0,1,1,2,2,2,4503810|2797558|36430773|4184826|36599949|35485544|34349913|38123332|2160048|36416114
q110,dev,v04,vague,flow:noisy,4503810,1,,1,6,1.0,1.0,1.0,1.0,1.0,1.0,1,1,2,2,2,4503810|2797558|36430773|4184826|36599949|35485544|34349913|38123332|2160048|36416114
q112,dev,v04,vague,initial,,1,vocal_gender,,,0.0,0.0,0.0,0.0,0.0,0.0,,0,,,,1951553|1657769|1932604|1583453|1500206|1765767|1139741|933372|33625988|1786851
q112,dev,v04,vague,reject_only,,1,vocal_gender,,,0.0,0.0,0.0,0.0,0.0,0.0,,0,,,,1204915|420248|2908515|2203097|1455699|2289852|622649|2024974|488134|1807098
q112,dev,v04,vague,reject_twice,,1,vocal_gender,,,0.0,0.0,0.0,0.0,0.0,0.0,,0,,,,986817|862035|486743|8122589|1566277|2159715|35640077|3488667|2271648|1929329
q112,dev,v04,vague,skip,,1,vocal_gender,,,0.0,0.0,0.0,0.0,0.0,0.0,,0,,,,1204915|420248|2908515|2203097|1455699|2289852|622649|2024974|488134|1807098
q112,dev,v04,vague,oracle:vocal_gender,,1,vocal_gender,,,0.0,0.0,0.0,0.0,0.0,0.0,,0,,,,420248|986817|8122589|8218594|622649|602511189|8252409|3692955|486743|2172570
q112,dev,v04,vague,oracle:type,,1,vocal_gender,,,0.0,0.0,0.0,0.0,0.0,0.0,,0,,,,2908515|420248|1455699|2289852|2203097|35640077|1929329|2024974|1807098|2803451
q112,dev,v04,vague,oracle:genre,,1,vocal_gender,,,0.0,0.0,0.0,0.0,0.0,0.0,,0,,,,420248|504835|1204915|622649|602511189|8252409|488135|3692955|488134|1566277
q112,dev,v04,vague,oracle:release_era,,1,vocal_gender,,,0.0,0.0,0.0,0.0,0.0,0.0,,0,,,,1204915|420248|986817|2289852|1455699|1566277|2203097|2159715|2024974|1807098
q112,dev,v04,vague,noisy:vocal_gender,,1,vocal_gender,,,0.0,0.0,0.0,0.0,0.0,0.0,,0,,,,2908515|2024974|1566277|2129151|2289852|2203097|1807098|2803451|3037051|2159715
q112,dev,v04,vague,noisy:type,,1,vocal_gender,,,0.0,0.0,0.0,0.0,0.0,0.0,,0,,,,2908515|488135|488134|2159715|1204915|1566277|2024974|1807098|2203097|1929329
q112,dev,v04,vague,noisy:genre,,1,vocal_gender,,,0.0,0.0,0.0,0.0,0.0,0.0,,0,,,,986817|420248|1204915|2203097|2908515|2289852|2159715|862035|2172570|486743
q112,dev,v04,vague,noisy:release_era,,1,vocal_gender,,,0.0,0.0,0.0,0.0,0.0,0.0,,0,,,,420248|504835|1204915|622649|1455699|2271648|2024974|2908515|2803451|2129151
q112,dev,v04,vague,rule:oracle,,1,vocal_gender,,,0.0,0.0,0.0,0.0,0.0,0.0,,0,,,,420248|986817|8122589|8218594|622649|602511189|8252409|3692955|486743|2172570
q112,dev,v04,vague,rule:noisy,,1,vocal_gender,,,0.0,0.0,0.0,0.0,0.0,0.0,,0,,,,2908515|2024974|1566277|2129151|2289852|2203097|1807098|2803451|3037051|2159715
q112,dev,v04,vague,rule:skip,,1,vocal_gender,,,0.0,0.0,0.0,0.0,0.0,0.0,,0,,,,1204915|420248|2908515|2203097|1455699|2289852|622649|2024974|488134|1807098
q112,dev,v04,vague,oracle:best,,1,vocal_gender,,,0.0,0.0,0.0,0.0,0.0,0.0,,0,,,,420248|986817|8122589|8218594|622649|602511189|8252409|3692955|486743|2172570
q112,dev,v04,vague,flow:reject,1556547,1,vocal_gender,,,0.0,0.0,0.0,0.0,0.0,0.0,,0,,,3,986817|862035|486743|8122589|1566277|2159715|35640077|3488667|2271648|1929329
q112,dev,v04,vague,flow:skip,1556547,1,vocal_gender,,,0.0,0.0,0.0,0.0,0.0,0.0,,0,,,3,986817|862035|486743|8122589|1566277|2159715|35640077|3488667|2271648|1929329
q112,dev,v04,vague,flow:oracle,1556547,1,vocal_gender,,,0.0,0.0,0.0,0.0,0.0,0.0,,0,,,3,1204915|504835|602294060|106465|3906377|3488667|3928713|1455699|35640077|2289852
q112,dev,v04,vague,flow:noisy,1556547,1,vocal_gender,,,0.0,0.0,0.0,0.0,0.0,0.0,,0,,,3,3815739|2930969|5660040|3764899|2271648|1929329|35640077|488135|488134|1455699
q113,dev,v04,vague,initial,,1,,1,1,1.0,1.0,1.0,1.0,1.0,1.0,1,1,,,,1569649|602125921|35640077|4212184|34772475|4118143|1288745|85258|1903057|2159569
q113,dev,v04,vague,reject_only,,0,,1,1,1.0,1.0,1.0,1.0,1.0,1.0,1,1,,,,1569649|602125921|35640077|4212184|34772475|4118143|1288745|85258|1903057|2159569
q113,dev,v04,vague,reject_twice,,0,,1,1,1.0,1.0,1.0,1.0,1.0,1.0,1,1,,,,1569649|602125921|35640077|4212184|34772475|4118143|1288745|85258|1903057|2159569
q113,dev,v04,vague,skip,,0,,1,1,1.0,1.0,1.0,1.0,1.0,1.0,1,1,,,,1569649|602125921|35640077|4212184|34772475|4118143|1288745|85258|1903057|2159569
q113,dev,v04,vague,oracle:vocal_gender,,0,,1,1,1.0,1.0,1.0,1.0,1.0,1.0,1,1,,,,1569649|602125921|35640077|4212184|34772475|4118143|1288745|85258|1903057|2159569
q113,dev,v04,vague,oracle:type,,0,,1,1,1.0,1.0,1.0,1.0,1.0,1.0,1,1,,,,1569649|602125921|35640077|4212184|34772475|4118143|1288745|85258|1903057|2159569
q113,dev,v04,vague,oracle:genre,,0,,1,1,1.0,1.0,1.0,1.0,1.0,1.0,1,1,,,,1569649|602125921|35640077|4212184|34772475|4118143|1288745|85258|1903057|2159569
q113,dev,v04,vague,oracle:release_era,,0,,1,1,1.0,1.0,1.0,1.0,1.0,1.0,1,1,,,,1569649|602125921|35640077|4212184|34772475|4118143|1288745|85258|1903057|2159569
q113,dev,v04,vague,noisy:vocal_gender,,0,,1,1,1.0,1.0,1.0,1.0,1.0,1.0,1,1,,,,1569649|602125921|35640077|4212184|34772475|4118143|1288745|85258|1903057|2159569
q113,dev,v04,vague,noisy:type,,0,,1,1,1.0,1.0,1.0,1.0,1.0,1.0,1,1,,,,1569649|602125921|35640077|4212184|34772475|4118143|1288745|85258|1903057|2159569
q113,dev,v04,vague,noisy:genre,,0,,1,1,1.0,1.0,1.0,1.0,1.0,1.0,1,1,,,,1569649|602125921|35640077|4212184|34772475|4118143|1288745|85258|1903057|2159569
q113,dev,v04,vague,noisy:release_era,,0,,1,1,1.0,1.0,1.0,1.0,1.0,1.0,1,1,,,,1569649|602125921|35640077|4212184|34772475|4118143|1288745|85258|1903057|2159569
q113,dev,v04,vague,rule:oracle,,0,,1,1,1.0,1.0,1.0,1.0,1.0,1.0,1,1,,,,1569649|602125921|35640077|4212184|34772475|4118143|1288745|85258|1903057|2159569
q113,dev,v04,vague,rule:noisy,,0,,1,1,1.0,1.0,1.0,1.0,1.0,1.0,1,1,,,,1569649|602125921|35640077|4212184|34772475|4118143|1288745|85258|1903057|2159569
q113,dev,v04,vague,rule:skip,,0,,1,1,1.0,1.0,1.0,1.0,1.0,1.0,1,1,,,,1569649|602125921|35640077|4212184|34772475|4118143|1288745|85258|1903057|2159569
q113,dev,v04,vague,oracle:best,,0,,1,1,1.0,1.0,1.0,1.0,1.0,1.0,1,1,,,,1569649|602125921|35640077|4212184|34772475|4118143|1288745|85258|1903057|2159569
q113,dev,v04,vague,flow:reject,,0,,1,1,1.0,1.0,1.0,1.0,1.0,1.0,1,1,1,1,1,1569649|602125921|35640077|4212184|34772475|4118143|1288745|85258|1903057|2159569
q113,dev,v04,vague,flow:skip,,0,,1,1,1.0,1.0,1.0,1.0,1.0,1.0,1,1,1,1,1,1569649|602125921|35640077|4212184|34772475|4118143|1288745|85258|1903057|2159569
q113,dev,v04,vague,flow:oracle,,0,,1,1,1.0,1.0,1.0,1.0,1.0,1.0,1,1,1,1,1,1569649|602125921|35640077|4212184|34772475|4118143|1288745|85258|1903057|2159569
q113,dev,v04,vague,flow:noisy,,0,,1,1,1.0,1.0,1.0,1.0,1.0,1.0,1,1,1,1,1,1569649|602125921|35640077|4212184|34772475|4118143|1288745|85258|1903057|2159569
q114,dev,v04,vague,initial,,1,,1,1,1.0,1.0,1.0,1.0,1.0,1.0,1,1,,,,3065249|2951700|602362112|5684826|1556553|602113331|5807273|5470838|32399832|30566061
q114,dev,v04,vague,reject_only,,0,,1,1,1.0,1.0,1.0,1.0,1.0,1.0,1,1,,,,3065249|2951700|602362112|5684826|1556553|602113331|5807273|5470838|32399832|30566061
q114,dev,v04,vague,reject_twice,,0,,1,1,1.0,1.0,1.0,1.0,1.0,1.0,1,1,,,,3065249|2951700|602362112|5684826|1556553|602113331|5807273|5470838|32399832|30566061
q114,dev,v04,vague,skip,,0,,1,1,1.0,1.0,1.0,1.0,1.0,1.0,1,1,,,,3065249|2951700|602362112|5684826|1556553|602113331|5807273|5470838|32399832|30566061
q114,dev,v04,vague,oracle:vocal_gender,,0,,1,1,1.0,1.0,1.0,1.0,1.0,1.0,1,1,,,,3065249|2951700|602362112|5684826|1556553|602113331|5807273|5470838|32399832|30566061
q114,dev,v04,vague,oracle:type,,0,,1,1,1.0,1.0,1.0,1.0,1.0,1.0,1,1,,,,3065249|2951700|602362112|5684826|1556553|602113331|5807273|5470838|32399832|30566061
q114,dev,v04,vague,oracle:genre,,0,,1,1,1.0,1.0,1.0,1.0,1.0,1.0,1,1,,,,3065249|2951700|602362112|5684826|1556553|602113331|5807273|5470838|32399832|30566061
q114,dev,v04,vague,oracle:release_era,,0,,1,1,1.0,1.0,1.0,1.0,1.0,1.0,1,1,,,,3065249|2951700|602362112|5684826|1556553|602113331|5807273|5470838|32399832|30566061
q114,dev,v04,vague,noisy:vocal_gender,,0,,1,1,1.0,1.0,1.0,1.0,1.0,1.0,1,1,,,,3065249|2951700|602362112|5684826|1556553|602113331|5807273|5470838|32399832|30566061
q114,dev,v04,vague,noisy:type,,0,,1,1,1.0,1.0,1.0,1.0,1.0,1.0,1,1,,,,3065249|2951700|602362112|5684826|1556553|602113331|5807273|5470838|32399832|30566061
q114,dev,v04,vague,noisy:genre,,0,,1,1,1.0,1.0,1.0,1.0,1.0,1.0,1,1,,,,3065249|2951700|602362112|5684826|1556553|602113331|5807273|5470838|32399832|30566061
q114,dev,v04,vague,noisy:release_era,,0,,1,1,1.0,1.0,1.0,1.0,1.0,1.0,1,1,,,,3065249|2951700|602362112|5684826|1556553|602113331|5807273|5470838|32399832|30566061
q114,dev,v04,vague,rule:oracle,,0,,1,1,1.0,1.0,1.0,1.0,1.0,1.0,1,1,,,,3065249|2951700|602362112|5684826|1556553|602113331|5807273|5470838|32399832|30566061
q114,dev,v04,vague,rule:noisy,,0,,1,1,1.0,1.0,1.0,1.0,1.0,1.0,1,1,,,,3065249|2951700|602362112|5684826|1556553|602113331|5807273|5470838|32399832|30566061
q114,dev,v04,vague,rule:skip,,0,,1,1,1.0,1.0,1.0,1.0,1.0,1.0,1,1,,,,3065249|2951700|602362112|5684826|1556553|602113331|5807273|5470838|32399832|30566061
q114,dev,v04,vague,oracle:best,,0,,1,1,1.0,1.0,1.0,1.0,1.0,1.0,1,1,,,,3065249|2951700|602362112|5684826|1556553|602113331|5807273|5470838|32399832|30566061
q114,dev,v04,vague,flow:reject,,0,,1,1,1.0,1.0,1.0,1.0,1.0,1.0,1,1,1,1,1,3065249|2951700|602362112|5684826|1556553|602113331|5807273|5470838|32399832|30566061
q114,dev,v04,vague,flow:skip,,0,,1,1,1.0,1.0,1.0,1.0,1.0,1.0,1,1,1,1,1,3065249|2951700|602362112|5684826|1556553|602113331|5807273|5470838|32399832|30566061
q114,dev,v04,vague,flow:oracle,,0,,1,1,1.0,1.0,1.0,1.0,1.0,1.0,1,1,1,1,1,3065249|2951700|602362112|5684826|1556553|602113331|5807273|5470838|32399832|30566061
q114,dev,v04,vague,flow:noisy,,0,,1,1,1.0,1.0,1.0,1.0,1.0,1.0,1,1,1,1,1,3065249|2951700|602362112|5684826|1556553|602113331|5807273|5470838|32399832|30566061
q115,dev,v04,vague,initial,,1,,,,0.0,0.0,0.0,0.0,0.0,0.0,,0,,,,602508757|602302119|32224409|602378261|31532642|31406357|31304766|5400360|35252996|32034629
q115,dev,v04,vague,reject_only,,1,,,,0.0,0.0,0.0,0.0,0.0,0.0,,0,,,,31316695|3436083|4543502|31324607|32998018|4132144|35890454|602540604|30514366|33625988
q115,dev,v04,vague,reject_twice,,1,,,,0.0,0.0,0.0,0.0,0.0,0.0,8,1,,,,602388677|602470600|602427156|602392779|8122589|602378218|36616378|36394038|31914848|602498758
q115,dev,v04,vague,skip,,1,,,,0.0,0.0,0.0,0.0,0.0,0.0,,0,,,,31316695|3436083|4543502|31324607|32998018|4132144|35890454|602540604|30514366|33625988
q115,dev,v04,vague,oracle:vocal_gender,,1,,,,0.0,0.0,0.0,0.0,0.0,0.0,10,1,,,,3436083|31316695|4132144|30514366|32998018|31324607|35890454|602540604|4543502|36394038
q115,dev,v04,vague,oracle:type,,1,,,,0.0,0.0,0.0,0.0,0.0,0.0,10,1,,,,3436083|32998018|4543502|602540604|31316695|35890454|31324607|602427156|978136|36394038
q115,dev,v04,vague,oracle:genre,,1,,,,0.0,0.0,0.0,0.0,0.0,0.0,6,1,,,,4543502|4132144|3436083|602540604|31316695|36394038|31324607|35890454|602388677|32998018
q115,dev,v04,vague,oracle:release_era,,1,,,,0.0,0.0,0.0,0.0,0.0,0.0,7,1,,,,31324607|30514366|31316695|30753213|35890454|36616378|36394038|32998018|31914848|4543502
q115,dev,v04,vague,noisy:vocal_gender,,1,,,,0.0,0.0,0.0,0.0,0.0,0.0,,0,,,,30514366|31914848|31316695|4132144|602540604|4543502|3436083|36616378|32998018|31324607
q115,dev,v04,vague,noisy:type,,1,,,,0.0,0.0,0.0,0.0,0.0,0.0,,0,,,,4132144|8122589|602388677|30514366|602378218|31914848|33625988|31316695|602411050|4543502
q115,dev,v04,vague,noisy:genre,,1,,,,0.0,0.0,0.0,0.0,0.0,0.0,,0,,,,30514366|4132144|3436083|602540604|4543502|31324607|35890454|602392779|33625988|602427156
q115,dev,v04,vague,noisy:release_era,,1,,,,0.0,0.0,0.0,0.0,0.0,0.0,,0,,,,978136|1467722|698972|445159|775161|3436083|31324607|1836102|3864961|31316695
q115,dev,v04,vague,rule:oracle,,1,,,,0.0,0.0,0.0,0.0,0.0,0.0,,0,,,,31316695|3436083|4543502|31324607|32998018|4132144|35890454|602540604|30514366|33625988
q115,dev,v04,vague,rule:noisy,,1,,,,0.0,0.0,0.0,0.0,0.0,0.0,,0,,,,31316695|3436083|4543502|31324607|32998018|4132144|35890454|602540604|30514366|33625988
q115,dev,v04,vague,rule:skip,,1,,,,0.0,0.0,0.0,0.0,0.0,0.0,,0,,,,31316695|3436083|4543502|31324607|32998018|4132144|35890454|602540604|30514366|33625988
q115,dev,v04,vague,oracle:best,,1,,,,0.0,0.0,0.0,0.0,0.0,0.0,10,1,,,,3436083|31316695|4132144|30514366|32998018|31324607|35890454|602540604|4543502|36394038
q115,dev,v04,vague,flow:reject,31829536,1,,,,0.0,0.0,0.0,0.0,0.0,0.0,8,1,,3,3,602388677|602470600|602427156|602392779|8122589|602378218|36616378|36394038|31914848|602498758
q115,dev,v04,vague,flow:skip,31829536,1,,,,0.0,0.0,0.0,0.0,0.0,0.0,8,1,,3,3,602388677|602470600|602427156|602392779|8122589|602378218|36616378|36394038|31914848|602498758
q115,dev,v04,vague,flow:oracle,31829536,1,,,,0.0,0.0,0.0,0.0,0.0,0.0,8,1,,3,3,602388677|602470600|602427156|602392779|8122589|602378218|36616378|36394038|31914848|602498758
q115,dev,v04,vague,flow:noisy,31829536,1,,,,0.0,0.0,0.0,0.0,0.0,0.0,8,1,,3,3,602388677|602470600|602427156|602392779|8122589|602378218|36616378|36394038|31914848|602498758
q117,dev,v04,vague,initial,,1,vocal_gender,,,0.0,0.0,0.0,0.0,0.0,0.0,5,1,,,,521724|521736|521747|602362082|602005101|602278140|30550388|602378408|54517|31133898
q117,dev,v04,vague,reject_only,,1,vocal_gender,,,0.0,0.0,0.0,0.0,0.0,0.0,,0,,,,602492233|35546497|3904614|30690674|602278708|4101639|602376645|602371531|30550293|602418394
q117,dev,v04,vague,reject_twice,,1,vocal_gender,,,0.0,0.0,0.0,0.0,0.0,0.0,,0,,,,602420877|35009233|2100540|34847378|31477685|602067627|602070128|602466725|32825454|602391777
q117,dev,v04,vague,skip,,1,vocal_gender,,,0.0,0.0,0.0,0.0,0.0,0.0,,0,,,,602492233|35546497|3904614|30690674|602278708|4101639|602376645|602371531|30550293|602418394
q117,dev,v04,vague,oracle:vocal_gender,,1,vocal_gender,,,0.0,0.0,0.0,0.0,0.0,0.0,,0,,,,30690674|602278708|602376645|30550293|602418394|2100540|602067627|602070128|3534941|601893642
q117,dev,v04,vague,oracle:type,,1,vocal_gender,,,0.0,0.0,0.0,0.0,0.0,0.0,,0,,,,602492233|602376645|602418394|31477685|602466725|32825454|602391777|454477|454476|36034936
q117,dev,v04,vague,oracle:genre,,1,vocal_gender,,,0.0,0.0,0.0,0.0,0.0,0.0,,0,,,,30690674|31477685|1984780|31324607|602492233|35546497|3904614|602278708|4101639|602376645
q117,dev,v04,vague,oracle:release_era,,1,vocal_gender,,,0.0,0.0,0.0,0.0,0.0,0.0,,0,,,,2100540|454477|454476|1984780|602492233|35546497|3904614|30690674|602278708|4101639
q117,dev,v04,vague,noisy:vocal_gender,,1,vocal_gender,,,0.0,0.0,0.0,0.0,0.0,0.0,,0,,,,602492233|35546497|3904614|4101639|602371531|34847378|31477685|32825454|602391777|1984780
q117,dev,v04,vague,noisy:type,,1,vocal_gender,,,0.0,0.0,0.0,0.0,0.0,0.0,,0,,,,35546497|3904614|30690674|602278708|4101639|602371531|2100540|34847378|602067627|602070128
q117,dev,v04,vague,noisy:genre,,1,vocal_gender,,,0.0,0.0,0.0,0.0,0.0,0.0,,0,,,,35546497|3904614|4101639|602371531|2100540|34847378|602067627|602070128|601893642|36034936
q117,dev,v04,vague,noisy:release_era,,1,vocal_gender,,,0.0,0.0,0.0,0.0,0.0,0.0,,0,,,,602492233|35546497|3904614|30690674|602278708|4101639|602376645|602371531|30550293|602418394
q117,dev,v04,vague,rule:oracle,,1,vocal_gender,,,0.0,0.0,0.0,0.0,0.0,0.0,,0,,,,30690674|602278708|602376645|30550293|602418394|2100540|602067627|602070128|3534941|601893642
q117,dev,v04,vague,rule:noisy,,1,vocal_gender,,,0.0,0.0,0.0,0.0,0.0,0.0,,0,,,,602492233|35546497|3904614|4101639|602371531|34847378|31477685|32825454|602391777|1984780
q117,dev,v04,vague,rule:skip,,1,vocal_gender,,,0.0,0.0,0.0,0.0,0.0,0.0,,0,,,,602492233|35546497|3904614|30690674|602278708|4101639|602376645|602371531|30550293|602418394
q117,dev,v04,vague,oracle:best,,1,vocal_gender,,,0.0,0.0,0.0,0.0,0.0,0.0,,0,,,,30690674|602278708|602376645|30550293|602418394|2100540|602067627|602070128|3534941|601893642
q117,dev,v04,vague,flow:reject,1379738,1,vocal_gender,,,0.0,0.0,0.0,0.0,0.0,0.0,,0,,1,3,602420877|35009233|2100540|34847378|31477685|602067627|602070128|602466725|32825454|602391777
q117,dev,v04,vague,flow:reject,1204915,1,vocal_gender,,,0.0,0.0,0.0,0.0,0.0,0.0,,0,,1,3,602420877|35009233|2100540|34847378|31477685|602067627|602070128|602466725|32825454|602391777
q117,dev,v04,vague,flow:reject,4806686,1,vocal_gender,,,0.0,0.0,0.0,0.0,0.0,0.0,,0,,1,3,602420877|35009233|2100540|34847378|31477685|602067627|602070128|602466725|32825454|602391777
q117,dev,v04,vague,flow:reject,31829536,1,vocal_gender,,,0.0,0.0,0.0,0.0,0.0,0.0,,0,,1,3,602420877|35009233|2100540|34847378|31477685|602067627|602070128|602466725|32825454|602391777
q117,dev,v04,vague,flow:reject,5668985,1,vocal_gender,,,0.0,0.0,0.0,0.0,0.0,0.0,,0,,1,3,602420877|35009233|2100540|34847378|31477685|602067627|602070128|602466725|32825454|602391777
q117,dev,v04,vague,flow:skip,1379738,1,vocal_gender,,,0.0,0.0,0.0,0.0,0.0,0.0,,0,,1,3,602420877|35009233|2100540|34847378|31477685|602067627|602070128|602466725|32825454|602391777
q117,dev,v04,vague,flow:skip,1204915,1,vocal_gender,,,0.0,0.0,0.0,0.0,0.0,0.0,,0,,1,3,602420877|35009233|2100540|34847378|31477685|602067627|602070128|602466725|32825454|602391777
q117,dev,v04,vague,flow:skip,4806686,1,vocal_gender,,,0.0,0.0,0.0,0.0,0.0,0.0,,0,,1,3,602420877|35009233|2100540|34847378|31477685|602067627|602070128|602466725|32825454|602391777
q117,dev,v04,vague,flow:skip,31829536,1,vocal_gender,,,0.0,0.0,0.0,0.0,0.0,0.0,,0,,1,3,602420877|35009233|2100540|34847378|31477685|602067627|602070128|602466725|32825454|602391777
q117,dev,v04,vague,flow:skip,5668985,1,vocal_gender,,,0.0,0.0,0.0,0.0,0.0,0.0,,0,,1,3,602420877|35009233|2100540|34847378|31477685|602067627|602070128|602466725|32825454|602391777
q117,dev,v04,vague,flow:oracle,1379738,1,vocal_gender,,,0.0,0.0,0.0,0.0,0.0,0.0,,0,,1,3,31324607|602420877|31477685|454477|454476|1984780|36034936|602265790|3620493|5807274
q117,dev,v04,vague,flow:oracle,1204915,1,vocal_gender,,,0.0,0.0,0.0,0.0,0.0,0.0,,0,,1,3,602420877|602418394|32825454|3534941|602265790|5807273|3561276|35009233|30550293|2100540
q117,dev,v04,vague,flow:oracle,4806686,1,vocal_gender,,,0.0,0.0,0.0,0.0,0.0,0.0,,0,,1,3,31324607|602420877|31477685|454477|454476|1984780|36034936|602265790|3620493|5807274
q117,dev,v04,vague,flow:oracle,31829536,1,vocal_gender,,,0.0,0.0,0.0,0.0,0.0,0.0,,0,,1,3,31324607|602420877|31477685|454477|454476|1984780|36034936|602265790|3620493|5807274
q117,dev,v04,vague,flow:oracle,5668985,1,vocal_gender,,,0.0,0.0,0.0,0.0,0.0,0.0,,0,,1,3,31324607|602420877|31477685|454477|454476|1984780|36034936|602265790|3620493|5807274
q117,dev,v04,vague,flow:noisy,1379738,1,vocal_gender,,,0.0,0.0,0.0,0.0,0.0,0.0,,0,,1,3,35009233|36411342|36411344|105639|2100540|602067627|602070128|601893642|36034936|5807274
q117,dev,v04,vague,flow:noisy,1204915,1,vocal_gender,,,0.0,0.0,0.0,0.0,0.0,0.0,,0,,1,3,602420877|602492233|602466725|602391777|454477|454476|36034936|602265790|31324607|3620493
q117,dev,v04,vague,flow:noisy,4806686,1,vocal_gender,,,0.0,0.0,0.0,0.0,0.0,0.0,,0,,1,3,35009233|36411342|36411344|105639|2100540|602067627|602070128|601893642|36034936|5807274
q117,dev,v04,vague,flow:noisy,31829536,1,vocal_gender,,,0.0,0.0,0.0,0.0,0.0,0.0,,0,,1,3,35009233|36411342|36411344|105639|2100540|602067627|602070128|601893642|36034936|5807274
q117,dev,v04,vague,flow:noisy,5668985,1,vocal_gender,,,0.0,0.0,0.0,0.0,0.0,0.0,,0,,1,3,35009233|36411342|36411344|105639|2100540|602067627|602070128|601893642|36034936|5807274
q202,dev,v04,vague,initial,,1,,7,15,1.0,0.0,0.0,1.0,0.142857,0.333333,7,1,,,,36430773|4840271|36871671|34883833|32528369|30287019|4400561|32175937|602230561|36411342
q202,dev,v04,vague,reject_only,,0,,7,15,1.0,0.0,0.0,1.0,0.142857,0.333333,7,1,,,,36430773|4840271|36871671|34883833|32528369|30287019|4400561|32175937|602230561|36411342
q202,dev,v04,vague,reject_twice,,0,,7,15,1.0,0.0,0.0,1.0,0.142857,0.333333,7,1,,,,36430773|4840271|36871671|34883833|32528369|30287019|4400561|32175937|602230561|36411342
q202,dev,v04,vague,skip,,0,,7,15,1.0,0.0,0.0,1.0,0.142857,0.333333,7,1,,,,36430773|4840271|36871671|34883833|32528369|30287019|4400561|32175937|602230561|36411342
q202,dev,v04,vague,oracle:vocal_gender,,0,,7,15,1.0,0.0,0.0,1.0,0.142857,0.333333,7,1,,,,36430773|4840271|36871671|34883833|32528369|30287019|4400561|32175937|602230561|36411342
q202,dev,v04,vague,oracle:type,,0,,7,15,1.0,0.0,0.0,1.0,0.142857,0.333333,7,1,,,,36430773|4840271|36871671|34883833|32528369|30287019|4400561|32175937|602230561|36411342
q202,dev,v04,vague,oracle:genre,,0,,7,15,1.0,0.0,0.0,1.0,0.142857,0.333333,7,1,,,,36430773|4840271|36871671|34883833|32528369|30287019|4400561|32175937|602230561|36411342
q202,dev,v04,vague,oracle:release_era,,0,,7,15,1.0,0.0,0.0,1.0,0.142857,0.333333,7,1,,,,36430773|4840271|36871671|34883833|32528369|30287019|4400561|32175937|602230561|36411342
q202,dev,v04,vague,noisy:vocal_gender,,0,,7,15,1.0,0.0,0.0,1.0,0.142857,0.333333,7,1,,,,36430773|4840271|36871671|34883833|32528369|30287019|4400561|32175937|602230561|36411342
q202,dev,v04,vague,noisy:type,,0,,7,15,1.0,0.0,0.0,1.0,0.142857,0.333333,7,1,,,,36430773|4840271|36871671|34883833|32528369|30287019|4400561|32175937|602230561|36411342
q202,dev,v04,vague,noisy:genre,,0,,7,15,1.0,0.0,0.0,1.0,0.142857,0.333333,7,1,,,,36430773|4840271|36871671|34883833|32528369|30287019|4400561|32175937|602230561|36411342
q202,dev,v04,vague,noisy:release_era,,0,,7,15,1.0,0.0,0.0,1.0,0.142857,0.333333,7,1,,,,36430773|4840271|36871671|34883833|32528369|30287019|4400561|32175937|602230561|36411342
q202,dev,v04,vague,rule:oracle,,0,,7,15,1.0,0.0,0.0,1.0,0.142857,0.333333,7,1,,,,36430773|4840271|36871671|34883833|32528369|30287019|4400561|32175937|602230561|36411342
q202,dev,v04,vague,rule:noisy,,0,,7,15,1.0,0.0,0.0,1.0,0.142857,0.333333,7,1,,,,36430773|4840271|36871671|34883833|32528369|30287019|4400561|32175937|602230561|36411342
q202,dev,v04,vague,rule:skip,,0,,7,15,1.0,0.0,0.0,1.0,0.142857,0.333333,7,1,,,,36430773|4840271|36871671|34883833|32528369|30287019|4400561|32175937|602230561|36411342
q202,dev,v04,vague,oracle:best,,0,,7,15,1.0,0.0,0.0,1.0,0.142857,0.333333,7,1,,,,36430773|4840271|36871671|34883833|32528369|30287019|4400561|32175937|602230561|36411342
q202,dev,v04,vague,flow:reject,,0,,7,15,1.0,0.0,0.0,1.0,0.142857,0.333333,7,1,1,1,1,36430773|4840271|36871671|34883833|32528369|30287019|4400561|32175937|602230561|36411342
q202,dev,v04,vague,flow:skip,,0,,7,15,1.0,0.0,0.0,1.0,0.142857,0.333333,7,1,1,1,1,36430773|4840271|36871671|34883833|32528369|30287019|4400561|32175937|602230561|36411342
q202,dev,v04,vague,flow:oracle,,0,,7,15,1.0,0.0,0.0,1.0,0.142857,0.333333,7,1,1,1,1,36430773|4840271|36871671|34883833|32528369|30287019|4400561|32175937|602230561|36411342
q202,dev,v04,vague,flow:noisy,,0,,7,15,1.0,0.0,0.0,1.0,0.142857,0.333333,7,1,1,1,1,36430773|4840271|36871671|34883833|32528369|30287019|4400561|32175937|602230561|36411342
q203,dev,v04,vague,initial,,1,genre,,,0.0,0.0,0.0,0.0,0.0,0.0,,0,,,,476529|91322|489055|1177472|1177475|3689468|3411459|30232719|602142810|1883446
q203,dev,v04,vague,reject_only,,1,genre,,,0.0,0.0,0.0,0.0,0.0,0.0,,0,,,,1177471|2906349|5668985|843729|1667441|1913501|521068|3170749|622912|2759248
q203,dev,v04,vague,reject_twice,,1,genre,,,0.0,0.0,0.0,0.0,0.0,0.0,,0,,,,31938046|1108584|3758104|1778590|30486509|485716|31304766|490173|2549956|1901874
q203,dev,v04,vague,skip,,1,genre,,,0.0,0.0,0.0,0.0,0.0,0.0,,0,,,,1177471|2906349|5668985|843729|1667441|1913501|521068|3170749|622912|2759248
q203,dev,v04,vague,oracle:vocal_gender,,1,genre,,,0.0,0.0,0.0,0.0,0.0,0.0,,0,,,,1177471|2906349|5668985|521068|1667441|622912|1778590|31938046|2759248|843729
q203,dev,v04,vague,oracle:type,,1,genre,,,0.0,0.0,0.0,0.0,0.0,0.0,,0,,,,622912|521068|2759248|31938046|1110715|3758104|602470506|490173|602410419|602378408
q203,dev,v04,vague,oracle:genre,,1,genre,,,0.0,0.0,0.0,0.0,0.0,0.0,,0,,,,1177471|2906349|521068|5668985|1778590|843729|602410419|37373234|1667441|602378300
q203,dev,v04,vague,oracle:release_era,,1,genre,,,0.0,0.0,0.0,0.0,0.0,0.0,,0,,,,1177471|1913501|843729|622912|521068|1110715|1778590|490173|1667441|485716
q203,dev,v04,vague,noisy:vocal_gender,,1,genre,,,0.0,0.0,0.0,0.0,0.0,0.0,,0,,,,9620473|37373234|5668985|1177471|2906349|843729|31938046|2759248|1667441|521068
q203,dev,v04,vague,noisy:type,,1,genre,,,0.0,0.0,0.0,0.0,0.0,0.0,,0,,,,1177471|2906349|5668985|1778590|1913501|485716|2549956|30859584|843729|3170749
q203,dev,v04,vague,noisy:genre,,1,genre,,,0.0,0.0,0.0,0.0,0.0,0.0,,0,,,,521068|5668985|1667441|843729|1177471|622912|2906349|3758104|31304766|2759248
q203,dev,v04,vague,noisy:release_era,,1,genre,,,0.0,0.0,0.0,0.0,0.0,0.0,,0,,,,1177471|2906349|5668985|521068|843729|1667441|485716|1778590|622912|1913501
q203,dev,v04,vague,rule:oracle,,1,genre,,,0.0,0.0,0.0,0.0,0.0,0.0,,0,,,,1177471|2906349|521068|5668985|1778590|843729|602410419|37373234|1667441|602378300
q203,dev,v04,vague,rule:noisy,,1,genre,,,0.0,0.0,0.0,0.0,0.0,0.0,,0,,,,521068|5668985|1667441|843729|1177471|622912|2906349|3758104|31304766|2759248
q203,dev,v04,vague,rule:skip,,1,genre,,,0.0,0.0,0.0,0.0,0.0,0.0,,0,,,,1177471|2906349|5668985|843729|1667441|1913501|521068|3170749|622912|2759248
q203,dev,v04,vague,oracle:best,,1,genre,,,0.0,0.0,0.0,0.0,0.0,0.0,,0,,,,1177471|2906349|5668985|521068|1667441|622912|1778590|31938046|2759248|843729
q203,dev,v04,vague,flow:reject,837567,1,genre,,,0.0,0.0,0.0,0.0,0.0,0.0,,0,,,3,31938046|1108584|3758104|1778590|30486509|485716|31304766|490173|2549956|1901874
q203,dev,v04,vague,flow:skip,837567,1,genre,,,0.0,0.0,0.0,0.0,0.0,0.0,,0,,,3,31938046|1108584|3758104|1778590|30486509|485716|31304766|490173|2549956|1901874
q203,dev,v04,vague,flow:oracle,837567,1,genre,,,0.0,0.0,0.0,0.0,0.0,0.0,,0,,,3,3170749|31938046|1913501|37138469|1108584|485716|30859584|2549956|622912|3758104
q203,dev,v04,vague,flow:noisy,837567,1,genre,,,0.0,0.0,0.0,0.0,0.0,0.0,,0,,,3,602305663|33260173|37138469|37373234|9620473|602470506|31938046|1110715|5639931|602378300
q204,dev,v04,vague,initial,,1,,1,1,1.0,1.0,1.0,1.0,1.0,1.0,1,1,,,,3822622|602371531|5629148|5820368|1733348|1724693|2371262|2371261|3573326|3600223
q204,dev,v04,vague,reject_only,,0,,1,1,1.0,1.0,1.0,1.0,1.0,1.0,1,1,,,,3822622|602371531|5629148|5820368|1733348|1724693|2371262|2371261|3573326|3600223
q204,dev,v04,vague,reject_twice,,0,,1,1,1.0,1.0,1.0,1.0,1.0,1.0,1,1,,,,3822622|602371531|5629148|5820368|1733348|1724693|2371262|2371261|3573326|3600223
q204,dev,v04,vague,skip,,0,,1,1,1.0,1.0,1.0,1.0,1.0,1.0,1,1,,,,3822622|602371531|5629148|5820368|1733348|1724693|2371262|2371261|3573326|3600223
q204,dev,v04,vague,oracle:vocal_gender,,0,,1,1,1.0,1.0,1.0,1.0,1.0,1.0,1,1,,,,3822622|602371531|5629148|5820368|1733348|1724693|2371262|2371261|3573326|3600223
q204,dev,v04,vague,oracle:type,,0,,1,1,1.0,1.0,1.0,1.0,1.0,1.0,1,1,,,,3822622|602371531|5629148|5820368|1733348|1724693|2371262|2371261|3573326|3600223
q204,dev,v04,vague,oracle:genre,,0,,1,1,1.0,1.0,1.0,1.0,1.0,1.0,1,1,,,,3822622|602371531|5629148|5820368|1733348|1724693|2371262|2371261|3573326|3600223
q204,dev,v04,vague,oracle:release_era,,0,,1,1,1.0,1.0,1.0,1.0,1.0,1.0,1,1,,,,3822622|602371531|5629148|5820368|1733348|1724693|2371262|2371261|3573326|3600223
q204,dev,v04,vague,noisy:vocal_gender,,0,,1,1,1.0,1.0,1.0,1.0,1.0,1.0,1,1,,,,3822622|602371531|5629148|5820368|1733348|1724693|2371262|2371261|3573326|3600223
q204,dev,v04,vague,noisy:type,,0,,1,1,1.0,1.0,1.0,1.0,1.0,1.0,1,1,,,,3822622|602371531|5629148|5820368|1733348|1724693|2371262|2371261|3573326|3600223
q204,dev,v04,vague,noisy:genre,,0,,1,1,1.0,1.0,1.0,1.0,1.0,1.0,1,1,,,,3822622|602371531|5629148|5820368|1733348|1724693|2371262|2371261|3573326|3600223
q204,dev,v04,vague,noisy:release_era,,0,,1,1,1.0,1.0,1.0,1.0,1.0,1.0,1,1,,,,3822622|602371531|5629148|5820368|1733348|1724693|2371262|2371261|3573326|3600223
q204,dev,v04,vague,rule:oracle,,0,,1,1,1.0,1.0,1.0,1.0,1.0,1.0,1,1,,,,3822622|602371531|5629148|5820368|1733348|1724693|2371262|2371261|3573326|3600223
q204,dev,v04,vague,rule:noisy,,0,,1,1,1.0,1.0,1.0,1.0,1.0,1.0,1,1,,,,3822622|602371531|5629148|5820368|1733348|1724693|2371262|2371261|3573326|3600223
q204,dev,v04,vague,rule:skip,,0,,1,1,1.0,1.0,1.0,1.0,1.0,1.0,1,1,,,,3822622|602371531|5629148|5820368|1733348|1724693|2371262|2371261|3573326|3600223
q204,dev,v04,vague,oracle:best,,0,,1,1,1.0,1.0,1.0,1.0,1.0,1.0,1,1,,,,3822622|602371531|5629148|5820368|1733348|1724693|2371262|2371261|3573326|3600223
q204,dev,v04,vague,flow:reject,,0,,1,1,1.0,1.0,1.0,1.0,1.0,1.0,1,1,1,1,1,3822622|602371531|5629148|5820368|1733348|1724693|2371262|2371261|3573326|3600223
q204,dev,v04,vague,flow:skip,,0,,1,1,1.0,1.0,1.0,1.0,1.0,1.0,1,1,1,1,1,3822622|602371531|5629148|5820368|1733348|1724693|2371262|2371261|3573326|3600223
q204,dev,v04,vague,flow:oracle,,0,,1,1,1.0,1.0,1.0,1.0,1.0,1.0,1,1,1,1,1,3822622|602371531|5629148|5820368|1733348|1724693|2371262|2371261|3573326|3600223
q204,dev,v04,vague,flow:noisy,,0,,1,1,1.0,1.0,1.0,1.0,1.0,1.0,1,1,1,1,1,3822622|602371531|5629148|5820368|1733348|1724693|2371262|2371261|3573326|3600223
q205,dev,v04,vague,initial,,1,vocal_gender,,11,1.0,0.0,0.0,0.0,0.0,0.0,,0,,,,602313630|602450228|5495296|529685|612040|1417550|482521|602540121|1099596|621108
q205,dev,v04,vague,reject_only,,1,vocal_gender,6,5,1.0,0.0,0.0,1.0,0.166667,0.356207,6,1,,,,3971021|1183921|419762|1110715|1739689|30486509|2183418|602410419|1379738|35890454
q205,dev,v04,vague,reject_twice,,0,vocal_gender,6,5,1.0,0.0,0.0,1.0,0.166667,0.356207,6,1,,,,3971021|1183921|419762|1110715|1739689|30486509|2183418|602410419|1379738|35890454
q205,dev,v04,vague,skip,,1,vocal_gender,6,5,1.0,0.0,0.0,1.0,0.166667,0.356207,6,1,,,,3971021|1183921|419762|1110715|1739689|30486509|2183418|602410419|1379738|35890454
q205,dev,v04,vague,oracle:vocal_gender,,1,vocal_gender,2,5,1.0,0.0,1.0,1.0,0.5,0.63093,2,1,,,,3971021|30486509|1739689|1110715|1379738|1183921|35890454|419762|2183418|602410419
q205,dev,v04,vague,oracle:type,,1,vocal_gender,2,5,1.0,0.0,1.0,1.0,0.5,0.63093,2,1,,,,3971021|30486509|1739689|1110715|1183921|419762|1379738|35890454|2183418|602410419
q205,dev,v04,vague,oracle:genre,,1,vocal_gender,3,5,1.0,0.0,1.0,1.0,0.333333,0.5,3,1,,,,3971021|1110715|30486509|1739689|1183921|419762|1379738|35890454|2183418|602410419
q205,dev,v04,vague,oracle:release_era,,1,vocal_gender,2,1,1.0,0.0,1.0,1.0,0.5,0.63093,2,1,,,,30757693|30486509|3971021|31684636|31684634|30613202|31856628|30519033|4366156|31927275
q205,dev,v04,vague,noisy:vocal_gender,,1,vocal_gender,10,8,1.0,0.0,0.0,1.0,0.1,0.289065,10,1,,,,34481680|34481682|4021259|31055324|1183921|419762|1110715|1739689|30247520|30486509
q205,dev,v04,vague,noisy:type,,1,vocal_gender,,5,1.0,0.0,0.0,0.0,0.0,0.0,,0,,,,31927275|1563629|5385974|31055324|1183921|5466962|419762|30227054|30247520|1110715
q205,dev,v04,vague,noisy:genre,,1,vocal_gender,8,6,1.0,0.0,0.0,1.0,0.125,0.315465,8,1,,,,31055324|30227054|104372|1183921|419762|1110715|1739689|30486509|2183418|602410419
q205,dev,v04,vague,noisy:release_era,,1,vocal_gender,,10,1.0,0.0,0.0,0.0,0.0,0.0,,0,,,,11172|1183921|419762|1110715|1379738|1739689|104372|2183418|531594|1563629
q205,dev,v04,vague,rule:oracle,,1,vocal_gender,2,5,1.0,0.0,1.0,1.0,0.5,0.63093,2,1,,,,3971021|30486509|1739689|1110715|1379738|1183921|35890454|419762|2183418|602410419
q205,dev,v04,vague,rule:noisy,,1,vocal_gender,10,8,1.0,0.0,0.0,1.0,0.1,0.289065,10,1,,,,34481680|34481682|4021259|31055324|1183921|419762|1110715|1739689|30247520|30486509
q205,dev,v04,vague,rule:skip,,1,vocal_gender,6,5,1.0,0.0,0.0,1.0,0.166667,0.356207,6,1,,,,3971021|1183921|419762|1110715|1739689|30486509|2183418|602410419|1379738|35890454
q205,dev,v04,vague,oracle:best,,1,vocal_gender,2,5,1.0,0.0,1.0,1.0,0.5,0.63093,2,1,,,,3971021|30486509|1739689|1110715|1379738|1183921|35890454|419762|2183418|602410419
q205,dev,v04,vague,flow:reject,30486509,1,vocal_gender,6,5,1.0,0.0,0.0,1.0,0.166667,0.356207,6,1,2,2,2,3971021|1183921|419762|1110715|1739689|30486509|2183418|602410419|1379738|35890454
q205,dev,v04,vague,flow:skip,30486509,1,vocal_gender,6,5,1.0,0.0,0.0,1.0,0.166667,0.356207,6,1,2,2,2,3971021|1183921|419762|1110715|1739689|30486509|2183418|602410419|1379738|35890454
q205,dev,v04,vague,flow:oracle,30486509,1,vocal_gender,2,5,1.0,0.0,1.0,1.0,0.5,0.63093,2,1,2,2,2,3971021|30486509|1739689|1110715|1379738|1183921|35890454|419762|2183418|602410419
q205,dev,v04,vague,flow:noisy,30486509,1,vocal_gender,10,8,1.0,0.0,0.0,1.0,0.1,0.289065,10,1,2,2,2,34481680|34481682|4021259|31055324|1183921|419762|1110715|1739689|30247520|30486509
q206,dev,v04,vague,initial,,1,,1,1,1.0,1.0,1.0,1.0,1.0,1.0,1,1,,,,31304766|32224166|31406357|32034629|30486509|9642570|35730698|602410419|35890454|5400360
q206,dev,v04,vague,reject_only,,0,,1,1,1.0,1.0,1.0,1.0,1.0,1.0,1,1,,,,31304766|32224166|31406357|32034629|30486509|9642570|35730698|602410419|35890454|5400360
q206,dev,v04,vague,reject_twice,,0,,1,1,1.0,1.0,1.0,1.0,1.0,1.0,1,1,,,,31304766|32224166|31406357|32034629|30486509|9642570|35730698|602410419|35890454|5400360
q206,dev,v04,vague,skip,,0,,1,1,1.0,1.0,1.0,1.0,1.0,1.0,1,1,,,,31304766|32224166|31406357|32034629|30486509|9642570|35730698|602410419|35890454|5400360
q206,dev,v04,vague,oracle:vocal_gender,,0,,1,1,1.0,1.0,1.0,1.0,1.0,1.0,1,1,,,,31304766|32224166|31406357|32034629|30486509|9642570|35730698|602410419|35890454|5400360
q206,dev,v04,vague,oracle:type,,0,,1,1,1.0,1.0,1.0,1.0,1.0,1.0,1,1,,,,31304766|32224166|31406357|32034629|30486509|9642570|35730698|602410419|35890454|5400360
q206,dev,v04,vague,oracle:genre,,0,,1,1,1.0,1.0,1.0,1.0,1.0,1.0,1,1,,,,31304766|32224166|31406357|32034629|30486509|9642570|35730698|602410419|35890454|5400360
q206,dev,v04,vague,oracle:release_era,,0,,1,1,1.0,1.0,1.0,1.0,1.0,1.0,1,1,,,,31304766|32224166|31406357|32034629|30486509|9642570|35730698|602410419|35890454|5400360
q206,dev,v04,vague,noisy:vocal_gender,,0,,1,1,1.0,1.0,1.0,1.0,1.0,1.0,1,1,,,,31304766|32224166|31406357|32034629|30486509|9642570|35730698|602410419|35890454|5400360
q206,dev,v04,vague,noisy:type,,0,,1,1,1.0,1.0,1.0,1.0,1.0,1.0,1,1,,,,31304766|32224166|31406357|32034629|30486509|9642570|35730698|602410419|35890454|5400360
q206,dev,v04,vague,noisy:genre,,0,,1,1,1.0,1.0,1.0,1.0,1.0,1.0,1,1,,,,31304766|32224166|31406357|32034629|30486509|9642570|35730698|602410419|35890454|5400360
q206,dev,v04,vague,noisy:release_era,,0,,1,1,1.0,1.0,1.0,1.0,1.0,1.0,1,1,,,,31304766|32224166|31406357|32034629|30486509|9642570|35730698|602410419|35890454|5400360
q206,dev,v04,vague,rule:oracle,,0,,1,1,1.0,1.0,1.0,1.0,1.0,1.0,1,1,,,,31304766|32224166|31406357|32034629|30486509|9642570|35730698|602410419|35890454|5400360
q206,dev,v04,vague,rule:noisy,,0,,1,1,1.0,1.0,1.0,1.0,1.0,1.0,1,1,,,,31304766|32224166|31406357|32034629|30486509|9642570|35730698|602410419|35890454|5400360
q206,dev,v04,vague,rule:skip,,0,,1,1,1.0,1.0,1.0,1.0,1.0,1.0,1,1,,,,31304766|32224166|31406357|32034629|30486509|9642570|35730698|602410419|35890454|5400360
q206,dev,v04,vague,oracle:best,,0,,1,1,1.0,1.0,1.0,1.0,1.0,1.0,1,1,,,,31304766|32224166|31406357|32034629|30486509|9642570|35730698|602410419|35890454|5400360
q206,dev,v04,vague,flow:reject,,0,,1,1,1.0,1.0,1.0,1.0,1.0,1.0,1,1,1,1,1,31304766|32224166|31406357|32034629|30486509|9642570|35730698|602410419|35890454|5400360
q206,dev,v04,vague,flow:skip,,0,,1,1,1.0,1.0,1.0,1.0,1.0,1.0,1,1,1,1,1,31304766|32224166|31406357|32034629|30486509|9642570|35730698|602410419|35890454|5400360
q206,dev,v04,vague,flow:oracle,,0,,1,1,1.0,1.0,1.0,1.0,1.0,1.0,1,1,1,1,1,31304766|32224166|31406357|32034629|30486509|9642570|35730698|602410419|35890454|5400360
q206,dev,v04,vague,flow:noisy,,0,,1,1,1.0,1.0,1.0,1.0,1.0,1.0,1,1,1,1,1,31304766|32224166|31406357|32034629|30486509|9642570|35730698|602410419|35890454|5400360
q207,dev,v04,vague,initial,,1,,1,1,1.0,1.0,1.0,1.0,1.0,1.0,1,1,,,,3630755|2253748|4294284|489250|2705410|8304594|4433490|8005879|33331004|2511561
q207,dev,v04,vague,reject_only,,0,,1,1,1.0,1.0,1.0,1.0,1.0,1.0,1,1,,,,3630755|2253748|4294284|489250|2705410|8304594|4433490|8005879|33331004|2511561
q207,dev,v04,vague,reject_twice,,0,,1,1,1.0,1.0,1.0,1.0,1.0,1.0,1,1,,,,3630755|2253748|4294284|489250|2705410|8304594|4433490|8005879|33331004|2511561
q207,dev,v04,vague,skip,,0,,1,1,1.0,1.0,1.0,1.0,1.0,1.0,1,1,,,,3630755|2253748|4294284|489250|2705410|8304594|4433490|8005879|33331004|2511561
q207,dev,v04,vague,oracle:vocal_gender,,0,,1,1,1.0,1.0,1.0,1.0,1.0,1.0,1,1,,,,3630755|2253748|4294284|489250|2705410|8304594|4433490|8005879|33331004|2511561
q207,dev,v04,vague,oracle:type,,0,,1,1,1.0,1.0,1.0,1.0,1.0,1.0,1,1,,,,3630755|2253748|4294284|489250|2705410|8304594|4433490|8005879|33331004|2511561
q207,dev,v04,vague,oracle:genre,,0,,1,1,1.0,1.0,1.0,1.0,1.0,1.0,1,1,,,,3630755|2253748|4294284|489250|2705410|8304594|4433490|8005879|33331004|2511561
q207,dev,v04,vague,oracle:release_era,,0,,1,1,1.0,1.0,1.0,1.0,1.0,1.0,1,1,,,,3630755|2253748|4294284|489250|2705410|8304594|4433490|8005879|33331004|2511561
q207,dev,v04,vague,noisy:vocal_gender,,0,,1,1,1.0,1.0,1.0,1.0,1.0,1.0,1,1,,,,3630755|2253748|4294284|489250|2705410|8304594|4433490|8005879|33331004|2511561
q207,dev,v04,vague,noisy:type,,0,,1,1,1.0,1.0,1.0,1.0,1.0,1.0,1,1,,,,3630755|2253748|4294284|489250|2705410|8304594|4433490|8005879|33331004|2511561
q207,dev,v04,vague,noisy:genre,,0,,1,1,1.0,1.0,1.0,1.0,1.0,1.0,1,1,,,,3630755|2253748|4294284|489250|2705410|8304594|4433490|8005879|33331004|2511561
q207,dev,v04,vague,noisy:release_era,,0,,1,1,1.0,1.0,1.0,1.0,1.0,1.0,1,1,,,,3630755|2253748|4294284|489250|2705410|8304594|4433490|8005879|33331004|2511561
q207,dev,v04,vague,rule:oracle,,0,,1,1,1.0,1.0,1.0,1.0,1.0,1.0,1,1,,,,3630755|2253748|4294284|489250|2705410|8304594|4433490|8005879|33331004|2511561
q207,dev,v04,vague,rule:noisy,,0,,1,1,1.0,1.0,1.0,1.0,1.0,1.0,1,1,,,,3630755|2253748|4294284|489250|2705410|8304594|4433490|8005879|33331004|2511561
q207,dev,v04,vague,rule:skip,,0,,1,1,1.0,1.0,1.0,1.0,1.0,1.0,1,1,,,,3630755|2253748|4294284|489250|2705410|8304594|4433490|8005879|33331004|2511561
q207,dev,v04,vague,oracle:best,,0,,1,1,1.0,1.0,1.0,1.0,1.0,1.0,1,1,,,,3630755|2253748|4294284|489250|2705410|8304594|4433490|8005879|33331004|2511561
q207,dev,v04,vague,flow:reject,,0,,1,1,1.0,1.0,1.0,1.0,1.0,1.0,1,1,1,1,1,3630755|2253748|4294284|489250|2705410|8304594|4433490|8005879|33331004|2511561
q207,dev,v04,vague,flow:skip,,0,,1,1,1.0,1.0,1.0,1.0,1.0,1.0,1,1,1,1,1,3630755|2253748|4294284|489250|2705410|8304594|4433490|8005879|33331004|2511561
q207,dev,v04,vague,flow:oracle,,0,,1,1,1.0,1.0,1.0,1.0,1.0,1.0,1,1,1,1,1,3630755|2253748|4294284|489250|2705410|8304594|4433490|8005879|33331004|2511561
q207,dev,v04,vague,flow:noisy,,0,,1,1,1.0,1.0,1.0,1.0,1.0,1.0,1,1,1,1,1,3630755|2253748|4294284|489250|2705410|8304594|4433490|8005879|33331004|2511561
q208,dev,v04,vague,initial,,1,vocal_gender,,,0.0,0.0,0.0,0.0,0.0,0.0,,0,,,,482652|482653|111413|2903041|3174148|1727368|602376988|33691794|602463022|851423
q208,dev,v04,vague,reject_only,,1,vocal_gender,1,1,1.0,1.0,1.0,1.0,1.0,1.0,1,1,,,,2063248|602461695|32698101|37023625|33260801|1951550|602452568|665221|4300699|34431086
q208,dev,v04,vague,reject_twice,,0,vocal_gender,1,1,1.0,1.0,1.0,1.0,1.0,1.0,1,1,,,,2063248|602461695|32698101|37023625|33260801|1951550|602452568|665221|4300699|34431086
q208,dev,v04,vague,skip,,1,vocal_gender,1,1,1.0,1.0,1.0,1.0,1.0,1.0,1,1,,,,2063248|602461695|32698101|37023625|33260801|1951550|602452568|665221|4300699|34431086
q208,dev,v04,vague,oracle:vocal_gender,,1,vocal_gender,1,1,1.0,1.0,1.0,1.0,1.0,1.0,1,1,,,,2063248|602461695|32698101|37023625|33260801|34431086|602452568|665221|4300699|37069064
q208,dev,v04,vague,oracle:type,,1,vocal_gender,1,1,1.0,1.0,1.0,1.0,1.0,1.0,1,1,,,,2063248|602461695|32698101|37023625|33260801|602452568|665221|4300699|34431086|37069064
q208,dev,v04,vague,oracle:genre,,1,vocal_gender,1,1,1.0,1.0,1.0,1.0,1.0,1.0,1,1,,,,2063248|665221|926191|602479419|602461695|32698101|602378263|37023625|33260801|1951550
q208,dev,v04,vague,oracle:release_era,,1,vocal_gender,1,1,1.0,1.0,1.0,1.0,1.0,1.0,1,1,,,,2063248|1951550|665221|926191|503339|489210|1857969|1756967|602461695|32698101
q208,dev,v04,vague,noisy:vocal_gender,,1,vocal_gender,,11,1.0,0.0,0.0,0.0,0.0,0.0,,0,,,,32473998|1756967|4645220|34599917|34632789|602391253|36440243|602552833|35920493|602388655
q208,dev,v04,vague,noisy:type,,1,vocal_gender,10,5,1.0,0.0,0.0,1.0,0.1,0.289065,10,1,,,,1951550|926191|7985298|1756967|1857969|503339|602378263|489210|602461695|2063248
q208,dev,v04,vague,noisy:genre,,1,vocal_gender,2,3,1.0,0.0,1.0,1.0,0.5,0.63093,2,1,,,,1857969|2063248|602378263|1951550|32698101|601937314|489210|37069064|602479419|37023625
q208,dev,v04,vague,noisy:release_era,,1,vocal_gender,1,1,1.0,1.0,1.0,1.0,1.0,1.0,1,1,,,,2063248|1951550|4300699|926191|32698101|37023625|33260801|602452568|665221|34431086
q208,dev,v04,vague,rule:oracle,,1,vocal_gender,1,1,1.0,1.0,1.0,1.0,1.0,1.0,1,1,,,,2063248|602461695|32698101|37023625|33260801|34431086|602452568|665221|4300699|37069064
q208,dev,v04,vague,rule:noisy,,1,vocal_gender,,11,1.0,0.0,0.0,0.0,0.0,0.0,,0,,,,32473998|1756967|4645220|34599917|34632789|602391253|36440243|602552833|35920493|602388655
q208,dev,v04,vague,rule:skip,,1,vocal_gender,1,1,1.0,1.0,1.0,1.0,1.0,1.0,1,1,,,,2063248|602461695|32698101|37023625|33260801|1951550|602452568|665221|4300699|34431086
q208,dev,v04,vague,oracle:best,,1,vocal_gender,1,1,1.0,1.0,1.0,1.0,1.0,1.0,1,1,,,,2063248|602461695|32698101|37023625|33260801|34431086|602452568|665221|4300699|37069064
q208,dev,v04,vague,flow:reject,2063248,1,vocal_gender,1,1,1.0,1.0,1.0,1.0,1.0,1.0,1,1,2,2,2,2063248|602461695|32698101|37023625|33260801|1951550|602452568|665221|4300699|34431086
q208,dev,v04,vague,flow:skip,2063248,1,vocal_gender,1,1,1.0,1.0,1.0,1.0,1.0,1.0,1,1,2,2,2,2063248|602461695|32698101|37023625|33260801|1951550|602452568|665221|4300699|34431086
q208,dev,v04,vague,flow:oracle,2063248,1,vocal_gender,1,1,1.0,1.0,1.0,1.0,1.0,1.0,1,1,2,2,2,2063248|32698101|37023625|33260801|34431086|602452568|665221|602461695|4300699|1951550
q208,dev,v04,vague,flow:noisy,2063248,1,vocal_gender,,5,1.0,0.0,0.0,0.0,0.0,0.0,,0,,,3,1857969|602479419|602378263|601937314|489210|3681993|3460102|4107875|602492500|600707165
q209,dev,v04,vague,initial,,1,,3,1,1.0,0.0,1.0,1.0,0.333333,0.5,3,1,,,,4375626|8089568|30177818|4262073|8053157|30190630|4544242|9629220|33503722|31952592
q209,dev,v04,vague,reject_only,,0,,3,1,1.0,0.0,1.0,1.0,0.333333,0.5,3,1,,,,4375626|8089568|30177818|4262073|8053157|30190630|4544242|9629220|33503722|31952592
q209,dev,v04,vague,reject_twice,,0,,3,1,1.0,0.0,1.0,1.0,0.333333,0.5,3,1,,,,4375626|8089568|30177818|4262073|8053157|30190630|4544242|9629220|33503722|31952592
q209,dev,v04,vague,skip,,0,,3,1,1.0,0.0,1.0,1.0,0.333333,0.5,3,1,,,,4375626|8089568|30177818|4262073|8053157|30190630|4544242|9629220|33503722|31952592
q209,dev,v04,vague,oracle:vocal_gender,,0,,3,1,1.0,0.0,1.0,1.0,0.333333,0.5,3,1,,,,4375626|8089568|30177818|4262073|8053157|30190630|4544242|9629220|33503722|31952592
q209,dev,v04,vague,oracle:type,,0,,3,1,1.0,0.0,1.0,1.0,0.333333,0.5,3,1,,,,4375626|8089568|30177818|4262073|8053157|30190630|4544242|9629220|33503722|31952592
q209,dev,v04,vague,oracle:genre,,0,,3,1,1.0,0.0,1.0,1.0,0.333333,0.5,3,1,,,,4375626|8089568|30177818|4262073|8053157|30190630|4544242|9629220|33503722|31952592
q209,dev,v04,vague,oracle:release_era,,0,,3,1,1.0,0.0,1.0,1.0,0.333333,0.5,3,1,,,,4375626|8089568|30177818|4262073|8053157|30190630|4544242|9629220|33503722|31952592
q209,dev,v04,vague,noisy:vocal_gender,,0,,3,1,1.0,0.0,1.0,1.0,0.333333,0.5,3,1,,,,4375626|8089568|30177818|4262073|8053157|30190630|4544242|9629220|33503722|31952592
q209,dev,v04,vague,noisy:type,,0,,3,1,1.0,0.0,1.0,1.0,0.333333,0.5,3,1,,,,4375626|8089568|30177818|4262073|8053157|30190630|4544242|9629220|33503722|31952592
q209,dev,v04,vague,noisy:genre,,0,,3,1,1.0,0.0,1.0,1.0,0.333333,0.5,3,1,,,,4375626|8089568|30177818|4262073|8053157|30190630|4544242|9629220|33503722|31952592
q209,dev,v04,vague,noisy:release_era,,0,,3,1,1.0,0.0,1.0,1.0,0.333333,0.5,3,1,,,,4375626|8089568|30177818|4262073|8053157|30190630|4544242|9629220|33503722|31952592
q209,dev,v04,vague,rule:oracle,,0,,3,1,1.0,0.0,1.0,1.0,0.333333,0.5,3,1,,,,4375626|8089568|30177818|4262073|8053157|30190630|4544242|9629220|33503722|31952592
q209,dev,v04,vague,rule:noisy,,0,,3,1,1.0,0.0,1.0,1.0,0.333333,0.5,3,1,,,,4375626|8089568|30177818|4262073|8053157|30190630|4544242|9629220|33503722|31952592
q209,dev,v04,vague,rule:skip,,0,,3,1,1.0,0.0,1.0,1.0,0.333333,0.5,3,1,,,,4375626|8089568|30177818|4262073|8053157|30190630|4544242|9629220|33503722|31952592
q209,dev,v04,vague,oracle:best,,0,,3,1,1.0,0.0,1.0,1.0,0.333333,0.5,3,1,,,,4375626|8089568|30177818|4262073|8053157|30190630|4544242|9629220|33503722|31952592
q209,dev,v04,vague,flow:reject,,0,,3,1,1.0,0.0,1.0,1.0,0.333333,0.5,3,1,1,1,1,4375626|8089568|30177818|4262073|8053157|30190630|4544242|9629220|33503722|31952592
q209,dev,v04,vague,flow:skip,,0,,3,1,1.0,0.0,1.0,1.0,0.333333,0.5,3,1,1,1,1,4375626|8089568|30177818|4262073|8053157|30190630|4544242|9629220|33503722|31952592
q209,dev,v04,vague,flow:oracle,,0,,3,1,1.0,0.0,1.0,1.0,0.333333,0.5,3,1,1,1,1,4375626|8089568|30177818|4262073|8053157|30190630|4544242|9629220|33503722|31952592
q209,dev,v04,vague,flow:noisy,,0,,3,1,1.0,0.0,1.0,1.0,0.333333,0.5,3,1,1,1,1,4375626|8089568|30177818|4262073|8053157|30190630|4544242|9629220|33503722|31952592
q210,dev,v04,vague,initial,,1,vocal_gender,,,0.0,0.0,0.0,0.0,0.0,0.0,,0,,,,5760115|1913503|711628|1141600|519558|1068643|441007|1177475|2648642|3485088
q210,dev,v04,vague,reject_only,,1,vocal_gender,1,8,1.0,1.0,1.0,1.0,1.0,1.0,1,1,,,,3397448|3685853|1649190|1657448|971439|1556547|667166|5684826|1556553|1875215
q210,dev,v04,vague,reject_twice,,0,vocal_gender,1,8,1.0,1.0,1.0,1.0,1.0,1.0,1,1,,,,3397448|3685853|1649190|1657448|971439|1556547|667166|5684826|1556553|1875215
q210,dev,v04,vague,skip,,1,vocal_gender,1,8,1.0,1.0,1.0,1.0,1.0,1.0,1,1,,,,3397448|3685853|1649190|1657448|971439|1556547|667166|5684826|1556553|1875215
q210,dev,v04,vague,oracle:vocal_gender,,1,vocal_gender,1,8,1.0,1.0,1.0,1.0,1.0,1.0,1,1,,,,3397448|3685853|1657448|667166|1649190|1379738|431614|529685|1875215|2019681
q210,dev,v04,vague,oracle:type,,1,vocal_gender,1,8,1.0,1.0,1.0,1.0,1.0,1.0,1,1,,,,3397448|3685853|33510307|1875215|5684826|31009483|602399233|1556547|667166|1649190
q210,dev,v04,vague,oracle:genre,,1,vocal_gender,1,2,1.0,1.0,1.0,1.0,1.0,1.0,1,1,,,,3397448|1657448|667166|1649190|3685853|1379738|529685|2019681|971439|8235260
q210,dev,v04,vague,oracle:release_era,,1,vocal_gender,1,4,1.0,1.0,1.0,1.0,1.0,1.0,1,1,,,,3397448|3685853|30492279|1875215|8235260|1657448|1649190|602496852|8236055|4138608
q210,dev,v04,vague,noisy:vocal_gender,,1,vocal_gender,10,15,1.0,0.0,0.0,1.0,0.1,0.289065,10,1,,,,105639|30492279|1115206|8236055|4138608|602462884|4230002|602341184|971439|3397448
q210,dev,v04,vague,noisy:type,,1,vocal_gender,9,19,1.0,0.0,0.0,1.0,0.111111,0.30103,9,1,,,,8235260|2019681|431614|529685|1379738|30227061|602496852|30492279|3397448|1649190
q210,dev,v04,vague,noisy:genre,,1,vocal_gender,8,14,1.0,0.0,0.0,1.0,0.125,0.315465,8,1,,,,1875215|33510307|31009483|602399233|3685853|431614|1657448|3397448|1649190|30492279
q210,dev,v04,vague,noisy:release_era,,1,vocal_gender,1,19,1.0,1.0,1.0,1.0,1.0,1.0,1,1,,,,3397448|1649190|3685853|1657448|431614|1556547|971439|1379738|1556553|529685
q210,dev,v04,vague,rule:oracle,,1,vocal_gender,1,8,1.0,1.0,1.0,1.0,1.0,1.0,1,1,,,,3397448|3685853|1657448|667166|1649190|1379738|431614|529685|1875215|2019681
q210,dev,v04,vague,rule:noisy,,1,vocal_gender,10,15,1.0,0.0,0.0,1.0,0.1,0.289065,10,1,,,,105639|30492279|1115206|8236055|4138608|602462884|4230002|602341184|971439|3397448
q210,dev,v04,vague,rule:skip,,1,vocal_gender,1,8,1.0,1.0,1.0,1.0,1.0,1.0,1,1,,,,3397448|3685853|1649190|1657448|971439|1556547|667166|5684826|1556553|1875215
q210,dev,v04,vague,oracle:best,,1,vocal_gender,1,8,1.0,1.0,1.0,1.0,1.0,1.0,1,1,,,,3397448|3685853|1657448|667166|1649190|1379738|431614|529685|1875215|2019681
q210,dev,v04,vague,flow:reject,3397448,1,vocal_gender,1,8,1.0,1.0,1.0,1.0,1.0,1.0,1,1,2,2,2,3397448|3685853|1649190|1657448|971439|1556547|667166|5684826|1556553|1875215
q210,dev,v04,vague,flow:skip,3397448,1,vocal_gender,1,8,1.0,1.0,1.0,1.0,1.0,1.0,1,1,2,2,2,3397448|3685853|1649190|1657448|971439|1556547|667166|5684826|1556553|1875215
q210,dev,v04,vague,flow:oracle,3397448,1,vocal_gender,1,8,1.0,1.0,1.0,1.0,1.0,1.0,1,1,2,2,2,3397448|3685853|1657448|667166|1649190|1379738|431614|529685|1875215|2019681
q210,dev,v04,vague,flow:noisy,3397448,1,vocal_gender,10,15,1.0,0.0,0.0,1.0,0.1,0.289065,10,1,2,2,2,105639|30492279|1115206|8236055|4138608|602462884|4230002|602341184|971439|3397448
q211,dev,v04,vague,initial,,1,,4,4,1.0,0.0,1.0,1.0,0.25,0.430677,4,1,,,,602540011|7148|30613202|30079086|3904614|3557196|5584641|33447280|4400561|2534748
q211,dev,v04,vague,reject_only,,0,,4,4,1.0,0.0,1.0,1.0,0.25,0.430677,4,1,,,,602540011|7148|30613202|30079086|3904614|3557196|5584641|33447280|4400561|2534748
q211,dev,v04,vague,reject_twice,,0,,4,4,1.0,0.0,1.0,1.0,0.25,0.430677,4,1,,,,602540011|7148|30613202|30079086|3904614|3557196|5584641|33447280|4400561|2534748
q211,dev,v04,vague,skip,,0,,4,4,1.0,0.0,1.0,1.0,0.25,0.430677,4,1,,,,602540011|7148|30613202|30079086|3904614|3557196|5584641|33447280|4400561|2534748
q211,dev,v04,vague,oracle:vocal_gender,,0,,4,4,1.0,0.0,1.0,1.0,0.25,0.430677,4,1,,,,602540011|7148|30613202|30079086|3904614|3557196|5584641|33447280|4400561|2534748
q211,dev,v04,vague,oracle:type,,0,,4,4,1.0,0.0,1.0,1.0,0.25,0.430677,4,1,,,,602540011|7148|30613202|30079086|3904614|3557196|5584641|33447280|4400561|2534748
q211,dev,v04,vague,oracle:genre,,0,,4,4,1.0,0.0,1.0,1.0,0.25,0.430677,4,1,,,,602540011|7148|30613202|30079086|3904614|3557196|5584641|33447280|4400561|2534748
q211,dev,v04,vague,oracle:release_era,,0,,4,4,1.0,0.0,1.0,1.0,0.25,0.430677,4,1,,,,602540011|7148|30613202|30079086|3904614|3557196|5584641|33447280|4400561|2534748
q211,dev,v04,vague,noisy:vocal_gender,,0,,4,4,1.0,0.0,1.0,1.0,0.25,0.430677,4,1,,,,602540011|7148|30613202|30079086|3904614|3557196|5584641|33447280|4400561|2534748
q211,dev,v04,vague,noisy:type,,0,,4,4,1.0,0.0,1.0,1.0,0.25,0.430677,4,1,,,,602540011|7148|30613202|30079086|3904614|3557196|5584641|33447280|4400561|2534748
q211,dev,v04,vague,noisy:genre,,0,,4,4,1.0,0.0,1.0,1.0,0.25,0.430677,4,1,,,,602540011|7148|30613202|30079086|3904614|3557196|5584641|33447280|4400561|2534748
q211,dev,v04,vague,noisy:release_era,,0,,4,4,1.0,0.0,1.0,1.0,0.25,0.430677,4,1,,,,602540011|7148|30613202|30079086|3904614|3557196|5584641|33447280|4400561|2534748
q211,dev,v04,vague,rule:oracle,,0,,4,4,1.0,0.0,1.0,1.0,0.25,0.430677,4,1,,,,602540011|7148|30613202|30079086|3904614|3557196|5584641|33447280|4400561|2534748
q211,dev,v04,vague,rule:noisy,,0,,4,4,1.0,0.0,1.0,1.0,0.25,0.430677,4,1,,,,602540011|7148|30613202|30079086|3904614|3557196|5584641|33447280|4400561|2534748
q211,dev,v04,vague,rule:skip,,0,,4,4,1.0,0.0,1.0,1.0,0.25,0.430677,4,1,,,,602540011|7148|30613202|30079086|3904614|3557196|5584641|33447280|4400561|2534748
q211,dev,v04,vague,oracle:best,,0,,4,4,1.0,0.0,1.0,1.0,0.25,0.430677,4,1,,,,602540011|7148|30613202|30079086|3904614|3557196|5584641|33447280|4400561|2534748
q211,dev,v04,vague,flow:reject,,0,,4,4,1.0,0.0,1.0,1.0,0.25,0.430677,4,1,1,1,1,602540011|7148|30613202|30079086|3904614|3557196|5584641|33447280|4400561|2534748
q211,dev,v04,vague,flow:skip,,0,,4,4,1.0,0.0,1.0,1.0,0.25,0.430677,4,1,1,1,1,602540011|7148|30613202|30079086|3904614|3557196|5584641|33447280|4400561|2534748
q211,dev,v04,vague,flow:oracle,,0,,4,4,1.0,0.0,1.0,1.0,0.25,0.430677,4,1,1,1,1,602540011|7148|30613202|30079086|3904614|3557196|5584641|33447280|4400561|2534748
q211,dev,v04,vague,flow:noisy,,0,,4,4,1.0,0.0,1.0,1.0,0.25,0.430677,4,1,1,1,1,602540011|7148|30613202|30079086|3904614|3557196|5584641|33447280|4400561|2534748
q213,dev,v04,vague,initial,,1,,1,1,1.0,1.0,1.0,1.0,1.0,1.0,1,1,,,,530043|452849|431618|4027904|317991|3106066|32698101|4123450|1110715|600630
q213,dev,v04,vague,reject_only,,0,,1,1,1.0,1.0,1.0,1.0,1.0,1.0,1,1,,,,530043|452849|431618|4027904|317991|3106066|32698101|4123450|1110715|600630
q213,dev,v04,vague,reject_twice,,0,,1,1,1.0,1.0,1.0,1.0,1.0,1.0,1,1,,,,530043|452849|431618|4027904|317991|3106066|32698101|4123450|1110715|600630
q213,dev,v04,vague,skip,,0,,1,1,1.0,1.0,1.0,1.0,1.0,1.0,1,1,,,,530043|452849|431618|4027904|317991|3106066|32698101|4123450|1110715|600630
q213,dev,v04,vague,oracle:vocal_gender,,0,,1,1,1.0,1.0,1.0,1.0,1.0,1.0,1,1,,,,530043|452849|431618|4027904|317991|3106066|32698101|4123450|1110715|600630
q213,dev,v04,vague,oracle:type,,0,,1,1,1.0,1.0,1.0,1.0,1.0,1.0,1,1,,,,530043|452849|431618|4027904|317991|3106066|32698101|4123450|1110715|600630
q213,dev,v04,vague,oracle:genre,,0,,1,1,1.0,1.0,1.0,1.0,1.0,1.0,1,1,,,,530043|452849|431618|4027904|317991|3106066|32698101|4123450|1110715|600630
q213,dev,v04,vague,oracle:release_era,,0,,1,1,1.0,1.0,1.0,1.0,1.0,1.0,1,1,,,,530043|452849|431618|4027904|317991|3106066|32698101|4123450|1110715|600630
q213,dev,v04,vague,noisy:vocal_gender,,0,,1,1,1.0,1.0,1.0,1.0,1.0,1.0,1,1,,,,530043|452849|431618|4027904|317991|3106066|32698101|4123450|1110715|600630
q213,dev,v04,vague,noisy:type,,0,,1,1,1.0,1.0,1.0,1.0,1.0,1.0,1,1,,,,530043|452849|431618|4027904|317991|3106066|32698101|4123450|1110715|600630
q213,dev,v04,vague,noisy:genre,,0,,1,1,1.0,1.0,1.0,1.0,1.0,1.0,1,1,,,,530043|452849|431618|4027904|317991|3106066|32698101|4123450|1110715|600630
q213,dev,v04,vague,noisy:release_era,,0,,1,1,1.0,1.0,1.0,1.0,1.0,1.0,1,1,,,,530043|452849|431618|4027904|317991|3106066|32698101|4123450|1110715|600630
q213,dev,v04,vague,rule:oracle,,0,,1,1,1.0,1.0,1.0,1.0,1.0,1.0,1,1,,,,530043|452849|431618|4027904|317991|3106066|32698101|4123450|1110715|600630
q213,dev,v04,vague,rule:noisy,,0,,1,1,1.0,1.0,1.0,1.0,1.0,1.0,1,1,,,,530043|452849|431618|4027904|317991|3106066|32698101|4123450|1110715|600630
q213,dev,v04,vague,rule:skip,,0,,1,1,1.0,1.0,1.0,1.0,1.0,1.0,1,1,,,,530043|452849|431618|4027904|317991|3106066|32698101|4123450|1110715|600630
q213,dev,v04,vague,oracle:best,,0,,1,1,1.0,1.0,1.0,1.0,1.0,1.0,1,1,,,,530043|452849|431618|4027904|317991|3106066|32698101|4123450|1110715|600630
q213,dev,v04,vague,flow:reject,,0,,1,1,1.0,1.0,1.0,1.0,1.0,1.0,1,1,1,1,1,530043|452849|431618|4027904|317991|3106066|32698101|4123450|1110715|600630
q213,dev,v04,vague,flow:skip,,0,,1,1,1.0,1.0,1.0,1.0,1.0,1.0,1,1,1,1,1,530043|452849|431618|4027904|317991|3106066|32698101|4123450|1110715|600630
q213,dev,v04,vague,flow:oracle,,0,,1,1,1.0,1.0,1.0,1.0,1.0,1.0,1,1,1,1,1,530043|452849|431618|4027904|317991|3106066|32698101|4123450|1110715|600630
q213,dev,v04,vague,flow:noisy,,0,,1,1,1.0,1.0,1.0,1.0,1.0,1.0,1,1,1,1,1,530043|452849|431618|4027904|317991|3106066|32698101|4123450|1110715|600630
q215,dev,v04,vague,initial,,1,,8,5,1.0,0.0,0.0,1.0,0.125,0.315465,8,1,,,,3397448|602418400|1004166|33448767|3565243|602380275|3143550|3922071|31854442|3584075
q215,dev,v04,vague,reject_only,,0,,8,5,1.0,0.0,0.0,1.0,0.125,0.315465,8,1,,,,3397448|602418400|1004166|33448767|3565243|602380275|3143550|3922071|31854442|3584075
q215,dev,v04,vague,reject_twice,,0,,8,5,1.0,0.0,0.0,1.0,0.125,0.315465,8,1,,,,3397448|602418400|1004166|33448767|3565243|602380275|3143550|3922071|31854442|3584075
q215,dev,v04,vague,skip,,0,,8,5,1.0,0.0,0.0,1.0,0.125,0.315465,8,1,,,,3397448|602418400|1004166|33448767|3565243|602380275|3143550|3922071|31854442|3584075
q215,dev,v04,vague,oracle:vocal_gender,,0,,8,5,1.0,0.0,0.0,1.0,0.125,0.315465,8,1,,,,3397448|602418400|1004166|33448767|3565243|602380275|3143550|3922071|31854442|3584075
q215,dev,v04,vague,oracle:type,,0,,8,5,1.0,0.0,0.0,1.0,0.125,0.315465,8,1,,,,3397448|602418400|1004166|33448767|3565243|602380275|3143550|3922071|31854442|3584075
q215,dev,v04,vague,oracle:genre,,0,,8,5,1.0,0.0,0.0,1.0,0.125,0.315465,8,1,,,,3397448|602418400|1004166|33448767|3565243|602380275|3143550|3922071|31854442|3584075
q215,dev,v04,vague,oracle:release_era,,0,,8,5,1.0,0.0,0.0,1.0,0.125,0.315465,8,1,,,,3397448|602418400|1004166|33448767|3565243|602380275|3143550|3922071|31854442|3584075
q215,dev,v04,vague,noisy:vocal_gender,,0,,8,5,1.0,0.0,0.0,1.0,0.125,0.315465,8,1,,,,3397448|602418400|1004166|33448767|3565243|602380275|3143550|3922071|31854442|3584075
q215,dev,v04,vague,noisy:type,,0,,8,5,1.0,0.0,0.0,1.0,0.125,0.315465,8,1,,,,3397448|602418400|1004166|33448767|3565243|602380275|3143550|3922071|31854442|3584075
q215,dev,v04,vague,noisy:genre,,0,,8,5,1.0,0.0,0.0,1.0,0.125,0.315465,8,1,,,,3397448|602418400|1004166|33448767|3565243|602380275|3143550|3922071|31854442|3584075
q215,dev,v04,vague,noisy:release_era,,0,,8,5,1.0,0.0,0.0,1.0,0.125,0.315465,8,1,,,,3397448|602418400|1004166|33448767|3565243|602380275|3143550|3922071|31854442|3584075
q215,dev,v04,vague,rule:oracle,,0,,8,5,1.0,0.0,0.0,1.0,0.125,0.315465,8,1,,,,3397448|602418400|1004166|33448767|3565243|602380275|3143550|3922071|31854442|3584075
q215,dev,v04,vague,rule:noisy,,0,,8,5,1.0,0.0,0.0,1.0,0.125,0.315465,8,1,,,,3397448|602418400|1004166|33448767|3565243|602380275|3143550|3922071|31854442|3584075
q215,dev,v04,vague,rule:skip,,0,,8,5,1.0,0.0,0.0,1.0,0.125,0.315465,8,1,,,,3397448|602418400|1004166|33448767|3565243|602380275|3143550|3922071|31854442|3584075
q215,dev,v04,vague,oracle:best,,0,,8,5,1.0,0.0,0.0,1.0,0.125,0.315465,8,1,,,,3397448|602418400|1004166|33448767|3565243|602380275|3143550|3922071|31854442|3584075
q215,dev,v04,vague,flow:reject,,0,,8,5,1.0,0.0,0.0,1.0,0.125,0.315465,8,1,1,1,1,3397448|602418400|1004166|33448767|3565243|602380275|3143550|3922071|31854442|3584075
q215,dev,v04,vague,flow:skip,,0,,8,5,1.0,0.0,0.0,1.0,0.125,0.315465,8,1,1,1,1,3397448|602418400|1004166|33448767|3565243|602380275|3143550|3922071|31854442|3584075
q215,dev,v04,vague,flow:oracle,,0,,8,5,1.0,0.0,0.0,1.0,0.125,0.315465,8,1,1,1,1,3397448|602418400|1004166|33448767|3565243|602380275|3143550|3922071|31854442|3584075
q215,dev,v04,vague,flow:noisy,,0,,8,5,1.0,0.0,0.0,1.0,0.125,0.315465,8,1,1,1,1,3397448|602418400|1004166|33448767|3565243|602380275|3143550|3922071|31854442|3584075
q218,dev,v04,vague,initial,,1,,1,3,1.0,1.0,1.0,1.0,1.0,1.0,1,1,,,,732519|732512|732514|1657448|732515|2566853|30550293|732513|476529|1466870
q218,dev,v04,vague,reject_only,,0,,1,3,1.0,1.0,1.0,1.0,1.0,1.0,1,1,,,,732519|732512|732514|1657448|732515|2566853|30550293|732513|476529|1466870
q218,dev,v04,vague,reject_twice,,0,,1,3,1.0,1.0,1.0,1.0,1.0,1.0,1,1,,,,732519|732512|732514|1657448|732515|2566853|30550293|732513|476529|1466870
q218,dev,v04,vague,skip,,0,,1,3,1.0,1.0,1.0,1.0,1.0,1.0,1,1,,,,732519|732512|732514|1657448|732515|2566853|30550293|732513|476529|1466870
q218,dev,v04,vague,oracle:vocal_gender,,0,,1,3,1.0,1.0,1.0,1.0,1.0,1.0,1,1,,,,732519|732512|732514|1657448|732515|2566853|30550293|732513|476529|1466870
q218,dev,v04,vague,oracle:type,,0,,1,3,1.0,1.0,1.0,1.0,1.0,1.0,1,1,,,,732519|732512|732514|1657448|732515|2566853|30550293|732513|476529|1466870
q218,dev,v04,vague,oracle:genre,,0,,1,3,1.0,1.0,1.0,1.0,1.0,1.0,1,1,,,,732519|732512|732514|1657448|732515|2566853|30550293|732513|476529|1466870
q218,dev,v04,vague,oracle:release_era,,0,,1,3,1.0,1.0,1.0,1.0,1.0,1.0,1,1,,,,732519|732512|732514|1657448|732515|2566853|30550293|732513|476529|1466870
q218,dev,v04,vague,noisy:vocal_gender,,0,,1,3,1.0,1.0,1.0,1.0,1.0,1.0,1,1,,,,732519|732512|732514|1657448|732515|2566853|30550293|732513|476529|1466870
q218,dev,v04,vague,noisy:type,,0,,1,3,1.0,1.0,1.0,1.0,1.0,1.0,1,1,,,,732519|732512|732514|1657448|732515|2566853|30550293|732513|476529|1466870
q218,dev,v04,vague,noisy:genre,,0,,1,3,1.0,1.0,1.0,1.0,1.0,1.0,1,1,,,,732519|732512|732514|1657448|732515|2566853|30550293|732513|476529|1466870
q218,dev,v04,vague,noisy:release_era,,0,,1,3,1.0,1.0,1.0,1.0,1.0,1.0,1,1,,,,732519|732512|732514|1657448|732515|2566853|30550293|732513|476529|1466870
q218,dev,v04,vague,rule:oracle,,0,,1,3,1.0,1.0,1.0,1.0,1.0,1.0,1,1,,,,732519|732512|732514|1657448|732515|2566853|30550293|732513|476529|1466870
q218,dev,v04,vague,rule:noisy,,0,,1,3,1.0,1.0,1.0,1.0,1.0,1.0,1,1,,,,732519|732512|732514|1657448|732515|2566853|30550293|732513|476529|1466870
q218,dev,v04,vague,rule:skip,,0,,1,3,1.0,1.0,1.0,1.0,1.0,1.0,1,1,,,,732519|732512|732514|1657448|732515|2566853|30550293|732513|476529|1466870
q218,dev,v04,vague,oracle:best,,0,,1,3,1.0,1.0,1.0,1.0,1.0,1.0,1,1,,,,732519|732512|732514|1657448|732515|2566853|30550293|732513|476529|1466870
q218,dev,v04,vague,flow:reject,,0,,1,3,1.0,1.0,1.0,1.0,1.0,1.0,1,1,1,1,1,732519|732512|732514|1657448|732515|2566853|30550293|732513|476529|1466870
q218,dev,v04,vague,flow:skip,,0,,1,3,1.0,1.0,1.0,1.0,1.0,1.0,1,1,1,1,1,732519|732512|732514|1657448|732515|2566853|30550293|732513|476529|1466870
q218,dev,v04,vague,flow:oracle,,0,,1,3,1.0,1.0,1.0,1.0,1.0,1.0,1,1,1,1,1,732519|732512|732514|1657448|732515|2566853|30550293|732513|476529|1466870
q218,dev,v04,vague,flow:noisy,,0,,1,3,1.0,1.0,1.0,1.0,1.0,1.0,1,1,1,1,1,732519|732512|732514|1657448|732515|2566853|30550293|732513|476529|1466870
q219,dev,v04,vague,initial,,1,,1,1,1.0,1.0,1.0,1.0,1.0,1.0,1,1,,,,2733249|4237755|5531227|1914864|4579474|37657039|4294284|5545022|3573175|1871159
q219,dev,v04,vague,reject_only,,0,,1,1,1.0,1.0,1.0,1.0,1.0,1.0,1,1,,,,2733249|4237755|5531227|1914864|4579474|37657039|4294284|5545022|3573175|1871159
q219,dev,v04,vague,reject_twice,,0,,1,1,1.0,1.0,1.0,1.0,1.0,1.0,1,1,,,,2733249|4237755|5531227|1914864|4579474|37657039|4294284|5545022|3573175|1871159
q219,dev,v04,vague,skip,,0,,1,1,1.0,1.0,1.0,1.0,1.0,1.0,1,1,,,,2733249|4237755|5531227|1914864|4579474|37657039|4294284|5545022|3573175|1871159
q219,dev,v04,vague,oracle:vocal_gender,,0,,1,1,1.0,1.0,1.0,1.0,1.0,1.0,1,1,,,,2733249|4237755|5531227|1914864|4579474|37657039|4294284|5545022|3573175|1871159
q219,dev,v04,vague,oracle:type,,0,,1,1,1.0,1.0,1.0,1.0,1.0,1.0,1,1,,,,2733249|4237755|5531227|1914864|4579474|37657039|4294284|5545022|3573175|1871159
q219,dev,v04,vague,oracle:genre,,0,,1,1,1.0,1.0,1.0,1.0,1.0,1.0,1,1,,,,2733249|4237755|5531227|1914864|4579474|37657039|4294284|5545022|3573175|1871159
q219,dev,v04,vague,oracle:release_era,,0,,1,1,1.0,1.0,1.0,1.0,1.0,1.0,1,1,,,,2733249|4237755|5531227|1914864|4579474|37657039|4294284|5545022|3573175|1871159
q219,dev,v04,vague,noisy:vocal_gender,,0,,1,1,1.0,1.0,1.0,1.0,1.0,1.0,1,1,,,,2733249|4237755|5531227|1914864|4579474|37657039|4294284|5545022|3573175|1871159
q219,dev,v04,vague,noisy:type,,0,,1,1,1.0,1.0,1.0,1.0,1.0,1.0,1,1,,,,2733249|4237755|5531227|1914864|4579474|37657039|4294284|5545022|3573175|1871159
q219,dev,v04,vague,noisy:genre,,0,,1,1,1.0,1.0,1.0,1.0,1.0,1.0,1,1,,,,2733249|4237755|5531227|1914864|4579474|37657039|4294284|5545022|3573175|1871159
q219,dev,v04,vague,noisy:release_era,,0,,1,1,1.0,1.0,1.0,1.0,1.0,1.0,1,1,,,,2733249|4237755|5531227|1914864|4579474|37657039|4294284|5545022|3573175|1871159
q219,dev,v04,vague,rule:oracle,,0,,1,1,1.0,1.0,1.0,1.0,1.0,1.0,1,1,,,,2733249|4237755|5531227|1914864|4579474|37657039|4294284|5545022|3573175|1871159
q219,dev,v04,vague,rule:noisy,,0,,1,1,1.0,1.0,1.0,1.0,1.0,1.0,1,1,,,,2733249|4237755|5531227|1914864|4579474|37657039|4294284|5545022|3573175|1871159
q219,dev,v04,vague,rule:skip,,0,,1,1,1.0,1.0,1.0,1.0,1.0,1.0,1,1,,,,2733249|4237755|5531227|1914864|4579474|37657039|4294284|5545022|3573175|1871159
q219,dev,v04,vague,oracle:best,,0,,1,1,1.0,1.0,1.0,1.0,1.0,1.0,1,1,,,,2733249|4237755|5531227|1914864|4579474|37657039|4294284|5545022|3573175|1871159
q219,dev,v04,vague,flow:reject,,0,,1,1,1.0,1.0,1.0,1.0,1.0,1.0,1,1,1,1,1,2733249|4237755|5531227|1914864|4579474|37657039|4294284|5545022|3573175|1871159
q219,dev,v04,vague,flow:skip,,0,,1,1,1.0,1.0,1.0,1.0,1.0,1.0,1,1,1,1,1,2733249|4237755|5531227|1914864|4579474|37657039|4294284|5545022|3573175|1871159
q219,dev,v04,vague,flow:oracle,,0,,1,1,1.0,1.0,1.0,1.0,1.0,1.0,1,1,1,1,1,2733249|4237755|5531227|1914864|4579474|37657039|4294284|5545022|3573175|1871159
q219,dev,v04,vague,flow:noisy,,0,,1,1,1.0,1.0,1.0,1.0,1.0,1.0,1,1,1,1,1,2733249|4237755|5531227|1914864|4579474|37657039|4294284|5545022|3573175|1871159
q304,dev,v04,vague,initial,,1,,4,4,1.0,0.0,1.0,1.0,0.25,0.430677,4,1,,,,5760116|5760115|602278708|4583482|4583481|32825454|32175937|35009233|3922586|602492206
q304,dev,v04,vague,reject_only,,0,,4,4,1.0,0.0,1.0,1.0,0.25,0.430677,4,1,,,,5760116|5760115|602278708|4583482|4583481|32825454|32175937|35009233|3922586|602492206
q304,dev,v04,vague,reject_twice,,0,,4,4,1.0,0.0,1.0,1.0,0.25,0.430677,4,1,,,,5760116|5760115|602278708|4583482|4583481|32825454|32175937|35009233|3922586|602492206
q304,dev,v04,vague,skip,,0,,4,4,1.0,0.0,1.0,1.0,0.25,0.430677,4,1,,,,5760116|5760115|602278708|4583482|4583481|32825454|32175937|35009233|3922586|602492206
q304,dev,v04,vague,oracle:vocal_gender,,0,,4,4,1.0,0.0,1.0,1.0,0.25,0.430677,4,1,,,,5760116|5760115|602278708|4583482|4583481|32825454|32175937|35009233|3922586|602492206
q304,dev,v04,vague,oracle:type,,0,,4,4,1.0,0.0,1.0,1.0,0.25,0.430677,4,1,,,,5760116|5760115|602278708|4583482|4583481|32825454|32175937|35009233|3922586|602492206
q304,dev,v04,vague,oracle:genre,,0,,4,4,1.0,0.0,1.0,1.0,0.25,0.430677,4,1,,,,5760116|5760115|602278708|4583482|4583481|32825454|32175937|35009233|3922586|602492206
q304,dev,v04,vague,oracle:release_era,,0,,4,4,1.0,0.0,1.0,1.0,0.25,0.430677,4,1,,,,5760116|5760115|602278708|4583482|4583481|32825454|32175937|35009233|3922586|602492206
q304,dev,v04,vague,noisy:vocal_gender,,0,,4,4,1.0,0.0,1.0,1.0,0.25,0.430677,4,1,,,,5760116|5760115|602278708|4583482|4583481|32825454|32175937|35009233|3922586|602492206
q304,dev,v04,vague,noisy:type,,0,,4,4,1.0,0.0,1.0,1.0,0.25,0.430677,4,1,,,,5760116|5760115|602278708|4583482|4583481|32825454|32175937|35009233|3922586|602492206
q304,dev,v04,vague,noisy:genre,,0,,4,4,1.0,0.0,1.0,1.0,0.25,0.430677,4,1,,,,5760116|5760115|602278708|4583482|4583481|32825454|32175937|35009233|3922586|602492206
q304,dev,v04,vague,noisy:release_era,,0,,4,4,1.0,0.0,1.0,1.0,0.25,0.430677,4,1,,,,5760116|5760115|602278708|4583482|4583481|32825454|32175937|35009233|3922586|602492206
q304,dev,v04,vague,rule:oracle,,0,,4,4,1.0,0.0,1.0,1.0,0.25,0.430677,4,1,,,,5760116|5760115|602278708|4583482|4583481|32825454|32175937|35009233|3922586|602492206
q304,dev,v04,vague,rule:noisy,,0,,4,4,1.0,0.0,1.0,1.0,0.25,0.430677,4,1,,,,5760116|5760115|602278708|4583482|4583481|32825454|32175937|35009233|3922586|602492206
q304,dev,v04,vague,rule:skip,,0,,4,4,1.0,0.0,1.0,1.0,0.25,0.430677,4,1,,,,5760116|5760115|602278708|4583482|4583481|32825454|32175937|35009233|3922586|602492206
q304,dev,v04,vague,oracle:best,,0,,4,4,1.0,0.0,1.0,1.0,0.25,0.430677,4,1,,,,5760116|5760115|602278708|4583482|4583481|32825454|32175937|35009233|3922586|602492206
q304,dev,v04,vague,flow:reject,,0,,4,4,1.0,0.0,1.0,1.0,0.25,0.430677,4,1,1,1,1,5760116|5760115|602278708|4583482|4583481|32825454|32175937|35009233|3922586|602492206
q304,dev,v04,vague,flow:skip,,0,,4,4,1.0,0.0,1.0,1.0,0.25,0.430677,4,1,1,1,1,5760116|5760115|602278708|4583482|4583481|32825454|32175937|35009233|3922586|602492206
q304,dev,v04,vague,flow:oracle,,0,,4,4,1.0,0.0,1.0,1.0,0.25,0.430677,4,1,1,1,1,5760116|5760115|602278708|4583482|4583481|32825454|32175937|35009233|3922586|602492206
q304,dev,v04,vague,flow:noisy,,0,,4,4,1.0,0.0,1.0,1.0,0.25,0.430677,4,1,1,1,1,5760116|5760115|602278708|4583482|4583481|32825454|32175937|35009233|3922586|602492206
q307,dev,v04,vague,initial,,1,,1,1,1.0,1.0,1.0,1.0,1.0,1.0,1,1,,,,30341745|602293417|3818487|3818486|602466725|31417922|602005101|602358131|30181278|602152415
q307,dev,v04,vague,reject_only,,0,,1,1,1.0,1.0,1.0,1.0,1.0,1.0,1,1,,,,30341745|602293417|3818487|3818486|602466725|31417922|602005101|602358131|30181278|602152415
q307,dev,v04,vague,reject_twice,,0,,1,1,1.0,1.0,1.0,1.0,1.0,1.0,1,1,,,,30341745|602293417|3818487|3818486|602466725|31417922|602005101|602358131|30181278|602152415
q307,dev,v04,vague,skip,,0,,1,1,1.0,1.0,1.0,1.0,1.0,1.0,1,1,,,,30341745|602293417|3818487|3818486|602466725|31417922|602005101|602358131|30181278|602152415
q307,dev,v04,vague,oracle:vocal_gender,,0,,1,1,1.0,1.0,1.0,1.0,1.0,1.0,1,1,,,,30341745|602293417|3818487|3818486|602466725|31417922|602005101|602358131|30181278|602152415
q307,dev,v04,vague,oracle:type,,0,,1,1,1.0,1.0,1.0,1.0,1.0,1.0,1,1,,,,30341745|602293417|3818487|3818486|602466725|31417922|602005101|602358131|30181278|602152415
q307,dev,v04,vague,oracle:genre,,0,,1,1,1.0,1.0,1.0,1.0,1.0,1.0,1,1,,,,30341745|602293417|3818487|3818486|602466725|31417922|602005101|602358131|30181278|602152415
q307,dev,v04,vague,oracle:release_era,,0,,1,1,1.0,1.0,1.0,1.0,1.0,1.0,1,1,,,,30341745|602293417|3818487|3818486|602466725|31417922|602005101|602358131|30181278|602152415
q307,dev,v04,vague,noisy:vocal_gender,,0,,1,1,1.0,1.0,1.0,1.0,1.0,1.0,1,1,,,,30341745|602293417|3818487|3818486|602466725|31417922|602005101|602358131|30181278|602152415
q307,dev,v04,vague,noisy:type,,0,,1,1,1.0,1.0,1.0,1.0,1.0,1.0,1,1,,,,30341745|602293417|3818487|3818486|602466725|31417922|602005101|602358131|30181278|602152415
q307,dev,v04,vague,noisy:genre,,0,,1,1,1.0,1.0,1.0,1.0,1.0,1.0,1,1,,,,30341745|602293417|3818487|3818486|602466725|31417922|602005101|602358131|30181278|602152415
q307,dev,v04,vague,noisy:release_era,,0,,1,1,1.0,1.0,1.0,1.0,1.0,1.0,1,1,,,,30341745|602293417|3818487|3818486|602466725|31417922|602005101|602358131|30181278|602152415
q307,dev,v04,vague,rule:oracle,,0,,1,1,1.0,1.0,1.0,1.0,1.0,1.0,1,1,,,,30341745|602293417|3818487|3818486|602466725|31417922|602005101|602358131|30181278|602152415
q307,dev,v04,vague,rule:noisy,,0,,1,1,1.0,1.0,1.0,1.0,1.0,1.0,1,1,,,,30341745|602293417|3818487|3818486|602466725|31417922|602005101|602358131|30181278|602152415
q307,dev,v04,vague,rule:skip,,0,,1,1,1.0,1.0,1.0,1.0,1.0,1.0,1,1,,,,30341745|602293417|3818487|3818486|602466725|31417922|602005101|602358131|30181278|602152415
q307,dev,v04,vague,oracle:best,,0,,1,1,1.0,1.0,1.0,1.0,1.0,1.0,1,1,,,,30341745|602293417|3818487|3818486|602466725|31417922|602005101|602358131|30181278|602152415
q307,dev,v04,vague,flow:reject,,0,,1,1,1.0,1.0,1.0,1.0,1.0,1.0,1,1,1,1,1,30341745|602293417|3818487|3818486|602466725|31417922|602005101|602358131|30181278|602152415
q307,dev,v04,vague,flow:skip,,0,,1,1,1.0,1.0,1.0,1.0,1.0,1.0,1,1,1,1,1,30341745|602293417|3818487|3818486|602466725|31417922|602005101|602358131|30181278|602152415
q307,dev,v04,vague,flow:oracle,,0,,1,1,1.0,1.0,1.0,1.0,1.0,1.0,1,1,1,1,1,30341745|602293417|3818487|3818486|602466725|31417922|602005101|602358131|30181278|602152415
q307,dev,v04,vague,flow:noisy,,0,,1,1,1.0,1.0,1.0,1.0,1.0,1.0,1,1,1,1,1,30341745|602293417|3818487|3818486|602466725|31417922|602005101|602358131|30181278|602152415
q308,dev,v04,vague,initial,,1,,1,1,1.0,1.0,1.0,1.0,1.0,1.0,1,1,,,,1850253|971439|1914864|1932604|4100521|4011596|1698598|1913503|1913501|2733249
q308,dev,v04,vague,reject_only,,0,,1,1,1.0,1.0,1.0,1.0,1.0,1.0,1,1,,,,1850253|971439|1914864|1932604|4100521|4011596|1698598|1913503|1913501|2733249
q308,dev,v04,vague,reject_twice,,0,,1,1,1.0,1.0,1.0,1.0,1.0,1.0,1,1,,,,1850253|971439|1914864|1932604|4100521|4011596|1698598|1913503|1913501|2733249
q308,dev,v04,vague,skip,,0,,1,1,1.0,1.0,1.0,1.0,1.0,1.0,1,1,,,,1850253|971439|1914864|1932604|4100521|4011596|1698598|1913503|1913501|2733249
q308,dev,v04,vague,oracle:vocal_gender,,0,,1,1,1.0,1.0,1.0,1.0,1.0,1.0,1,1,,,,1850253|971439|1914864|1932604|4100521|4011596|1698598|1913503|1913501|2733249
q308,dev,v04,vague,oracle:type,,0,,1,1,1.0,1.0,1.0,1.0,1.0,1.0,1,1,,,,1850253|971439|1914864|1932604|4100521|4011596|1698598|1913503|1913501|2733249
q308,dev,v04,vague,oracle:genre,,0,,1,1,1.0,1.0,1.0,1.0,1.0,1.0,1,1,,,,1850253|971439|1914864|1932604|4100521|4011596|1698598|1913503|1913501|2733249
q308,dev,v04,vague,oracle:release_era,,0,,1,1,1.0,1.0,1.0,1.0,1.0,1.0,1,1,,,,1850253|971439|1914864|1932604|4100521|4011596|1698598|1913503|1913501|2733249
q308,dev,v04,vague,noisy:vocal_gender,,0,,1,1,1.0,1.0,1.0,1.0,1.0,1.0,1,1,,,,1850253|971439|1914864|1932604|4100521|4011596|1698598|1913503|1913501|2733249
q308,dev,v04,vague,noisy:type,,0,,1,1,1.0,1.0,1.0,1.0,1.0,1.0,1,1,,,,1850253|971439|1914864|1932604|4100521|4011596|1698598|1913503|1913501|2733249
q308,dev,v04,vague,noisy:genre,,0,,1,1,1.0,1.0,1.0,1.0,1.0,1.0,1,1,,,,1850253|971439|1914864|1932604|4100521|4011596|1698598|1913503|1913501|2733249
q308,dev,v04,vague,noisy:release_era,,0,,1,1,1.0,1.0,1.0,1.0,1.0,1.0,1,1,,,,1850253|971439|1914864|1932604|4100521|4011596|1698598|1913503|1913501|2733249
q308,dev,v04,vague,rule:oracle,,0,,1,1,1.0,1.0,1.0,1.0,1.0,1.0,1,1,,,,1850253|971439|1914864|1932604|4100521|4011596|1698598|1913503|1913501|2733249
q308,dev,v04,vague,rule:noisy,,0,,1,1,1.0,1.0,1.0,1.0,1.0,1.0,1,1,,,,1850253|971439|1914864|1932604|4100521|4011596|1698598|1913503|1913501|2733249
q308,dev,v04,vague,rule:skip,,0,,1,1,1.0,1.0,1.0,1.0,1.0,1.0,1,1,,,,1850253|971439|1914864|1932604|4100521|4011596|1698598|1913503|1913501|2733249
q308,dev,v04,vague,oracle:best,,0,,1,1,1.0,1.0,1.0,1.0,1.0,1.0,1,1,,,,1850253|971439|1914864|1932604|4100521|4011596|1698598|1913503|1913501|2733249
q308,dev,v04,vague,flow:reject,,0,,1,1,1.0,1.0,1.0,1.0,1.0,1.0,1,1,1,1,1,1850253|971439|1914864|1932604|4100521|4011596|1698598|1913503|1913501|2733249
q308,dev,v04,vague,flow:skip,,0,,1,1,1.0,1.0,1.0,1.0,1.0,1.0,1,1,1,1,1,1850253|971439|1914864|1932604|4100521|4011596|1698598|1913503|1913501|2733249
q308,dev,v04,vague,flow:oracle,,0,,1,1,1.0,1.0,1.0,1.0,1.0,1.0,1,1,1,1,1,1850253|971439|1914864|1932604|4100521|4011596|1698598|1913503|1913501|2733249
q308,dev,v04,vague,flow:noisy,,0,,1,1,1.0,1.0,1.0,1.0,1.0,1.0,1,1,1,1,1,1850253|971439|1914864|1932604|4100521|4011596|1698598|1913503|1913501|2733249
q310,dev,v04,vague,initial,,1,,1,3,1.0,1.0,1.0,1.0,1.0,1.0,1,1,,,,30054344|8155478|9620471|3820647|4024692|2684572|4047160|3866006|602470569|3450190
q310,dev,v04,vague,reject_only,,0,,1,3,1.0,1.0,1.0,1.0,1.0,1.0,1,1,,,,30054344|8155478|9620471|3820647|4024692|2684572|4047160|3866006|602470569|3450190
q310,dev,v04,vague,reject_twice,,0,,1,3,1.0,1.0,1.0,1.0,1.0,1.0,1,1,,,,30054344|8155478|9620471|3820647|4024692|2684572|4047160|3866006|602470569|3450190
q310,dev,v04,vague,skip,,0,,1,3,1.0,1.0,1.0,1.0,1.0,1.0,1,1,,,,30054344|8155478|9620471|3820647|4024692|2684572|4047160|3866006|602470569|3450190
q310,dev,v04,vague,oracle:vocal_gender,,0,,1,3,1.0,1.0,1.0,1.0,1.0,1.0,1,1,,,,30054344|8155478|9620471|3820647|4024692|2684572|4047160|3866006|602470569|3450190
q310,dev,v04,vague,oracle:type,,0,,1,3,1.0,1.0,1.0,1.0,1.0,1.0,1,1,,,,30054344|8155478|9620471|3820647|4024692|2684572|4047160|3866006|602470569|3450190
q310,dev,v04,vague,oracle:genre,,0,,1,3,1.0,1.0,1.0,1.0,1.0,1.0,1,1,,,,30054344|8155478|9620471|3820647|4024692|2684572|4047160|3866006|602470569|3450190
q310,dev,v04,vague,oracle:release_era,,0,,1,3,1.0,1.0,1.0,1.0,1.0,1.0,1,1,,,,30054344|8155478|9620471|3820647|4024692|2684572|4047160|3866006|602470569|3450190
q310,dev,v04,vague,noisy:vocal_gender,,0,,1,3,1.0,1.0,1.0,1.0,1.0,1.0,1,1,,,,30054344|8155478|9620471|3820647|4024692|2684572|4047160|3866006|602470569|3450190
q310,dev,v04,vague,noisy:type,,0,,1,3,1.0,1.0,1.0,1.0,1.0,1.0,1,1,,,,30054344|8155478|9620471|3820647|4024692|2684572|4047160|3866006|602470569|3450190
q310,dev,v04,vague,noisy:genre,,0,,1,3,1.0,1.0,1.0,1.0,1.0,1.0,1,1,,,,30054344|8155478|9620471|3820647|4024692|2684572|4047160|3866006|602470569|3450190
q310,dev,v04,vague,noisy:release_era,,0,,1,3,1.0,1.0,1.0,1.0,1.0,1.0,1,1,,,,30054344|8155478|9620471|3820647|4024692|2684572|4047160|3866006|602470569|3450190
q310,dev,v04,vague,rule:oracle,,0,,1,3,1.0,1.0,1.0,1.0,1.0,1.0,1,1,,,,30054344|8155478|9620471|3820647|4024692|2684572|4047160|3866006|602470569|3450190
q310,dev,v04,vague,rule:noisy,,0,,1,3,1.0,1.0,1.0,1.0,1.0,1.0,1,1,,,,30054344|8155478|9620471|3820647|4024692|2684572|4047160|3866006|602470569|3450190
q310,dev,v04,vague,rule:skip,,0,,1,3,1.0,1.0,1.0,1.0,1.0,1.0,1,1,,,,30054344|8155478|9620471|3820647|4024692|2684572|4047160|3866006|602470569|3450190
q310,dev,v04,vague,oracle:best,,0,,1,3,1.0,1.0,1.0,1.0,1.0,1.0,1,1,,,,30054344|8155478|9620471|3820647|4024692|2684572|4047160|3866006|602470569|3450190
q310,dev,v04,vague,flow:reject,,0,,1,3,1.0,1.0,1.0,1.0,1.0,1.0,1,1,1,1,1,30054344|8155478|9620471|3820647|4024692|2684572|4047160|3866006|602470569|3450190
q310,dev,v04,vague,flow:skip,,0,,1,3,1.0,1.0,1.0,1.0,1.0,1.0,1,1,1,1,1,30054344|8155478|9620471|3820647|4024692|2684572|4047160|3866006|602470569|3450190
q310,dev,v04,vague,flow:oracle,,0,,1,3,1.0,1.0,1.0,1.0,1.0,1.0,1,1,1,1,1,30054344|8155478|9620471|3820647|4024692|2684572|4047160|3866006|602470569|3450190
q310,dev,v04,vague,flow:noisy,,0,,1,3,1.0,1.0,1.0,1.0,1.0,1.0,1,1,1,1,1,30054344|8155478|9620471|3820647|4024692|2684572|4047160|3866006|602470569|3450190
q311,dev,v04,vague,initial,,1,,1,1,1.0,1.0,1.0,1.0,1.0,1.0,1,1,,,,2320988|2352749|2135469|2135470|2343748|2165864|2371261|1927248|2231895|2328191
q311,dev,v04,vague,reject_only,,0,,1,1,1.0,1.0,1.0,1.0,1.0,1.0,1,1,,,,2320988|2352749|2135469|2135470|2343748|2165864|2371261|1927248|2231895|2328191
q311,dev,v04,vague,reject_twice,,0,,1,1,1.0,1.0,1.0,1.0,1.0,1.0,1,1,,,,2320988|2352749|2135469|2135470|2343748|2165864|2371261|1927248|2231895|2328191
q311,dev,v04,vague,skip,,0,,1,1,1.0,1.0,1.0,1.0,1.0,1.0,1,1,,,,2320988|2352749|2135469|2135470|2343748|2165864|2371261|1927248|2231895|2328191
q311,dev,v04,vague,oracle:vocal_gender,,0,,1,1,1.0,1.0,1.0,1.0,1.0,1.0,1,1,,,,2320988|2352749|2135469|2135470|2343748|2165864|2371261|1927248|2231895|2328191
q311,dev,v04,vague,oracle:type,,0,,1,1,1.0,1.0,1.0,1.0,1.0,1.0,1,1,,,,2320988|2352749|2135469|2135470|2343748|2165864|2371261|1927248|2231895|2328191
q311,dev,v04,vague,oracle:genre,,0,,1,1,1.0,1.0,1.0,1.0,1.0,1.0,1,1,,,,2320988|2352749|2135469|2135470|2343748|2165864|2371261|1927248|2231895|2328191
q311,dev,v04,vague,oracle:release_era,,0,,1,1,1.0,1.0,1.0,1.0,1.0,1.0,1,1,,,,2320988|2352749|2135469|2135470|2343748|2165864|2371261|1927248|2231895|2328191
q311,dev,v04,vague,noisy:vocal_gender,,0,,1,1,1.0,1.0,1.0,1.0,1.0,1.0,1,1,,,,2320988|2352749|2135469|2135470|2343748|2165864|2371261|1927248|2231895|2328191
q311,dev,v04,vague,noisy:type,,0,,1,1,1.0,1.0,1.0,1.0,1.0,1.0,1,1,,,,2320988|2352749|2135469|2135470|2343748|2165864|2371261|1927248|2231895|2328191
q311,dev,v04,vague,noisy:genre,,0,,1,1,1.0,1.0,1.0,1.0,1.0,1.0,1,1,,,,2320988|2352749|2135469|2135470|2343748|2165864|2371261|1927248|2231895|2328191
q311,dev,v04,vague,noisy:release_era,,0,,1,1,1.0,1.0,1.0,1.0,1.0,1.0,1,1,,,,2320988|2352749|2135469|2135470|2343748|2165864|2371261|1927248|2231895|2328191
q311,dev,v04,vague,rule:oracle,,0,,1,1,1.0,1.0,1.0,1.0,1.0,1.0,1,1,,,,2320988|2352749|2135469|2135470|2343748|2165864|2371261|1927248|2231895|2328191
q311,dev,v04,vague,rule:noisy,,0,,1,1,1.0,1.0,1.0,1.0,1.0,1.0,1,1,,,,2320988|2352749|2135469|2135470|2343748|2165864|2371261|1927248|2231895|2328191
q311,dev,v04,vague,rule:skip,,0,,1,1,1.0,1.0,1.0,1.0,1.0,1.0,1,1,,,,2320988|2352749|2135469|2135470|2343748|2165864|2371261|1927248|2231895|2328191
q311,dev,v04,vague,oracle:best,,0,,1,1,1.0,1.0,1.0,1.0,1.0,1.0,1,1,,,,2320988|2352749|2135469|2135470|2343748|2165864|2371261|1927248|2231895|2328191
q311,dev,v04,vague,flow:reject,,0,,1,1,1.0,1.0,1.0,1.0,1.0,1.0,1,1,1,1,1,2320988|2352749|2135469|2135470|2343748|2165864|2371261|1927248|2231895|2328191
q311,dev,v04,vague,flow:skip,,0,,1,1,1.0,1.0,1.0,1.0,1.0,1.0,1,1,1,1,1,2320988|2352749|2135469|2135470|2343748|2165864|2371261|1927248|2231895|2328191
q311,dev,v04,vague,flow:oracle,,0,,1,1,1.0,1.0,1.0,1.0,1.0,1.0,1,1,1,1,1,2320988|2352749|2135469|2135470|2343748|2165864|2371261|1927248|2231895|2328191
q311,dev,v04,vague,flow:noisy,,0,,1,1,1.0,1.0,1.0,1.0,1.0,1.0,1,1,1,1,1,2320988|2352749|2135469|2135470|2343748|2165864|2371261|1927248|2231895|2328191
q312,dev,v04,vague,initial,,1,,4,5,1.0,0.0,1.0,1.0,0.25,0.430677,4,1,,,,5639931|30948698|36616378|4543502|445151|32003395|602428696|602539003|602466926|602441427
q312,dev,v04,vague,reject_only,,0,,4,5,1.0,0.0,1.0,1.0,0.25,0.430677,4,1,,,,5639931|30948698|36616378|4543502|445151|32003395|602428696|602539003|602466926|602441427
q312,dev,v04,vague,reject_twice,,0,,4,5,1.0,0.0,1.0,1.0,0.25,0.430677,4,1,,,,5639931|30948698|36616378|4543502|445151|32003395|602428696|602539003|602466926|602441427
q312,dev,v04,vague,skip,,0,,4,5,1.0,0.0,1.0,1.0,0.25,0.430677,4,1,,,,5639931|30948698|36616378|4543502|445151|32003395|602428696|602539003|602466926|602441427
q312,dev,v04,vague,oracle:vocal_gender,,0,,4,5,1.0,0.0,1.0,1.0,0.25,0.430677,4,1,,,,5639931|30948698|36616378|4543502|445151|32003395|602428696|602539003|602466926|602441427
q312,dev,v04,vague,oracle:type,,0,,4,5,1.0,0.0,1.0,1.0,0.25,0.430677,4,1,,,,5639931|30948698|36616378|4543502|445151|32003395|602428696|602539003|602466926|602441427
q312,dev,v04,vague,oracle:genre,,0,,4,5,1.0,0.0,1.0,1.0,0.25,0.430677,4,1,,,,5639931|30948698|36616378|4543502|445151|32003395|602428696|602539003|602466926|602441427
q312,dev,v04,vague,oracle:release_era,,0,,4,5,1.0,0.0,1.0,1.0,0.25,0.430677,4,1,,,,5639931|30948698|36616378|4543502|445151|32003395|602428696|602539003|602466926|602441427
q312,dev,v04,vague,noisy:vocal_gender,,0,,4,5,1.0,0.0,1.0,1.0,0.25,0.430677,4,1,,,,5639931|30948698|36616378|4543502|445151|32003395|602428696|602539003|602466926|602441427
q312,dev,v04,vague,noisy:type,,0,,4,5,1.0,0.0,1.0,1.0,0.25,0.430677,4,1,,,,5639931|30948698|36616378|4543502|445151|32003395|602428696|602539003|602466926|602441427
q312,dev,v04,vague,noisy:genre,,0,,4,5,1.0,0.0,1.0,1.0,0.25,0.430677,4,1,,,,5639931|30948698|36616378|4543502|445151|32003395|602428696|602539003|602466926|602441427
q312,dev,v04,vague,noisy:release_era,,0,,4,5,1.0,0.0,1.0,1.0,0.25,0.430677,4,1,,,,5639931|30948698|36616378|4543502|445151|32003395|602428696|602539003|602466926|602441427
q312,dev,v04,vague,rule:oracle,,0,,4,5,1.0,0.0,1.0,1.0,0.25,0.430677,4,1,,,,5639931|30948698|36616378|4543502|445151|32003395|602428696|602539003|602466926|602441427
q312,dev,v04,vague,rule:noisy,,0,,4,5,1.0,0.0,1.0,1.0,0.25,0.430677,4,1,,,,5639931|30948698|36616378|4543502|445151|32003395|602428696|602539003|602466926|602441427
q312,dev,v04,vague,rule:skip,,0,,4,5,1.0,0.0,1.0,1.0,0.25,0.430677,4,1,,,,5639931|30948698|36616378|4543502|445151|32003395|602428696|602539003|602466926|602441427
q312,dev,v04,vague,oracle:best,,0,,4,5,1.0,0.0,1.0,1.0,0.25,0.430677,4,1,,,,5639931|30948698|36616378|4543502|445151|32003395|602428696|602539003|602466926|602441427
q312,dev,v04,vague,flow:reject,,0,,4,5,1.0,0.0,1.0,1.0,0.25,0.430677,4,1,1,1,1,5639931|30948698|36616378|4543502|445151|32003395|602428696|602539003|602466926|602441427
q312,dev,v04,vague,flow:skip,,0,,4,5,1.0,0.0,1.0,1.0,0.25,0.430677,4,1,1,1,1,5639931|30948698|36616378|4543502|445151|32003395|602428696|602539003|602466926|602441427
q312,dev,v04,vague,flow:oracle,,0,,4,5,1.0,0.0,1.0,1.0,0.25,0.430677,4,1,1,1,1,5639931|30948698|36616378|4543502|445151|32003395|602428696|602539003|602466926|602441427
q312,dev,v04,vague,flow:noisy,,0,,4,5,1.0,0.0,1.0,1.0,0.25,0.430677,4,1,1,1,1,5639931|30948698|36616378|4543502|445151|32003395|602428696|602539003|602466926|602441427
q313,dev,v04,vague,initial,,1,,1,1,1.0,1.0,1.0,1.0,1.0,1.0,1,1,,,,31093710|601920911|33655994|602488511|602492500|602362082|602311490|33589260|430053|30287019
q313,dev,v04,vague,reject_only,,0,,1,1,1.0,1.0,1.0,1.0,1.0,1.0,1,1,,,,31093710|601920911|33655994|602488511|602492500|602362082|602311490|33589260|430053|30287019
q313,dev,v04,vague,reject_twice,,0,,1,1,1.0,1.0,1.0,1.0,1.0,1.0,1,1,,,,31093710|601920911|33655994|602488511|602492500|602362082|602311490|33589260|430053|30287019
q313,dev,v04,vague,skip,,0,,1,1,1.0,1.0,1.0,1.0,1.0,1.0,1,1,,,,31093710|601920911|33655994|602488511|602492500|602362082|602311490|33589260|430053|30287019
q313,dev,v04,vague,oracle:vocal_gender,,0,,1,1,1.0,1.0,1.0,1.0,1.0,1.0,1,1,,,,31093710|601920911|33655994|602488511|602492500|602362082|602311490|33589260|430053|30287019
q313,dev,v04,vague,oracle:type,,0,,1,1,1.0,1.0,1.0,1.0,1.0,1.0,1,1,,,,31093710|601920911|33655994|602488511|602492500|602362082|602311490|33589260|430053|30287019
q313,dev,v04,vague,oracle:genre,,0,,1,1,1.0,1.0,1.0,1.0,1.0,1.0,1,1,,,,31093710|601920911|33655994|602488511|602492500|602362082|602311490|33589260|430053|30287019
q313,dev,v04,vague,oracle:release_era,,0,,1,1,1.0,1.0,1.0,1.0,1.0,1.0,1,1,,,,31093710|601920911|33655994|602488511|602492500|602362082|602311490|33589260|430053|30287019
q313,dev,v04,vague,noisy:vocal_gender,,0,,1,1,1.0,1.0,1.0,1.0,1.0,1.0,1,1,,,,31093710|601920911|33655994|602488511|602492500|602362082|602311490|33589260|430053|30287019
q313,dev,v04,vague,noisy:type,,0,,1,1,1.0,1.0,1.0,1.0,1.0,1.0,1,1,,,,31093710|601920911|33655994|602488511|602492500|602362082|602311490|33589260|430053|30287019
q313,dev,v04,vague,noisy:genre,,0,,1,1,1.0,1.0,1.0,1.0,1.0,1.0,1,1,,,,31093710|601920911|33655994|602488511|602492500|602362082|602311490|33589260|430053|30287019
q313,dev,v04,vague,noisy:release_era,,0,,1,1,1.0,1.0,1.0,1.0,1.0,1.0,1,1,,,,31093710|601920911|33655994|602488511|602492500|602362082|602311490|33589260|430053|30287019
q313,dev,v04,vague,rule:oracle,,0,,1,1,1.0,1.0,1.0,1.0,1.0,1.0,1,1,,,,31093710|601920911|33655994|602488511|602492500|602362082|602311490|33589260|430053|30287019
q313,dev,v04,vague,rule:noisy,,0,,1,1,1.0,1.0,1.0,1.0,1.0,1.0,1,1,,,,31093710|601920911|33655994|602488511|602492500|602362082|602311490|33589260|430053|30287019
q313,dev,v04,vague,rule:skip,,0,,1,1,1.0,1.0,1.0,1.0,1.0,1.0,1,1,,,,31093710|601920911|33655994|602488511|602492500|602362082|602311490|33589260|430053|30287019
q313,dev,v04,vague,oracle:best,,0,,1,1,1.0,1.0,1.0,1.0,1.0,1.0,1,1,,,,31093710|601920911|33655994|602488511|602492500|602362082|602311490|33589260|430053|30287019
q313,dev,v04,vague,flow:reject,,0,,1,1,1.0,1.0,1.0,1.0,1.0,1.0,1,1,1,1,1,31093710|601920911|33655994|602488511|602492500|602362082|602311490|33589260|430053|30287019
q313,dev,v04,vague,flow:skip,,0,,1,1,1.0,1.0,1.0,1.0,1.0,1.0,1,1,1,1,1,31093710|601920911|33655994|602488511|602492500|602362082|602311490|33589260|430053|30287019
q313,dev,v04,vague,flow:oracle,,0,,1,1,1.0,1.0,1.0,1.0,1.0,1.0,1,1,1,1,1,31093710|601920911|33655994|602488511|602492500|602362082|602311490|33589260|430053|30287019
q313,dev,v04,vague,flow:noisy,,0,,1,1,1.0,1.0,1.0,1.0,1.0,1.0,1,1,1,1,1,31093710|601920911|33655994|602488511|602492500|602362082|602311490|33589260|430053|30287019
q314,dev,v04,vague,initial,,1,,1,1,1.0,1.0,1.0,1.0,1.0,1.0,1,1,,,,525682|3753303|602334340|24136|602389456|1589039|602398964|602479420|602334222|34451383
q314,dev,v04,vague,reject_only,,0,,1,1,1.0,1.0,1.0,1.0,1.0,1.0,1,1,,,,525682|3753303|602334340|24136|602389456|1589039|602398964|602479420|602334222|34451383
q314,dev,v04,vague,reject_twice,,0,,1,1,1.0,1.0,1.0,1.0,1.0,1.0,1,1,,,,525682|3753303|602334340|24136|602389456|1589039|602398964|602479420|602334222|34451383
q314,dev,v04,vague,skip,,0,,1,1,1.0,1.0,1.0,1.0,1.0,1.0,1,1,,,,525682|3753303|602334340|24136|602389456|1589039|602398964|602479420|602334222|34451383
q314,dev,v04,vague,oracle:vocal_gender,,0,,1,1,1.0,1.0,1.0,1.0,1.0,1.0,1,1,,,,525682|3753303|602334340|24136|602389456|1589039|602398964|602479420|602334222|34451383
q314,dev,v04,vague,oracle:type,,0,,1,1,1.0,1.0,1.0,1.0,1.0,1.0,1,1,,,,525682|3753303|602334340|24136|602389456|1589039|602398964|602479420|602334222|34451383
q314,dev,v04,vague,oracle:genre,,0,,1,1,1.0,1.0,1.0,1.0,1.0,1.0,1,1,,,,525682|3753303|602334340|24136|602389456|1589039|602398964|602479420|602334222|34451383
q314,dev,v04,vague,oracle:release_era,,0,,1,1,1.0,1.0,1.0,1.0,1.0,1.0,1,1,,,,525682|3753303|602334340|24136|602389456|1589039|602398964|602479420|602334222|34451383
q314,dev,v04,vague,noisy:vocal_gender,,0,,1,1,1.0,1.0,1.0,1.0,1.0,1.0,1,1,,,,525682|3753303|602334340|24136|602389456|1589039|602398964|602479420|602334222|34451383
q314,dev,v04,vague,noisy:type,,0,,1,1,1.0,1.0,1.0,1.0,1.0,1.0,1,1,,,,525682|3753303|602334340|24136|602389456|1589039|602398964|602479420|602334222|34451383
q314,dev,v04,vague,noisy:genre,,0,,1,1,1.0,1.0,1.0,1.0,1.0,1.0,1,1,,,,525682|3753303|602334340|24136|602389456|1589039|602398964|602479420|602334222|34451383
q314,dev,v04,vague,noisy:release_era,,0,,1,1,1.0,1.0,1.0,1.0,1.0,1.0,1,1,,,,525682|3753303|602334340|24136|602389456|1589039|602398964|602479420|602334222|34451383
q314,dev,v04,vague,rule:oracle,,0,,1,1,1.0,1.0,1.0,1.0,1.0,1.0,1,1,,,,525682|3753303|602334340|24136|602389456|1589039|602398964|602479420|602334222|34451383
q314,dev,v04,vague,rule:noisy,,0,,1,1,1.0,1.0,1.0,1.0,1.0,1.0,1,1,,,,525682|3753303|602334340|24136|602389456|1589039|602398964|602479420|602334222|34451383
q314,dev,v04,vague,rule:skip,,0,,1,1,1.0,1.0,1.0,1.0,1.0,1.0,1,1,,,,525682|3753303|602334340|24136|602389456|1589039|602398964|602479420|602334222|34451383
q314,dev,v04,vague,oracle:best,,0,,1,1,1.0,1.0,1.0,1.0,1.0,1.0,1,1,,,,525682|3753303|602334340|24136|602389456|1589039|602398964|602479420|602334222|34451383
q314,dev,v04,vague,flow:reject,,0,,1,1,1.0,1.0,1.0,1.0,1.0,1.0,1,1,1,1,1,525682|3753303|602334340|24136|602389456|1589039|602398964|602479420|602334222|34451383
q314,dev,v04,vague,flow:skip,,0,,1,1,1.0,1.0,1.0,1.0,1.0,1.0,1,1,1,1,1,525682|3753303|602334340|24136|602389456|1589039|602398964|602479420|602334222|34451383
q314,dev,v04,vague,flow:oracle,,0,,1,1,1.0,1.0,1.0,1.0,1.0,1.0,1,1,1,1,1,525682|3753303|602334340|24136|602389456|1589039|602398964|602479420|602334222|34451383
q314,dev,v04,vague,flow:noisy,,0,,1,1,1.0,1.0,1.0,1.0,1.0,1.0,1,1,1,1,1,525682|3753303|602334340|24136|602389456|1589039|602398964|602479420|602334222|34451383
q315,dev,v04,vague,initial,,1,,1,1,1.0,1.0,1.0,1.0,1.0,1.0,1,1,,,,7877917|31417871|2910952|32243273|2684461|1210836|8109412|503111|2803451|531840
q315,dev,v04,vague,reject_only,,0,,1,1,1.0,1.0,1.0,1.0,1.0,1.0,1,1,,,,7877917|31417871|2910952|32243273|2684461|1210836|8109412|503111|2803451|531840
q315,dev,v04,vague,reject_twice,,0,,1,1,1.0,1.0,1.0,1.0,1.0,1.0,1,1,,,,7877917|31417871|2910952|32243273|2684461|1210836|8109412|503111|2803451|531840
q315,dev,v04,vague,skip,,0,,1,1,1.0,1.0,1.0,1.0,1.0,1.0,1,1,,,,7877917|31417871|2910952|32243273|2684461|1210836|8109412|503111|2803451|531840
q315,dev,v04,vague,oracle:vocal_gender,,0,,1,1,1.0,1.0,1.0,1.0,1.0,1.0,1,1,,,,7877917|31417871|2910952|32243273|2684461|1210836|8109412|503111|2803451|531840
q315,dev,v04,vague,oracle:type,,0,,1,1,1.0,1.0,1.0,1.0,1.0,1.0,1,1,,,,7877917|31417871|2910952|32243273|2684461|1210836|8109412|503111|2803451|531840
q315,dev,v04,vague,oracle:genre,,0,,1,1,1.0,1.0,1.0,1.0,1.0,1.0,1,1,,,,7877917|31417871|2910952|32243273|2684461|1210836|8109412|503111|2803451|531840
q315,dev,v04,vague,oracle:release_era,,0,,1,1,1.0,1.0,1.0,1.0,1.0,1.0,1,1,,,,7877917|31417871|2910952|32243273|2684461|1210836|8109412|503111|2803451|531840
q315,dev,v04,vague,noisy:vocal_gender,,0,,1,1,1.0,1.0,1.0,1.0,1.0,1.0,1,1,,,,7877917|31417871|2910952|32243273|2684461|1210836|8109412|503111|2803451|531840
q315,dev,v04,vague,noisy:type,,0,,1,1,1.0,1.0,1.0,1.0,1.0,1.0,1,1,,,,7877917|31417871|2910952|32243273|2684461|1210836|8109412|503111|2803451|531840
q315,dev,v04,vague,noisy:genre,,0,,1,1,1.0,1.0,1.0,1.0,1.0,1.0,1,1,,,,7877917|31417871|2910952|32243273|2684461|1210836|8109412|503111|2803451|531840
q315,dev,v04,vague,noisy:release_era,,0,,1,1,1.0,1.0,1.0,1.0,1.0,1.0,1,1,,,,7877917|31417871|2910952|32243273|2684461|1210836|8109412|503111|2803451|531840
q315,dev,v04,vague,rule:oracle,,0,,1,1,1.0,1.0,1.0,1.0,1.0,1.0,1,1,,,,7877917|31417871|2910952|32243273|2684461|1210836|8109412|503111|2803451|531840
q315,dev,v04,vague,rule:noisy,,0,,1,1,1.0,1.0,1.0,1.0,1.0,1.0,1,1,,,,7877917|31417871|2910952|32243273|2684461|1210836|8109412|503111|2803451|531840
q315,dev,v04,vague,rule:skip,,0,,1,1,1.0,1.0,1.0,1.0,1.0,1.0,1,1,,,,7877917|31417871|2910952|32243273|2684461|1210836|8109412|503111|2803451|531840
q315,dev,v04,vague,oracle:best,,0,,1,1,1.0,1.0,1.0,1.0,1.0,1.0,1,1,,,,7877917|31417871|2910952|32243273|2684461|1210836|8109412|503111|2803451|531840
q315,dev,v04,vague,flow:reject,,0,,1,1,1.0,1.0,1.0,1.0,1.0,1.0,1,1,1,1,1,7877917|31417871|2910952|32243273|2684461|1210836|8109412|503111|2803451|531840
q315,dev,v04,vague,flow:skip,,0,,1,1,1.0,1.0,1.0,1.0,1.0,1.0,1,1,1,1,1,7877917|31417871|2910952|32243273|2684461|1210836|8109412|503111|2803451|531840
q315,dev,v04,vague,flow:oracle,,0,,1,1,1.0,1.0,1.0,1.0,1.0,1.0,1,1,1,1,1,7877917|31417871|2910952|32243273|2684461|1210836|8109412|503111|2803451|531840
q315,dev,v04,vague,flow:noisy,,0,,1,1,1.0,1.0,1.0,1.0,1.0,1.0,1,1,1,1,1,7877917|31417871|2910952|32243273|2684461|1210836|8109412|503111|2803451|531840
q316,dev,v04,misinformation,initial,,1,,5,8,1.0,0.0,1.0,1.0,0.2,0.386853,5,1,,,,602334524|8109412|454839|602195311|7877917|602102412|601971707|1210836|2684461|2910952
q316,dev,v04,misinformation,reject_only,,0,,5,8,1.0,0.0,1.0,1.0,0.2,0.386853,5,1,,,,602334524|8109412|454839|602195311|7877917|602102412|601971707|1210836|2684461|2910952
q316,dev,v04,misinformation,reject_twice,,0,,5,8,1.0,0.0,1.0,1.0,0.2,0.386853,5,1,,,,602334524|8109412|454839|602195311|7877917|602102412|601971707|1210836|2684461|2910952
q316,dev,v04,misinformation,skip,,0,,5,8,1.0,0.0,1.0,1.0,0.2,0.386853,5,1,,,,602334524|8109412|454839|602195311|7877917|602102412|601971707|1210836|2684461|2910952
q316,dev,v04,misinformation,oracle:vocal_gender,,0,,5,8,1.0,0.0,1.0,1.0,0.2,0.386853,5,1,,,,602334524|8109412|454839|602195311|7877917|602102412|601971707|1210836|2684461|2910952
q316,dev,v04,misinformation,oracle:type,,0,,5,8,1.0,0.0,1.0,1.0,0.2,0.386853,5,1,,,,602334524|8109412|454839|602195311|7877917|602102412|601971707|1210836|2684461|2910952
q316,dev,v04,misinformation,oracle:genre,,0,,5,8,1.0,0.0,1.0,1.0,0.2,0.386853,5,1,,,,602334524|8109412|454839|602195311|7877917|602102412|601971707|1210836|2684461|2910952
q316,dev,v04,misinformation,oracle:release_era,,0,,5,8,1.0,0.0,1.0,1.0,0.2,0.386853,5,1,,,,602334524|8109412|454839|602195311|7877917|602102412|601971707|1210836|2684461|2910952
q316,dev,v04,misinformation,noisy:vocal_gender,,0,,5,8,1.0,0.0,1.0,1.0,0.2,0.386853,5,1,,,,602334524|8109412|454839|602195311|7877917|602102412|601971707|1210836|2684461|2910952
q316,dev,v04,misinformation,noisy:type,,0,,5,8,1.0,0.0,1.0,1.0,0.2,0.386853,5,1,,,,602334524|8109412|454839|602195311|7877917|602102412|601971707|1210836|2684461|2910952
q316,dev,v04,misinformation,noisy:genre,,0,,5,8,1.0,0.0,1.0,1.0,0.2,0.386853,5,1,,,,602334524|8109412|454839|602195311|7877917|602102412|601971707|1210836|2684461|2910952
q316,dev,v04,misinformation,noisy:release_era,,0,,5,8,1.0,0.0,1.0,1.0,0.2,0.386853,5,1,,,,602334524|8109412|454839|602195311|7877917|602102412|601971707|1210836|2684461|2910952
q316,dev,v04,misinformation,rule:oracle,,0,,5,8,1.0,0.0,1.0,1.0,0.2,0.386853,5,1,,,,602334524|8109412|454839|602195311|7877917|602102412|601971707|1210836|2684461|2910952
q316,dev,v04,misinformation,rule:noisy,,0,,5,8,1.0,0.0,1.0,1.0,0.2,0.386853,5,1,,,,602334524|8109412|454839|602195311|7877917|602102412|601971707|1210836|2684461|2910952
q316,dev,v04,misinformation,rule:skip,,0,,5,8,1.0,0.0,1.0,1.0,0.2,0.386853,5,1,,,,602334524|8109412|454839|602195311|7877917|602102412|601971707|1210836|2684461|2910952
q316,dev,v04,misinformation,oracle:best,,0,,5,8,1.0,0.0,1.0,1.0,0.2,0.386853,5,1,,,,602334524|8109412|454839|602195311|7877917|602102412|601971707|1210836|2684461|2910952
q316,dev,v04,misinformation,flow:reject,,0,,5,8,1.0,0.0,1.0,1.0,0.2,0.386853,5,1,1,1,1,602334524|8109412|454839|602195311|7877917|602102412|601971707|1210836|2684461|2910952
q316,dev,v04,misinformation,flow:skip,,0,,5,8,1.0,0.0,1.0,1.0,0.2,0.386853,5,1,1,1,1,602334524|8109412|454839|602195311|7877917|602102412|601971707|1210836|2684461|2910952
q316,dev,v04,misinformation,flow:oracle,,0,,5,8,1.0,0.0,1.0,1.0,0.2,0.386853,5,1,1,1,1,602334524|8109412|454839|602195311|7877917|602102412|601971707|1210836|2684461|2910952
q316,dev,v04,misinformation,flow:noisy,,0,,5,8,1.0,0.0,1.0,1.0,0.2,0.386853,5,1,1,1,1,602334524|8109412|454839|602195311|7877917|602102412|601971707|1210836|2684461|2910952
q318,dev,v04,baseline,initial,,1,,1,1,1.0,1.0,1.0,1.0,1.0,1.0,1,1,,,,1592995|34819473|4711065|34270805|2425271|602102462|31161280|35504734|2093360|602137434
q318,dev,v04,baseline,reject_only,,0,,1,1,1.0,1.0,1.0,1.0,1.0,1.0,1,1,,,,1592995|34819473|4711065|34270805|2425271|602102462|31161280|35504734|2093360|602137434
q318,dev,v04,baseline,reject_twice,,0,,1,1,1.0,1.0,1.0,1.0,1.0,1.0,1,1,,,,1592995|34819473|4711065|34270805|2425271|602102462|31161280|35504734|2093360|602137434
q318,dev,v04,baseline,skip,,0,,1,1,1.0,1.0,1.0,1.0,1.0,1.0,1,1,,,,1592995|34819473|4711065|34270805|2425271|602102462|31161280|35504734|2093360|602137434
q318,dev,v04,baseline,oracle:vocal_gender,,0,,1,1,1.0,1.0,1.0,1.0,1.0,1.0,1,1,,,,1592995|34819473|4711065|34270805|2425271|602102462|31161280|35504734|2093360|602137434
q318,dev,v04,baseline,oracle:type,,0,,1,1,1.0,1.0,1.0,1.0,1.0,1.0,1,1,,,,1592995|34819473|4711065|34270805|2425271|602102462|31161280|35504734|2093360|602137434
q318,dev,v04,baseline,oracle:genre,,0,,1,1,1.0,1.0,1.0,1.0,1.0,1.0,1,1,,,,1592995|34819473|4711065|34270805|2425271|602102462|31161280|35504734|2093360|602137434
q318,dev,v04,baseline,oracle:release_era,,0,,1,1,1.0,1.0,1.0,1.0,1.0,1.0,1,1,,,,1592995|34819473|4711065|34270805|2425271|602102462|31161280|35504734|2093360|602137434
q318,dev,v04,baseline,noisy:vocal_gender,,0,,1,1,1.0,1.0,1.0,1.0,1.0,1.0,1,1,,,,1592995|34819473|4711065|34270805|2425271|602102462|31161280|35504734|2093360|602137434
q318,dev,v04,baseline,noisy:type,,0,,1,1,1.0,1.0,1.0,1.0,1.0,1.0,1,1,,,,1592995|34819473|4711065|34270805|2425271|602102462|31161280|35504734|2093360|602137434
q318,dev,v04,baseline,noisy:genre,,0,,1,1,1.0,1.0,1.0,1.0,1.0,1.0,1,1,,,,1592995|34819473|4711065|34270805|2425271|602102462|31161280|35504734|2093360|602137434
q318,dev,v04,baseline,noisy:release_era,,0,,1,1,1.0,1.0,1.0,1.0,1.0,1.0,1,1,,,,1592995|34819473|4711065|34270805|2425271|602102462|31161280|35504734|2093360|602137434
q318,dev,v04,baseline,rule:oracle,,0,,1,1,1.0,1.0,1.0,1.0,1.0,1.0,1,1,,,,1592995|34819473|4711065|34270805|2425271|602102462|31161280|35504734|2093360|602137434
q318,dev,v04,baseline,rule:noisy,,0,,1,1,1.0,1.0,1.0,1.0,1.0,1.0,1,1,,,,1592995|34819473|4711065|34270805|2425271|602102462|31161280|35504734|2093360|602137434
q318,dev,v04,baseline,rule:skip,,0,,1,1,1.0,1.0,1.0,1.0,1.0,1.0,1,1,,,,1592995|34819473|4711065|34270805|2425271|602102462|31161280|35504734|2093360|602137434
q318,dev,v04,baseline,oracle:best,,0,,1,1,1.0,1.0,1.0,1.0,1.0,1.0,1,1,,,,1592995|34819473|4711065|34270805|2425271|602102462|31161280|35504734|2093360|602137434
q318,dev,v04,baseline,flow:reject,,0,,1,1,1.0,1.0,1.0,1.0,1.0,1.0,1,1,1,1,1,1592995|34819473|4711065|34270805|2425271|602102462|31161280|35504734|2093360|602137434
q318,dev,v04,baseline,flow:skip,,0,,1,1,1.0,1.0,1.0,1.0,1.0,1.0,1,1,1,1,1,1592995|34819473|4711065|34270805|2425271|602102462|31161280|35504734|2093360|602137434
q318,dev,v04,baseline,flow:oracle,,0,,1,1,1.0,1.0,1.0,1.0,1.0,1.0,1,1,1,1,1,1592995|34819473|4711065|34270805|2425271|602102462|31161280|35504734|2093360|602137434
q318,dev,v04,baseline,flow:noisy,,0,,1,1,1.0,1.0,1.0,1.0,1.0,1.0,1,1,1,1,1,1592995|34819473|4711065|34270805|2425271|602102462|31161280|35504734|2093360|602137434
