query_id,split,tier,policy,target_id,turn,slot,answer_kind,answer_value,options,rejected,rank,candidate_rank@30,relaxed_rank,shown_ids,candidate_ids
c601,dev,vague,flow:reject,3853978,1,,,,,0,,16,3,3467467|2352749|4085875|4382254|601890440|536317|417893|431287|602560824|317997,3467467|2352749|4085875|4382254|601890440|536317|417893|431287|602560824|317997|5826461|1284780|32313543|317670|8252409|3853978|602399617|1807098|3663978|985785|3395649|2587788|4400561|1566277|33464805|602554113|1288745|4148967|5748499|529013
c601,dev,vague,flow:reject,3853978,2,,none,,,10,,11,,2626611|1210836|1921365|9647324|1322134|5826461|1284780|32313543|317670|8252409,2626611|1210836|1921365|9647324|1322134|5826461|1284780|32313543|317670|8252409|3853978|602399617|5470838|602047169|1807098|3663978|985785|3395649|2587788|4400561|1566277|33464805|602554113|1288745|4148967|5748499|3893934|1927248|2271648|529013
c601,dev,vague,flow:reject,3853978,3,,none,,,20,4,4,4,2165864|3666277|3928713|3853978|602399617|5470838|602047169|622649|1807098|3663978,2165864|3666277|3928713|3853978|602399617|5470838|602047169|622649|1807098|3663978|985785|3395649|2587788|4400561|1566277|33464805|602554113|1288745|4148967|5748499|3893934|1927248|2271648|4503810|31098083|3089448|602540011|3352959|529013|34883833
c601,dev,vague,flow:skip,3853978,1,,,,,0,,16,3,3467467|2352749|4085875|4382254|601890440|536317|417893|431287|602560824|317997,3467467|2352749|4085875|4382254|601890440|536317|417893|431287|602560824|317997|5826461|1284780|32313543|317670|8252409|3853978|602399617|1807098|3663978|985785|3395649|2587788|4400561|1566277|33464805|602554113|1288745|4148967|5748499|529013
c601,dev,vague,flow:skip,3853978,2,vocal_gender,skip,,여성:13|남성:5|혼성:2,10,,11,,2626611|1210836|1921365|9647324|1322134|5826461|1284780|32313543|317670|8252409,2626611|1210836|1921365|9647324|1322134|5826461|1284780|32313543|317670|8252409|3853978|602399617|5470838|602047169|1807098|3663978|985785|3395649|2587788|4400561|1566277|33464805|602554113|1288745|4148967|5748499|3893934|1927248|2271648|529013
c601,dev,vague,flow:skip,3853978,3,genre,skip,,댄스:15|랩/힙합:4|발라드:1,20,4,4,4,2165864|3666277|3928713|3853978|602399617|5470838|602047169|622649|1807098|3663978,2165864|3666277|3928713|3853978|602399617|5470838|602047169|622649|1807098|3663978|985785|3395649|2587788|4400561|1566277|33464805|602554113|1288745|4148967|5748499|3893934|1927248|2271648|4503810|31098083|3089448|602540011|3352959|529013|34883833
c601,dev,vague,flow:oracle,3853978,1,,,,,0,,16,3,3467467|2352749|4085875|4382254|601890440|536317|417893|431287|602560824|317997,3467467|2352749|4085875|4382254|601890440|536317|417893|431287|602560824|317997|5826461|1284780|32313543|317670|8252409|3853978|602399617|1807098|3663978|985785|3395649|2587788|4400561|1566277|33464805|602554113|1288745|4148967|5748499|529013
c601,dev,vague,flow:oracle,3853978,2,vocal_gender,oracle,남성,여성:13|남성:5|혼성:2,10,9,9,9,2626611|1210836|1921365|9647324|1322134|32313543|317670|8252409|3853978|602399617,2626611|1210836|1921365|9647324|1322134|32313543|317670|8252409|3853978|602399617|5470838|602047169|5826461|1284780|1807098|3663978|985785|3395649|2587788|4400561|1566277|33464805|602554113|1288745|4148967|5748499|3893934|1927248|2271648|529013
c601,dev,vague,flow:noisy,3853978,1,,,,,0,,16,3,3467467|2352749|4085875|4382254|601890440|536317|417893|431287|602560824|317997,3467467|2352749|4085875|4382254|601890440|536317|417893|431287|602560824|317997|5826461|1284780|32313543|317670|8252409|3853978|602399617|1807098|3663978|985785|3395649|2587788|4400561|1566277|33464805|602554113|1288745|4148967|5748499|529013
c601,dev,vague,flow:noisy,3853978,2,vocal_gender,noisy,여성,여성:13|남성:5|혼성:2,10,,27,,1807098|3663978|985785|3395649|2587788|4400561|1566277|33464805|602554113|1288745,1807098|3663978|985785|3395649|2587788|4400561|1566277|33464805|602554113|1288745|4148967|5748499|3893934|1927248|2271648|529013|2626611|1210836|1921365|9647324|1322134|5826461|1284780|32313543|317670|8252409|3853978|602399617|5470838|602047169
c601,dev,vague,flow:noisy,3853978,3,genre,noisy,댄스,댄스:12|랩/힙합:7|발라드:1,20,,26,,4148967|5748499|3893934|1927248|2271648|4503810|31098083|3089448|602540011|3352959,4148967|5748499|3893934|1927248|2271648|4503810|31098083|3089448|602540011|3352959|2626611|1210836|1921365|9647324|1322134|2165864|3666277|3928713|5826461|1284780|529013|34883833|32313543|317670|8252409|3853978|602399617|5470838|602047169|622649
c602,dev,vague,flow:reject,4854588,1,,,,,0,,24,,845580|1903050|602333678|30566061|602468073|602265790|602508879|602323969|106465|602359050,845580|1903050|602333678|30566061|602468073|602265790|602508879|602323969|106465|602359050|33077590|602058264|494792|5835766|522845|5616999|5807273|602414481|602051216|602057372|602509571|602057583|602113331|4854588|8308231|5815785|602734063|602301996|35640077|8261338
c602,dev,vague,flow:reject,4854588,2,,none,,,10,,14,,33077590|602058264|494792|5835766|522845|5616999|5807273|602414481|602051216|602057372,33077590|602058264|494792|5835766|522845|5616999|5807273|602414481|602051216|602057372|602509571|602057583|602113331|4854588|8308231|5815785|602734063|602301996|35640077|8261338|30566064|35595136|602059390|34298499|1933313|602538539|5372667|90105|32646938|602137432
c602,dev,vague,flow:reject,4854588,3,,none,,,20,4,4,4,602509571|602057583|602113331|4854588|8308231|5815785|602734063|602301996|35640077|8261338,602509571|602057583|602113331|4854588|8308231|5815785|602734063|602301996|35640077|8261338|30566064|35595136|602059390|34298499|1933313|602538539|5372667|90105|32646938|602137432|314220|602469840|34754299|602142812|1414764|32224271|602540613|602276747|2930969|1123711
c602,dev,vague,flow:skip,4854588,1,,,,,0,,24,,845580|1903050|602333678|30566061|602468073|602265790|602508879|602323969|106465|602359050,845580|1903050|602333678|30566061|602468073|602265790|602508879|602323969|106465|602359050|33077590|602058264|494792|5835766|522845|5616999|5807273|602414481|602051216|602057372|602509571|602057583|602113331|4854588|8308231|5815785|602734063|602301996|35640077|8261338
c602,dev,vague,flow:skip,4854588,2,vocal_gender,skip,,남성:17|혼성:2|여성:1,10,,14,,33077590|602058264|494792|5835766|522845|5616999|5807273|602414481|602051216|602057372,33077590|602058264|494792|5835766|522845|5616999|5807273|602414481|602051216|602057372|602509571|602057583|602113331|4854588|8308231|5815785|602734063|602301996|35640077|8261338|30566064|35595136|602059390|34298499|1933313|602538539|5372667|90105|32646938|602137432
c602,dev,vague,flow:skip,4854588,3,,none,,,20,4,4,4,602509571|602057583|602113331|4854588|8308231|5815785|602734063|602301996|35640077|8261338,602509571|602057583|602113331|4854588|8308231|5815785|602734063|602301996|35640077|8261338|30566064|35595136|602059390|34298499|1933313|602538539|5372667|90105|32646938|602137432|314220|602469840|34754299|602142812|1414764|32224271|602540613|602276747|2930969|1123711
c602,dev,vague,flow:oracle,4854588,1,,,,,0,,24,,845580|1903050|602333678|30566061|602468073|602265790|602508879|602323969|106465|602359050,845580|1903050|602333678|30566061|602468073|602265790|602508879|602323969|106465|602359050|33077590|602058264|494792|5835766|522845|5616999|5807273|602414481|602051216|602057372|602509571|602057583|602113331|4854588|8308231|5815785|602734063|602301996|35640077|8261338
c602,dev,vague,flow:oracle,4854588,2,vocal_gender,oracle,남성,남성:17|혼성:2|여성:1,10,,12,,602058264|494792|5835766|522845|5807273|602414481|602051216|602057372|602509571|602057583,602058264|494792|5835766|522845|5807273|602414481|602051216|602057372|602509571|602057583|602113331|4854588|8308231|5815785|602734063|602301996|8261338|30566064|35595136|602059390|34298499|1933313|602538539|5372667|90105|32646938|602137432|33077590|5616999|35640077
c602,dev,vague,flow:oracle,4854588,3,,none,,,20,2,2,2,602113331|4854588|5815785|8308231|602734063|602301996|8261338|30566064|35595136|602059390,602113331|4854588|8308231|5815785|602734063|602301996|8261338|30566064|35595136|602059390|34298499|1933313|602538539|5372667|90105|32646938|602137432|314220|602469840|602142812|1414764|32224271|602540613|602276747|1123711|33077590|5616999|35640077|34754299|2930969
c602,dev,vague,flow:noisy,4854588,1,,,,,0,,24,,845580|1903050|602333678|30566061|602468073|602265790|602508879|602323969|106465|602359050,845580|1903050|602333678|30566061|602468073|602265790|602508879|602323969|106465|602359050|33077590|602058264|494792|5835766|522845|5616999|5807273|602414481|602051216|602057372|602509571|602057583|602113331|4854588|8308231|5815785|602734063|602301996|35640077|8261338
c602,dev,vague,flow:noisy,4854588,2,vocal_gender,noisy,여성,남성:17|혼성:2|여성:1,10,,15,,35640077|33077590|602058264|494792|5835766|522845|5616999|5807273|602414481|602051216,35640077|33077590|602058264|494792|5835766|522845|5616999|5807273|602414481|602051216|602057372|602509571|602057583|602113331|4854588|8308231|5815785|602734063|602301996|8261338|30566064|35595136|602059390|34298499|1933313|602538539|5372667|90105|32646938|602137432
c602,dev,vague,flow:noisy,4854588,3,,none,,,20,7,7,7,34754299|2930969|602057372|602509571|602057583|602113331|4854588|8308231|5815785|602734063,34754299|2930969|602057372|602509571|602057583|602113331|4854588|8308231|5815785|602734063|602301996|8261338|30566064|35595136|602059390|34298499|1933313|602538539|5372667|90105|32646938|602137432|314220|602469840|602142812|1414764|32224271|602540613|602276747|1123711
c603,dev,vague,flow:reject,2967751,1,,,,,0,,,2,106215|3411851|2336218|33691794|529685|602376988|104372|3337773|1563629|31406357,106215|3411851|2336218|33691794|529685|602376988|104372|3337773|1563629|31406357|485716|37069064|105714|3485088|28132|32034629|3928194|36062335|482521|3170749|1416893|1068643|1110715|1379738|2759248|3534941|33510307|4300699|602068294|32397381
c603,dev,vague,flow:reject,2967751,2,,none,,,10,,22,,485716|37069064|105714|3485088|28132|32034629|3928194|36062335|482521|3170749,485716|37069064|105714|3485088|28132|32034629|3928194|36062335|482521|3170749|1416893|1068643|1110715|1379738|2759248|3534941|33510307|4300699|602068294|32397381|32491274|2967751|37023625|1592906|34657844|2566853|62303|34431086|317991|35920493
c603,dev,vague,flow:reject,2967751,3,,none,,,20,,12,,1416893|1068643|1110715|1379738|2759248|3534941|33510307|4300699|602068294|32397381,1416893|1068643|1110715|1379738|2759248|3534941|33510307|4300699|602068294|32397381|32491274|2967751|37023625|1592906|34657844|2566853|62303|34431086|317991|445159|30120986|35890454|1849804|602311551|35834583|1657448|2549956|602378261|602440147|35920493
c603,dev,vague,flow:skip,2967751,1,,,,,0,,,2,106215|3411851|2336218|33691794|529685|602376988|104372|3337773|1563629|31406357,106215|3411851|2336218|33691794|529685|602376988|104372|3337773|1563629|31406357|485716|37069064|105714|3485088|28132|32034629|3928194|36062335|482521|3170749|1416893|1068643|1110715|1379738|2759248|3534941|33510307|4300699|602068294|32397381
c603,dev,vague,flow:skip,2967751,2,genre,skip,,발라드:12|랩/힙합:3|R&B/Soul:2|댄스:2|성인가요/트로트:1,10,,22,,485716|37069064|105714|3485088|28132|32034629|3928194|36062335|482521|3170749,485716|37069064|105714|3485088|28132|32034629|3928194|36062335|482521|3170749|1416893|1068643|1110715|1379738|2759248|3534941|33510307|4300699|602068294|32397381|32491274|2967751|37023625|1592906|34657844|2566853|62303|34431086|317991|35920493
c603,dev,vague,flow:skip,2967751,3,,none,,,20,,12,,1416893|1068643|1110715|1379738|2759248|3534941|33510307|4300699|602068294|32397381,1416893|1068643|1110715|1379738|2759248|3534941|33510307|4300699|602068294|32397381|32491274|2967751|37023625|1592906|34657844|2566853|62303|34431086|317991|445159|30120986|35890454|1849804|602311551|35834583|1657448|2549956|602378261|602440147|35920493
c603,dev,vague,flow:oracle,2967751,1,,,,,0,,,2,106215|3411851|2336218|33691794|529685|602376988|104372|3337773|1563629|31406357,106215|3411851|2336218|33691794|529685|602376988|104372|3337773|1563629|31406357|485716|37069064|105714|3485088|28132|32034629|3928194|36062335|482521|3170749|1416893|1068643|1110715|1379738|2759248|3534941|33510307|4300699|602068294|32397381
c603,dev,vague,flow:oracle,2967751,2,genre,skip,,발라드:12|랩/힙합:3|R&B/Soul:2|댄스:2|성인가요/트로트:1,10,,22,,485716|37069064|105714|3485088|28132|32034629|3928194|36062335|482521|3170749,485716|37069064|105714|3485088|28132|32034629|3928194|36062335|482521|3170749|1416893|1068643|1110715|1379738|2759248|3534941|33510307|4300699|602068294|32397381|32491274|2967751|37023625|1592906|34657844|2566853|62303|34431086|317991|35920493
c603,dev,vague,flow:oracle,2967751,3,,none,,,20,,12,,1416893|1068643|1110715|1379738|2759248|3534941|33510307|4300699|602068294|32397381,1416893|1068643|1110715|1379738|2759248|3534941|33510307|4300699|602068294|32397381|32491274|2967751|37023625|1592906|34657844|2566853|62303|34431086|317991|445159|30120986|35890454|1849804|602311551|35834583|1657448|2549956|602378261|602440147|35920493
c603,dev,vague,flow:noisy,2967751,1,,,,,0,,,2,106215|3411851|2336218|33691794|529685|602376988|104372|3337773|1563629|31406357,106215|3411851|2336218|33691794|529685|602376988|104372|3337773|1563629|31406357|485716|37069064|105714|3485088|28132|32034629|3928194|36062335|482521|3170749|1416893|1068643|1110715|1379738|2759248|3534941|33510307|4300699|602068294|32397381
c603,dev,vague,flow:noisy,2967751,2,genre,noisy,발라드,발라드:12|랩/힙합:3|R&B/Soul:2|댄스:2|성인가요/트로트:1,10,,28,,37069064|3485088|28132|32034629|3928194|36062335|482521|1416893|1110715|1379738,37069064|3485088|28132|32034629|3928194|36062335|482521|1416893|1110715|1379738|2759248|4300699|32491274|37023625|1592906|34657844|2566853|34431086|35920493|485716|105714|3170749|1068643|3534941|33510307|602068294|32397381|2967751|62303|317991
c603,dev,vague,flow:noisy,2967751,3,,none,,,20,,26,,2759248|4300699|32491274|37023625|1592906|34657844|2566853|34431086|445159|30120986,2759248|4300699|32491274|37023625|1592906|34657844|2566853|34431086|445159|30120986|35890454|602311551|1657448|2549956|602378261|602440147|35920493|485716|105714|3170749|1068643|3534941|33510307|602068294|32397381|2967751|62303|317991|1849804|35834583
c607,dev,vague,flow:reject,7921208,1,,,,,0,,22,,2226049|686651|602438295|531748|1839831|32646766|5668985|1196848|2097848|4252726,2226049|686651|602438295|531748|1839831|32646766|5668985|1196848|2097848|4252726|602142810|91846|8122589|7985298|602511257|4262073|37064763|34373632|8053157|7942948|4300699|7921208|36394038|27600|602388490|8100402|667278|1836107|32377231|62619
c607,dev,vague,flow:reject,7921208,2,,none,,,10,,12,,602142810|91846|8122589|7985298|602511257|4262073|37064763|34373632|8053157|7942948,602142810|91846|8122589|7985298|602511257|4262073|37064763|34373632|8053157|7942948|4300699|7921208|36394038|4646573|27600|602388490|8100402|2170750|667278|1836107|32377231|62619|34399272|2017349|8071102|1667441|9611490|518619|926191|32378104
c607,dev,vague,flow:reject,7921208,3,,none,,,20,2,2,2,4300699|7921208|36394038|4646573|27600|602388490|8100402|2170750|667278|1836107,4300699|7921208|36394038|4646573|27600|602388490|8100402|2170750|667278|1836107|32377231|3655080|62619|34399272|2017349|8071102|1667441|9611490|518619|926191|32378104|30859584|5518915|5684791|34701816|4843704|31967064|665221|32508146|4388702
c607,dev,vague,flow:skip,7921208,1,,,,,0,,22,,2226049|686651|602438295|531748|1839831|32646766|5668985|1196848|2097848|4252726,2226049|686651|602438295|531748|1839831|32646766|5668985|1196848|2097848|4252726|602142810|91846|8122589|7985298|602511257|4262073|37064763|34373632|8053157|7942948|4300699|7921208|36394038|27600|602388490|8100402|667278|1836107|32377231|62619
c607,dev,vague,flow:skip,7921208,2,vocal_gender,skip,,남성:15|여성:4|혼성:1,10,,12,,602142810|91846|8122589|7985298|602511257|4262073|37064763|34373632|8053157|7942948,602142810|91846|8122589|7985298|602511257|4262073|37064763|34373632|8053157|7942948|4300699|7921208|36394038|4646573|27600|602388490|8100402|2170750|667278|1836107|32377231|62619|34399272|2017349|8071102|1667441|9611490|518619|926191|32378104
c607,dev,vague,flow:skip,7921208,3,genre,skip,,발라드:15|랩/힙합:2|국내드라마:1|록/메탈:1|R&B/Soul:1,20,2,2,2,4300699|7921208|36394038|4646573|27600|602388490|8100402|2170750|667278|1836107,4300699|7921208|36394038|4646573|27600|602388490|8100402|2170750|667278|1836107|32377231|3655080|62619|34399272|2017349|8071102|1667441|9611490|518619|926191|32378104|30859584|5518915|5684791|34701816|4843704|31967064|665221|32508146|4388702
c607,dev,vague,flow:oracle,7921208,1,,,,,0,,22,,2226049|686651|602438295|531748|1839831|32646766|5668985|1196848|2097848|4252726,2226049|686651|602438295|531748|1839831|32646766|5668985|1196848|2097848|4252726|602142810|91846|8122589|7985298|602511257|4262073|37064763|34373632|8053157|7942948|4300699|7921208|36394038|27600|602388490|8100402|667278|1836107|32377231|62619
c607,dev,vague,flow:oracle,7921208,2,vocal_gender,oracle,남성,남성:15|여성:4|혼성:1,10,9,9,9,602142810|91846|7985298|8122589|602511257|34373632|7942948|4300699|7921208|36394038,602142810|91846|8122589|7985298|602511257|34373632|7942948|4300699|7921208|36394038|27600|602388490|2170750|1836107|32377231|62619|2017349|1667441|9611490|926191|4262073|37064763|8053157|4646573|8100402|667278|34399272|8071102|518619|32378104
c607,dev,vague,flow:noisy,7921208,1,,,,,0,,22,,2226049|686651|602438295|531748|1839831|32646766|5668985|1196848|2097848|4252726,2226049|686651|602438295|531748|1839831|32646766|5668985|1196848|2097848|4252726|602142810|91846|8122589|7985298|602511257|4262073|37064763|34373632|8053157|7942948|4300699|7921208|36394038|27600|602388490|8100402|667278|1836107|32377231|62619
c607,dev,vague,flow:noisy,7921208,2,vocal_gender,noisy,여성,남성:15|여성:4|혼성:1,10,,16,,4262073|37064763|8053157|667278|34399272|8071102|32378104|602142810|91846|8122589,4262073|37064763|8053157|667278|34399272|8071102|32378104|602142810|91846|8122589|7985298|602511257|34373632|7942948|4300699|7921208|36394038|4646573|27600|602388490|8100402|2170750|1836107|32377231|62619|2017349|1667441|9611490|518619|926191
c607,dev,vague,flow:noisy,7921208,3,genre,noisy,랩/힙합,발라드:15|랩/힙합:2|국내드라마:1|록/메탈:1|R&B/Soul:1,20,,12,,8100402|518619|30859584|34701816|4843704|31967064|7985298|602511257|34373632|7942948,8100402|518619|30859584|34701816|4843704|31967064|7985298|602511257|34373632|7942948|4300699|7921208|36394038|4646573|27600|602388490|2170750|1836107|32377231|3655080|62619|2017349|1667441|9611490|926191|5518915|5684791|665221|32508146|4388702
c701,dev,misinformation,flow:reject,4412196,1,,,,,0,,,,523274|7942948|4038857|4446485|622912|32323639|4388702|5684791|30178900|2759248,4038857|7942948|523274|622912|4446485|32323639|4388702|5684791|30178900|2759248|30877002|686637|1459456|89806|3052054|1190874|2627950|36394038|33618864|30157753|32311870|4044859|30190630|4056159|30177818|3018898|1798588|4375626|31983112|32378104
c701,dev,misinformation,flow:reject,4412196,2,,none,,,10,,28,,89806|2627950|30877002|1459456|686637|3052054|32364000|602427189|602334315|1190874,30877002|2627950|686637|1459456|89806|3052054|32364000|602427189|602334315|1190874|30169383|1116679|425634|36394038|33618864|30157753|1521142|32311870|4044859|30190630|4056159|30177818|3018898|1798588|4375626|31983112|32378104|4412196|2319548|4092790
c701,dev,misinformation,flow:reject,4412196,3,,none,,,20,,25,,33618864|30169383|36394038|425634|1116679|31984204|36382580|848156|30157753|1521142,33618864|36394038|30169383|1116679|425634|31984204|36382580|848156|30157753|1521142|432357|623902|1540132|30132687|32311870|4044859|30190630|4056159|30177818|3018898|1798588|4375626|31983112|32378104|4412196|2319548|4092790|31938460|1032760|667278
c701,dev,misinformation,flow:skip,4412196,1,,,,,0,,,,523274|7942948|4038857|4446485|622912|32323639|4388702|5684791|30178900|2759248,4038857|7942948|523274|622912|4446485|32323639|4388702|5684791|30178900|2759248|30877002|686637|1459456|89806|3052054|1190874|2627950|36394038|33618864|30157753|32311870|4044859|30190630|4056159|30177818|3018898|1798588|4375626|31983112|32378104
c701,dev,misinformation,flow:skip,4412196,2,vocal_gender,skip,,남성:10|여성:10,10,,28,,89806|2627950|30877002|1459456|686637|3052054|32364000|602427189|602334315|1190874,30877002|2627950|686637|1459456|89806|3052054|32364000|602427189|602334315|1190874|30169383|1116679|425634|36394038|33618864|30157753|1521142|32311870|4044859|30190630|4056159|30177818|3018898|1798588|4375626|31983112|32378104|4412196|2319548|4092790
c701,dev,misinformation,flow:skip,4412196,3,genre,skip,,발라드:18|R&B/Soul:2,20,,25,,33618864|30169383|36394038|425634|1116679|31984204|36382580|848156|30157753|1521142,33618864|36394038|30169383|1116679|425634|31984204|36382580|848156|30157753|1521142|432357|623902|1540132|30132687|32311870|4044859|30190630|4056159|30177818|3018898|1798588|4375626|31983112|32378104|4412196|2319548|4092790|31938460|1032760|667278
c701,dev,misinformation,flow:oracle,4412196,1,,,,,0,,,,523274|7942948|4038857|4446485|622912|32323639|4388702|5684791|30178900|2759248,4038857|7942948|523274|622912|4446485|32323639|4388702|5684791|30178900|2759248|30877002|686637|1459456|89806|3052054|1190874|2627950|36394038|33618864|30157753|32311870|4044859|30190630|4056159|30177818|3018898|1798588|4375626|31983112|32378104
c701,dev,misinformation,flow:oracle,4412196,2,vocal_gender,oracle,여성,남성:10|여성:10,10,,13,,32311870|4044859|30190630|4056159|30177818|3018898|30877002|1798588|4375626|2627950,32311870|4044859|30190630|4056159|30177818|3018898|30877002|1798588|4375626|2627950|31983112|32378104|4412196|2319548|4092790|686637|1459456|89806|3052054|32364000|602427189|602334315|1190874|30169383|1116679|425634|36394038|33618864|30157753|1521142
c701,dev,misinformation,flow:oracle,4412196,3,genre,oracle,발라드,발라드:18|R&B/Soul:2,20,3,3,3,32378104|31983112|4412196|2319548|4092790|33618864|31938460|1032760|36394038|667278,31983112|32378104|4412196|2319548|4092790|33618864|31938460|1032760|36394038|667278|686637|1459456|89806|3052054|32364000|602427189|602334315|1190874|30169383|1116679|425634|31984204|36382580|848156|30157753|1521142|432357|623902|1540132|30132687
c701,dev,misinformation,flow:noisy,4412196,1,,,,,0,,,,523274|7942948|4038857|4446485|622912|32323639|4388702|5684791|30178900|2759248,4038857|7942948|523274|622912|4446485|32323639|4388702|5684791|30178900|2759248|30877002|686637|1459456|89806|3052054|1190874|2627950|36394038|33618864|30157753|32311870|4044859|30190630|4056159|30177818|3018898|1798588|4375626|31983112|32378104
c701,dev,misinformation,flow:noisy,4412196,2,vocal_gender,noisy,남성,남성:10|여성:10,10,,28,,89806|2627950|30877002|1459456|686637|3052054|32364000|602427189|602334315|1190874,30877002|2627950|686637|1459456|89806|3052054|32364000|602427189|602334315|1190874|30169383|1116679|425634|36394038|33618864|30157753|1521142|32311870|4044859|30190630|4056159|30177818|3018898|1798588|4375626|31983112|32378104|4412196|2319548|4092790
c701,dev,misinformation,flow:noisy,4412196,3,genre,noisy,R&B/Soul,발라드:18|R&B/Soul:2,20,,25,,30157753|1521142|30169383|36394038|33618864|1116679|425634|31984204|36382580|848156,30157753|1521142|33618864|36394038|30169383|1116679|425634|31984204|36382580|848156|432357|623902|1540132|30132687|32311870|4044859|30190630|4056159|30177818|3018898|1798588|4375626|31983112|32378104|4412196|2319548|4092790|31938460|1032760|667278
c705,dev,misinformation,flow:reject,1928055,1,,,,,0,,27,,4388702|36394038|27600|2759248|8203900|32364000|32323639|2627950|530043|37344905,4388702|36394038|27600|2759248|8203900|32364000|32323639|2627950|530043|37344905|490173|2017349|7985298|602470506|31938046|529685|8122589|9611490|5668985|1901874|8102386|602360405|4038857|5709750|3018898|9629220|1928055|31952592|1798588|31983112
c705,dev,misinformation,flow:reject,1928055,2,,none,,,10,,23,,490173|5709750|2017349|7985298|602470506|31938046|529685|8122589|1667441|9611490,490173|5709750|2017349|7985298|602470506|31938046|529685|8122589|1667441|9611490|31373277|32508146|5668985|1901874|622912|8102386|602360405|4038857|848156|1190874|3018898|9629220|1928055|31952592|1798588|31983112|32378104|8071102|4296990|667278
c705,dev,misinformation,flow:reject,1928055,3,,none,,,20,,23,,8102386|1116679|31373277|32508146|5668985|1901874|622912|602540604|4433528|1417550,8102386|1116679|31373277|32508146|5668985|1901874|622912|602540604|4433528|1417550|1416893|602360405|602521646|4038857|32491274|848156|30962526|1190874|432357|1798588|3018898|9629220|1928055|31952592|31983112|32378104|8071102|4296990|667278|1266153
c705,dev,misinformation,flow:skip,1928055,1,,,,,0,,27,,4388702|36394038|27600|2759248|8203900|32364000|32323639|2627950|530043|37344905,4388702|36394038|27600|2759248|8203900|32364000|32323639|2627950|530043|37344905|490173|2017349|7985298|602470506|31938046|529685|8122589|9611490|5668985|1901874|8102386|602360405|4038857|5709750|3018898|9629220|1928055|31952592|1798588|31983112
c705,dev,misinformation,flow:skip,1928055,2,vocal_gender,skip,,남성:14|여성:6,10,,23,,490173|5709750|2017349|7985298|602470506|31938046|529685|8122589|1667441|9611490,490173|5709750|2017349|7985298|602470506|31938046|529685|8122589|1667441|9611490|31373277|32508146|5668985|1901874|622912|8102386|602360405|4038857|848156|1190874|3018898|9629220|1928055|31952592|1798588|31983112|32378104|8071102|4296990|667278
c705,dev,misinformation,flow:skip,1928055,3,,none,,,20,,23,,8102386|1116679|31373277|32508146|5668985|1901874|622912|602540604|4433528|1417550,8102386|1116679|31373277|32508146|5668985|1901874|622912|602540604|4433528|1417550|1416893|602360405|602521646|4038857|32491274|848156|30962526|1190874|432357|1798588|3018898|9629220|1928055|31952592|31983112|32378104|8071102|4296990|667278|1266153
c705,dev,misinformation,flow:oracle,1928055,1,,,,,0,,27,,4388702|36394038|27600|2759248|8203900|32364000|32323639|2627950|530043|37344905,4388702|36394038|27600|2759248|8203900|32364000|32323639|2627950|530043|37344905|490173|2017349|7985298|602470506|31938046|529685|8122589|9611490|5668985|1901874|8102386|602360405|4038857|5709750|3018898|9629220|1928055|31952592|1798588|31983112
c705,dev,misinformation,flow:oracle,1928055,2,vocal_gender,oracle,여성,남성:14|여성:6,10,3,3,3,3018898|9629220|1928055|31952592|1798588|31983112|32378104|8071102|4296990|667278,3018898|9629220|1928055|31952592|1798588|31983112|32378104|8071102|4296990|667278|490173|5709750|2017349|7985298|602470506|31938046|529685|8122589|1667441|9611490|31373277|32508146|5668985|1901874|622912|8102386|602360405|4038857|848156|1190874
c705,dev,misinformation,flow:noisy,1928055,1,,,,,0,,27,,4388702|36394038|27600|2759248|8203900|32364000|32323639|2627950|530043|37344905,4388702|36394038|27600|2759248|8203900|32364000|32323639|2627950|530043|37344905|490173|2017349|7985298|602470506|31938046|529685|8122589|9611490|5668985|1901874|8102386|602360405|4038857|5709750|3018898|9629220|1928055|31952592|1798588|31983112
c705,dev,misinformation,flow:noisy,1928055,2,vocal_gender,noisy,남성,남성:14|여성:6,10,,23,,490173|5709750|2017349|7985298|602470506|31938046|529685|8122589|1667441|9611490,490173|5709750|2017349|7985298|602470506|31938046|529685|8122589|1667441|9611490|31373277|32508146|5668985|1901874|622912|8102386|602360405|4038857|848156|1190874|3018898|9629220|1928055|31952592|1798588|31983112|32378104|8071102|4296990|667278
c705,dev,misinformation,flow:noisy,1928055,3,,none,,,20,,23,,8102386|1116679|31373277|32508146|5668985|1901874|622912|602540604|4433528|1417550,8102386|1116679|31373277|32508146|5668985|1901874|622912|602540604|4433528|1417550|1416893|602360405|602521646|4038857|32491274|848156|30962526|1190874|432357|1798588|3018898|9629220|1928055|31952592|31983112|32378104|8071102|4296990|667278|1266153
c707,dev,misinformation,flow:reject,5650996,1,,,,,0,,18,,3414749|489226|8174429|4262073|32473998|33347390|9629220|90693|4044859|5605860,3414749|489226|8174429|4262073|32473998|33347390|9629220|90693|4044859|5605860|4375626|602323658|602323999|32614125|8089568|602389065|31952592|5650996|4097003|4665220|2596161|855659|5674119|8077712|32521396|1816224|32003395|34701816|4388702|33691794
c707,dev,misinformation,flow:reject,5650996,2,,none,,,10,9,9,9,4375626|602323999|32614125|602389065|602323658|8089568|31952592|31709523|5650996|4097003,4375626|602323999|32614125|602389065|602323658|8089568|31952592|31709523|5650996|4097003|4665220|2596161|855659|5674119|8077712|32521396|1816224|5545022|4579468|32003395|34701816|4388702|33691794|8141498|5684791|602540604|4076051|34657844|8102386|32508146
c707,dev,misinformation,flow:skip,5650996,1,,,,,0,,18,,3414749|489226|8174429|4262073|32473998|33347390|9629220|90693|4044859|5605860,3414749|489226|8174429|4262073|32473998|33347390|9629220|90693|4044859|5605860|4375626|602323658|602323999|32614125|8089568|602389065|31952592|5650996|4097003|4665220|2596161|855659|5674119|8077712|32521396|1816224|32003395|34701816|4388702|33691794
c707,dev,misinformation,flow:skip,5650996,2,vocal_gender,skip,,혼성:9|여성:7|남성:4,10,9,9,9,4375626|602323999|32614125|602389065|602323658|8089568|31952592|31709523|5650996|4097003,4375626|602323999|32614125|602389065|602323658|8089568|31952592|31709523|5650996|4097003|4665220|2596161|855659|5674119|8077712|32521396|1816224|5545022|4579468|32003395|34701816|4388702|33691794|8141498|5684791|602540604|4076051|34657844|8102386|32508146
c707,dev,misinformation,flow:oracle,5650996,1,,,,,0,,18,,3414749|489226|8174429|4262073|32473998|33347390|9629220|90693|4044859|5605860,3414749|489226|8174429|4262073|32473998|33347390|9629220|90693|4044859|5605860|4375626|602323658|602323999|32614125|8089568|602389065|31952592|5650996|4097003|4665220|2596161|855659|5674119|8077712|32521396|1816224|32003395|34701816|4388702|33691794
c707,dev,misinformation,flow:oracle,5650996,2,vocal_gender,oracle,혼성,혼성:9|여성:7|남성:4,10,1,1,1,5650996|4097003|4665220|2596161|855659|5674119|8077712|32521396|1816224|5545022,5650996|4097003|4665220|2596161|855659|5674119|8077712|32521396|1816224|5545022|4579468|4375626|602323999|32614125|602389065|602323658|8089568|31952592|31709523|32003395|34701816|4388702|33691794|8141498|5684791|602540604|4076051|34657844|8102386|32508146
c707,dev,misinformation,flow:noisy,5650996,1,,,,,0,,18,,3414749|489226|8174429|4262073|32473998|33347390|9629220|90693|4044859|5605860,3414749|489226|8174429|4262073|32473998|33347390|9629220|90693|4044859|5605860|4375626|602323658|602323999|32614125|8089568|602389065|31952592|5650996|4097003|4665220|2596161|855659|5674119|8077712|32521396|1816224|32003395|34701816|4388702|33691794
c707,dev,misinformation,flow:noisy,5650996,2,vocal_gender,noisy,남성,혼성:9|여성:7|남성:4,10,,20,,32003395|34701816|4388702|33691794|8141498|5684791|602540604|4375626|4076051|602323999,32003395|34701816|4388702|33691794|8141498|5684791|602540604|4375626|4076051|602323999|34657844|32614125|8102386|602389065|32508146|602323658|8089568|31952592|31709523|5650996|4097003|4665220|2596161|855659|5674119|8077712|32521396|1816224|5545022|4579468
c707,dev,misinformation,flow:noisy,5650996,3,genre,noisy,R&B/Soul,발라드:13|랩/힙합:3|R&B/Soul:1|인디음악:1|록/메탈:1|일렉트로니카:1,20,,18,,602323658|602537974|34657844|32614125|8102386|602389065|31952592|32508146|8104509|4091105,602323658|602537974|34657844|32614125|8102386|602389065|31952592|32508146|8104509|4091105|30169608|602360405|8124417|3753302|8089568|30190630|31709523|5650996|4097003|4665220|2596161|855659|5674119|8077712|32521396|1816224|5545022|4579468|2134448|602369265
m302,dev,vague,flow:reject,104868,1,,,,,0,,,1,601890440|602461390|31777113|5476552|634613|30844118|602429934|602270510|602004262|602873853,601890440|602461390|31777113|5476552|634613|30844118|602429934|602270510|602004262|602873853|31608765|30247520|1698066|602301979|1746411|30838076|5466962|602502007|602466765|3538775|602492233|35177030|445413|1145088|602420877|602324710|8172437|31286161|454477|454476
m302,dev,vague,flow:reject,104868,2,,none,,,10,,,1,31608765|30247520|1698066|602301979|1746411|30838076|5466962|602502007|602466765|3538775,31608765|30247520|1698066|602301979|1746411|30838076|5466962|602502007|602466765|3538775|602492233|35177030|445413|1145088|602420877|602324710|8172437|31286161|454477|454476|2960448|4118143|602540602|483640|602355955|104110|602301766|104099|2314377|602320512
m302,dev,vague,flow:reject,104868,3,,none,,,20,,,4,602323997|602492233|35177030|445413|1145088|602420877|602324710|8172437|31286161|454477,602323997|602492233|35177030|445413|1145088|602420877|602324710|8172437|31286161|454477|454476|2960448|4118143|602540602|483640|602355955|104110|602301766|104099|2314377|602320512|602437979|419762|32825454|3779134|602452501|602173808|1029603|36518341|2556584
m302,dev,vague,flow:reject,105886,1,,,,,0,,,1,601890440|602461390|31777113|5476552|634613|30844118|602429934|602270510|602004262|602873853,601890440|602461390|31777113|5476552|634613|30844118|602429934|602270510|602004262|602873853|31608765|30247520|1698066|602301979|1746411|30838076|5466962|602502007|602466765|3538775|602492233|35177030|445413|1145088|602420877|602324710|8172437|31286161|454477|454476
m302,dev,vague,flow:reject,105886,2,,none,,,10,,,1,31608765|30247520|1698066|602301979|1746411|30838076|5466962|602502007|602466765|3538775,31608765|30247520|1698066|602301979|1746411|30838076|5466962|602502007|602466765|3538775|602492233|35177030|445413|1145088|602420877|602324710|8172437|31286161|454477|454476|2960448|4118143|602540602|483640|602355955|104110|602301766|104099|2314377|602320512
m302,dev,vague,flow:reject,105886,3,,none,,,20,,,4,602323997|602492233|35177030|445413|1145088|602420877|602324710|8172437|31286161|454477,602323997|602492233|35177030|445413|1145088|602420877|602324710|8172437|31286161|454477|454476|2960448|4118143|602540602|483640|602355955|104110|602301766|104099|2314377|602320512|602437979|419762|32825454|3779134|602452501|602173808|1029603|36518341|2556584
m302,dev,vague,flow:reject,25629,1,,,,,0,,,1,601890440|602461390|31777113|5476552|634613|30844118|602429934|602270510|602004262|602873853,601890440|602461390|31777113|5476552|634613|30844118|602429934|602270510|602004262|602873853|31608765|30247520|1698066|602301979|1746411|30838076|5466962|602502007|602466765|3538775|602492233|35177030|445413|1145088|602420877|602324710|8172437|31286161|454477|454476
m302,dev,vague,flow:reject,25629,2,,none,,,10,,,1,31608765|30247520|1698066|602301979|1746411|30838076|5466962|602502007|602466765|3538775,31608765|30247520|1698066|602301979|1746411|30838076|5466962|602502007|602466765|3538775|602492233|35177030|445413|1145088|602420877|602324710|8172437|31286161|454477|454476|2960448|4118143|602540602|483640|602355955|104110|602301766|104099|2314377|602320512
m302,dev,vague,flow:reject,25629,3,,none,,,20,,,4,602323997|602492233|35177030|445413|1145088|602420877|602324710|8172437|31286161|454477,602323997|602492233|35177030|445413|1145088|602420877|602324710|8172437|31286161|454477|454476|2960448|4118143|602540602|483640|602355955|104110|602301766|104099|2314377|602320512|602437979|419762|32825454|3779134|602452501|602173808|1029603|36518341|2556584
m302,dev,vague,flow:reject,2626610,1,,,,,0,,,1,601890440|602461390|31777113|5476552|634613|30844118|602429934|602270510|602004262|602873853,601890440|602461390|31777113|5476552|634613|30844118|602429934|602270510|602004262|602873853|31608765|30247520|1698066|602301979|1746411|30838076|5466962|602502007|602466765|3538775|602492233|35177030|445413|1145088|602420877|602324710|8172437|31286161|454477|454476
m302,dev,vague,flow:reject,2626610,2,,none,,,10,,,1,31608765|30247520|1698066|602301979|1746411|30838076|5466962|602502007|602466765|3538775,31608765|30247520|1698066|602301979|1746411|30838076|5466962|602502007|602466765|3538775|602492233|35177030|445413|1145088|602420877|602324710|8172437|31286161|454477|454476|2960448|4118143|602540602|483640|602355955|104110|602301766|104099|2314377|602320512
m302,dev,vague,flow:reject,2626610,3,,none,,,20,,,4,602323997|602492233|35177030|445413|1145088|602420877|602324710|8172437|31286161|454477,602323997|602492233|35177030|445413|1145088|602420877|602324710|8172437|31286161|454477|454476|2960448|4118143|602540602|483640|602355955|104110|602301766|104099|2314377|602320512|602437979|419762|32825454|3779134|602452501|602173808|1029603|36518341|2556584
m302,dev,vague,flow:reject,4527879,1,,,,,0,,,1,601890440|602461390|31777113|5476552|634613|30844118|602429934|602270510|602004262|602873853,601890440|602461390|31777113|5476552|634613|30844118|602429934|602270510|602004262|602873853|31608765|30247520|1698066|602301979|1746411|30838076|5466962|602502007|602466765|3538775|602492233|35177030|445413|1145088|602420877|602324710|8172437|31286161|454477|454476
m302,dev,vague,flow:reject,4527879,2,,none,,,10,,,1,31608765|30247520|1698066|602301979|1746411|30838076|5466962|602502007|602466765|3538775,31608765|30247520|1698066|602301979|1746411|30838076|5466962|602502007|602466765|3538775|602492233|35177030|445413|1145088|602420877|602324710|8172437|31286161|454477|454476|2960448|4118143|602540602|483640|602355955|104110|602301766|104099|2314377|602320512
m302,dev,vague,flow:reject,4527879,3,,none,,,20,,,4,602323997|602492233|35177030|445413|1145088|602420877|602324710|8172437|31286161|454477,602323997|602492233|35177030|445413|1145088|602420877|602324710|8172437|31286161|454477|454476|2960448|4118143|602540602|483640|602355955|104110|602301766|104099|2314377|602320512|602437979|419762|32825454|3779134|602452501|602173808|1029603|36518341|2556584
m302,dev,vague,flow:skip,104868,1,,,,,0,,,1,601890440|602461390|31777113|5476552|634613|30844118|602429934|602270510|602004262|602873853,601890440|602461390|31777113|5476552|634613|30844118|602429934|602270510|602004262|602873853|31608765|30247520|1698066|602301979|1746411|30838076|5466962|602502007|602466765|3538775|602492233|35177030|445413|1145088|602420877|602324710|8172437|31286161|454477|454476
m302,dev,vague,flow:skip,104868,2,vocal_gender,skip,,남성:12|여성:7|혼성:1,10,,,1,31608765|30247520|1698066|602301979|1746411|30838076|5466962|602502007|602466765|3538775,31608765|30247520|1698066|602301979|1746411|30838076|5466962|602502007|602466765|3538775|602492233|35177030|445413|1145088|602420877|602324710|8172437|31286161|454477|454476|2960448|4118143|602540602|483640|602355955|104110|602301766|104099|2314377|602320512
m302,dev,vague,flow:skip,104868,3,genre,skip,,발라드:6|R&B/Soul:5|랩/힙합:4|댄스:3|록/메탈:2,20,,,4,602323997|602492233|35177030|445413|1145088|602420877|602324710|8172437|31286161|454477,602323997|602492233|35177030|445413|1145088|602420877|602324710|8172437|31286161|454477|454476|2960448|4118143|602540602|483640|602355955|104110|602301766|104099|2314377|602320512|602437979|419762|32825454|3779134|602452501|602173808|1029603|36518341|2556584
m302,dev,vague,flow:skip,105886,1,,,,,0,,,1,601890440|602461390|31777113|5476552|634613|30844118|602429934|602270510|602004262|602873853,601890440|602461390|31777113|5476552|634613|30844118|602429934|602270510|602004262|602873853|31608765|30247520|1698066|602301979|1746411|30838076|5466962|602502007|602466765|3538775|602492233|35177030|445413|1145088|602420877|602324710|8172437|31286161|454477|454476
m302,dev,vague,flow:skip,105886,2,vocal_gender,skip,,남성:12|여성:7|혼성:1,10,,,1,31608765|30247520|1698066|602301979|1746411|30838076|5466962|602502007|602466765|3538775,31608765|30247520|1698066|602301979|1746411|30838076|5466962|602502007|602466765|3538775|602492233|35177030|445413|1145088|602420877|602324710|8172437|31286161|454477|454476|2960448|4118143|602540602|483640|602355955|104110|602301766|104099|2314377|602320512
m302,dev,vague,flow:skip,105886,3,genre,skip,,발라드:6|R&B/Soul:5|랩/힙합:4|댄스:3|록/메탈:2,20,,,4,602323997|602492233|35177030|445413|1145088|602420877|602324710|8172437|31286161|454477,602323997|602492233|35177030|445413|1145088|602420877|602324710|8172437|31286161|454477|454476|2960448|4118143|602540602|483640|602355955|104110|602301766|104099|2314377|602320512|602437979|419762|32825454|3779134|602452501|602173808|1029603|36518341|2556584
m302,dev,vague,flow:skip,25629,1,,,,,0,,,1,601890440|602461390|31777113|5476552|634613|30844118|602429934|602270510|602004262|602873853,601890440|602461390|31777113|5476552|634613|30844118|602429934|602270510|602004262|602873853|31608765|30247520|1698066|602301979|1746411|30838076|5466962|602502007|602466765|3538775|602492233|35177030|445413|1145088|602420877|602324710|8172437|31286161|454477|454476
m302,dev,vague,flow:skip,25629,2,vocal_gender,skip,,남성:12|여성:7|혼성:1,10,,,1,31608765|30247520|1698066|602301979|1746411|30838076|5466962|602502007|602466765|3538775,31608765|30247520|1698066|602301979|1746411|30838076|5466962|602502007|602466765|3538775|602492233|35177030|445413|1145088|602420877|602324710|8172437|31286161|454477|454476|2960448|4118143|602540602|483640|602355955|104110|602301766|104099|2314377|602320512
m302,dev,vague,flow:skip,25629,3,genre,skip,,발라드:6|R&B/Soul:5|랩/힙합:4|댄스:3|록/메탈:2,20,,,4,602323997|602492233|35177030|445413|1145088|602420877|602324710|8172437|31286161|454477,602323997|602492233|35177030|445413|1145088|602420877|602324710|8172437|31286161|454477|454476|2960448|4118143|602540602|483640|602355955|104110|602301766|104099|2314377|602320512|602437979|419762|32825454|3779134|602452501|602173808|1029603|36518341|2556584
m302,dev,vague,flow:skip,2626610,1,,,,,0,,,1,601890440|602461390|31777113|5476552|634613|30844118|602429934|602270510|602004262|602873853,601890440|602461390|31777113|5476552|634613|30844118|602429934|602270510|602004262|602873853|31608765|30247520|1698066|602301979|1746411|30838076|5466962|602502007|602466765|3538775|602492233|35177030|445413|1145088|602420877|602324710|8172437|31286161|454477|454476
m302,dev,vague,flow:skip,2626610,2,vocal_gender,skip,,남성:12|여성:7|혼성:1,10,,,1,31608765|30247520|1698066|602301979|1746411|30838076|5466962|602502007|602466765|3538775,31608765|30247520|1698066|602301979|1746411|30838076|5466962|602502007|602466765|3538775|602492233|35177030|445413|1145088|602420877|602324710|8172437|31286161|454477|454476|2960448|4118143|602540602|483640|602355955|104110|602301766|104099|2314377|602320512
m302,dev,vague,flow:skip,2626610,3,genre,skip,,발라드:6|R&B/Soul:5|랩/힙합:4|댄스:3|록/메탈:2,20,,,4,602323997|602492233|35177030|445413|1145088|602420877|602324710|8172437|31286161|454477,602323997|602492233|35177030|445413|1145088|602420877|602324710|8172437|31286161|454477|454476|2960448|4118143|602540602|483640|602355955|104110|602301766|104099|2314377|602320512|602437979|419762|32825454|3779134|602452501|602173808|1029603|36518341|2556584
m302,dev,vague,flow:skip,4527879,1,,,,,0,,,1,601890440|602461390|31777113|5476552|634613|30844118|602429934|602270510|602004262|602873853,601890440|602461390|31777113|5476552|634613|30844118|602429934|602270510|602004262|602873853|31608765|30247520|1698066|602301979|1746411|30838076|5466962|602502007|602466765|3538775|602492233|35177030|445413|1145088|602420877|602324710|8172437|31286161|454477|454476
m302,dev,vague,flow:skip,4527879,2,vocal_gender,skip,,남성:12|여성:7|혼성:1,10,,,1,31608765|30247520|1698066|602301979|1746411|30838076|5466962|602502007|602466765|3538775,31608765|30247520|1698066|602301979|1746411|30838076|5466962|602502007|602466765|3538775|602492233|35177030|445413|1145088|602420877|602324710|8172437|31286161|454477|454476|2960448|4118143|602540602|483640|602355955|104110|602301766|104099|2314377|602320512
m302,dev,vague,flow:skip,4527879,3,genre,skip,,발라드:6|R&B/Soul:5|랩/힙합:4|댄스:3|록/메탈:2,20,,,4,602323997|602492233|35177030|445413|1145088|602420877|602324710|8172437|31286161|454477,602323997|602492233|35177030|445413|1145088|602420877|602324710|8172437|31286161|454477|454476|2960448|4118143|602540602|483640|602355955|104110|602301766|104099|2314377|602320512|602437979|419762|32825454|3779134|602452501|602173808|1029603|36518341|2556584
m302,dev,vague,flow:oracle,104868,1,,,,,0,,,1,601890440|602461390|31777113|5476552|634613|30844118|602429934|602270510|602004262|602873853,601890440|602461390|31777113|5476552|634613|30844118|602429934|602270510|602004262|602873853|31608765|30247520|1698066|602301979|1746411|30838076|5466962|602502007|602466765|3538775|602492233|35177030|445413|1145088|602420877|602324710|8172437|31286161|454477|454476
m302,dev,vague,flow:oracle,104868,2,vocal_gender,oracle,여성,남성:12|여성:7|혼성:1,10,,,1,31608765|30838076|602466765|602492233|35177030|1145088|31286161|2960448|4118143|602540602,31608765|30838076|602466765|602492233|35177030|1145088|31286161|2960448|4118143|602540602|602355955|30247520|1698066|602301979|1746411|5466962|602502007|3538775|445413|602420877|602324710|8172437|454477|454476|483640|104110|602301766|104099|2314377|602320512
m302,dev,vague,flow:oracle,104868,3,genre,oracle,발라드,발라드:7|랩/힙합:6|R&B/Soul:4|록/메탈:2|인디음악:1,20,,,5,602323997|30247520|1698066|1746411|445413|483640|602355955|104110|104099|602437979,602323997|30247520|1698066|1746411|445413|483640|602355955|104110|104099|602437979|419762|32825454|36518341|602301979|5466962|602502007|3538775|602420877|602324710|8172437|454477|454476|602301766|2314377|602320512|3779134|602452501|602173808|1029603|2556584
m302,dev,vague,flow:oracle,105886,1,,,,,0,,,1,601890440|602461390|31777113|5476552|634613|30844118|602429934|602270510|602004262|602873853,601890440|602461390|31777113|5476552|634613|30844118|602429934|602270510|602004262|602873853|31608765|30247520|1698066|602301979|1746411|30838076|5466962|602502007|602466765|3538775|602492233|35177030|445413|1145088|602420877|602324710|8172437|31286161|454477|454476
m302,dev,vague,flow:oracle,105886,2,vocal_gender,oracle,여성,남성:12|여성:7|혼성:1,10,,,1,31608765|30838076|602466765|602492233|35177030|1145088|31286161|2960448|4118143|602540602,31608765|30838076|602466765|602492233|35177030|1145088|31286161|2960448|4118143|602540602|602355955|30247520|1698066|602301979|1746411|5466962|602502007|3538775|445413|602420877|602324710|8172437|454477|454476|483640|104110|602301766|104099|2314377|602320512
m302,dev,vague,flow:oracle,105886,3,genre,oracle,R&B/Soul,발라드:7|랩/힙합:6|R&B/Soul:4|록/메탈:2|인디음악:1,20,,,,602355955|602323997|602502007|602324710|8172437|32825454|602452501|1029603|30247520|1698066,602355955|602323997|602502007|602324710|8172437|32825454|602452501|1029603|30247520|1698066|602301979|1746411|5466962|3538775|445413|602420877|454477|454476|483640|104110|602301766|104099|2314377|602320512|602437979|419762|3779134|602173808|36518341|2556584
m302,dev,vague,flow:oracle,25629,1,,,,,0,,,1,601890440|602461390|31777113|5476552|634613|30844118|602429934|602270510|602004262|602873853,601890440|602461390|31777113|5476552|634613|30844118|602429934|602270510|602004262|602873853|31608765|30247520|1698066|602301979|1746411|30838076|5466962|602502007|602466765|3538775|602492233|35177030|445413|1145088|602420877|602324710|8172437|31286161|454477|454476
m302,dev,vague,flow:oracle,25629,2,vocal_gender,oracle,여성,남성:12|여성:7|혼성:1,10,,,1,31608765|30838076|602466765|602492233|35177030|1145088|31286161|2960448|4118143|602540602,31608765|30838076|602466765|602492233|35177030|1145088|31286161|2960448|4118143|602540602|602355955|30247520|1698066|602301979|1746411|5466962|602502007|3538775|445413|602420877|602324710|8172437|454477|454476|483640|104110|602301766|104099|2314377|602320512
m302,dev,vague,flow:oracle,25629,3,genre,skip,,발라드:7|랩/힙합:6|R&B/Soul:4|록/메탈:2|인디음악:1,20,,,,602323997|602355955|32825454|30247520|1698066|602301979|1746411|5466962|602502007|3538775,602323997|602355955|32825454|30247520|1698066|602301979|1746411|5466962|602502007|3538775|445413|602420877|602324710|8172437|454477|454476|483640|104110|602301766|104099|2314377|602320512|602437979|419762|3779134|602452501|602173808|1029603|36518341|2556584
m302,dev,vague,flow:oracle,2626610,1,,,,,0,,,1,601890440|602461390|31777113|5476552|634613|30844118|602429934|602270510|602004262|602873853,601890440|602461390|31777113|5476552|634613|30844118|602429934|602270510|602004262|602873853|31608765|30247520|1698066|602301979|1746411|30838076|5466962|602502007|602466765|3538775|602492233|35177030|445413|1145088|602420877|602324710|8172437|31286161|454477|454476
m302,dev,vague,flow:oracle,2626610,2,vocal_gender,oracle,남성,남성:12|여성:7|혼성:1,10,,,7,1698066|602301979|1746411|5466962|602502007|3538775|445413|602420877|602324710|8172437,1698066|602301979|1746411|5466962|602502007|3538775|445413|602420877|602324710|8172437|454477|454476|483640|104110|602301766|104099|2314377|602320512|31608765|30247520|30838076|602466765|602492233|35177030|1145088|31286161|2960448|4118143|602540602|602355955
m302,dev,vague,flow:oracle,2626610,3,genre,oracle,발라드,발라드:6|댄스:6|랩/힙합:3|R&B/Soul:3|록/메탈:2,20,,,2,483640|104110|104099|602437979|419762|36518341|30247520|35177030|1145088|454477,483640|104110|104099|602437979|419762|36518341|30247520|35177030|1145088|454477|454476|602301766|2314377|602320512|3779134|602452501|602173808|1029603|2556584|602323997|31608765|30838076|602466765|602492233|31286161|2960448|4118143|602540602|602355955|32825454
m302,dev,vague,flow:oracle,4527879,1,,,,,0,,,1,601890440|602461390|31777113|5476552|634613|30844118|602429934|602270510|602004262|602873853,601890440|602461390|31777113|5476552|634613|30844118|602429934|602270510|602004262|602873853|31608765|30247520|1698066|602301979|1746411|30838076|5466962|602502007|602466765|3538775|602492233|35177030|445413|1145088|602420877|602324710|8172437|31286161|454477|454476
m302,dev,vague,flow:oracle,4527879,2,vocal_gender,oracle,남성,남성:12|여성:7|혼성:1,10,,,7,1698066|602301979|1746411|5466962|602502007|3538775|445413|602420877|602324710|8172437,1698066|602301979|1746411|5466962|602502007|3538775|445413|602420877|602324710|8172437|454477|454476|483640|104110|602301766|104099|2314377|602320512|31608765|30247520|30838076|602466765|602492233|35177030|1145088|31286161|2960448|4118143|602540602|602355955
m302,dev,vague,flow:oracle,4527879,3,genre,oracle,랩/힙합,발라드:6|댄스:6|랩/힙합:3|R&B/Soul:3|록/메탈:2,20,,,5,602301766|2314377|602320512|3779134|454477|454476|483640|104110|104099|602437979,602301766|2314377|602320512|3779134|454477|454476|483640|104110|104099|602437979|419762|32825454|602452501|602173808|1029603|36518341|2556584|602323997|31608765|30247520|30838076|602466765|602492233|35177030|1145088|31286161|2960448|4118143|602540602|602355955
m302,dev,vague,flow:noisy,104868,1,,,,,0,,,1,601890440|602461390|31777113|5476552|634613|30844118|602429934|602270510|602004262|602873853,601890440|602461390|31777113|5476552|634613|30844118|602429934|602270510|602004262|602873853|31608765|30247520|1698066|602301979|1746411|30838076|5466962|602502007|602466765|3538775|602492233|35177030|445413|1145088|602420877|602324710|8172437|31286161|454477|454476
m302,dev,vague,flow:noisy,104868,2,vocal_gender,noisy,남성,남성:12|여성:7|혼성:1,10,,,7,1698066|602301979|1746411|5466962|602502007|3538775|445413|602420877|602324710|8172437,1698066|602301979|1746411|5466962|602502007|3538775|445413|602420877|602324710|8172437|454477|454476|483640|104110|602301766|104099|2314377|602320512|31608765|30247520|30838076|602466765|602492233|35177030|1145088|31286161|2960448|4118143|602540602|602355955
m302,dev,vague,flow:noisy,104868,3,genre,noisy,댄스,발라드:6|댄스:6|랩/힙합:3|R&B/Soul:3|록/메탈:2,20,,,3,602173808|602323997|31608765|30838076|602466765|31286161|454477|454476|2960448|4118143,602173808|602323997|31608765|30838076|602466765|31286161|454477|454476|2960448|4118143|483640|104110|602301766|104099|2314377|602320512|602437979|419762|3779134|602452501|1029603|36518341|2556584|30247520|602492233|35177030|1145088|602540602|602355955|32825454
m302,dev,vague,flow:noisy,105886,1,,,,,0,,,1,601890440|602461390|31777113|5476552|634613|30844118|602429934|602270510|602004262|602873853,601890440|602461390|31777113|5476552|634613|30844118|602429934|602270510|602004262|602873853|31608765|30247520|1698066|602301979|1746411|30838076|5466962|602502007|602466765|3538775|602492233|35177030|445413|1145088|602420877|602324710|8172437|31286161|454477|454476
m302,dev,vague,flow:noisy,105886,2,vocal_gender,noisy,남성,남성:12|여성:7|혼성:1,10,,,7,1698066|602301979|1746411|5466962|602502007|3538775|445413|602420877|602324710|8172437,1698066|602301979|1746411|5466962|602502007|3538775|445413|602420877|602324710|8172437|454477|454476|483640|104110|602301766|104099|2314377|602320512|31608765|30247520|30838076|602466765|602492233|35177030|1145088|31286161|2960448|4118143|602540602|602355955
m302,dev,vague,flow:noisy,105886,3,genre,noisy,랩/힙합,발라드:6|댄스:6|랩/힙합:3|R&B/Soul:3|록/메탈:2,20,,,5,602301766|2314377|602320512|3779134|454477|454476|483640|104110|104099|602437979,602301766|2314377|602320512|3779134|454477|454476|483640|104110|104099|602437979|419762|32825454|602452501|602173808|1029603|36518341|2556584|602323997|31608765|30247520|30838076|602466765|602492233|35177030|1145088|31286161|2960448|4118143|602540602|602355955
m302,dev,vague,flow:noisy,25629,1,,,,,0,,,1,601890440|602461390|31777113|5476552|634613|30844118|602429934|602270510|602004262|602873853,601890440|602461390|31777113|5476552|634613|30844118|602429934|602270510|602004262|602873853|31608765|30247520|1698066|602301979|1746411|30838076|5466962|602502007|602466765|3538775|602492233|35177030|445413|1145088|602420877|602324710|8172437|31286161|454477|454476
m302,dev,vague,flow:noisy,25629,2,vocal_gender,noisy,남성,남성:12|여성:7|혼성:1,10,,,7,1698066|602301979|1746411|5466962|602502007|3538775|445413|602420877|602324710|8172437,1698066|602301979|1746411|5466962|602502007|3538775|445413|602420877|602324710|8172437|454477|454476|483640|104110|602301766|104099|2314377|602320512|31608765|30247520|30838076|602466765|602492233|35177030|1145088|31286161|2960448|4118143|602540602|602355955
m302,dev,vague,flow:noisy,25629,3,genre,noisy,발라드,발라드:6|댄스:6|랩/힙합:3|R&B/Soul:3|록/메탈:2,20,,,2,483640|104110|104099|602437979|419762|36518341|30247520|35177030|1145088|454477,483640|104110|104099|602437979|419762|36518341|30247520|35177030|1145088|454477|454476|602301766|2314377|602320512|3779134|602452501|602173808|1029603|2556584|602323997|31608765|30838076|602466765|602492233|31286161|2960448|4118143|602540602|602355955|32825454
m302,dev,vague,flow:noisy,2626610,1,,,,,0,,,1,601890440|602461390|31777113|5476552|634613|30844118|602429934|602270510|602004262|602873853,601890440|602461390|31777113|5476552|634613|30844118|602429934|602270510|602004262|602873853|31608765|30247520|1698066|602301979|1746411|30838076|5466962|602502007|602466765|3538775|602492233|35177030|445413|1145088|602420877|602324710|8172437|31286161|454477|454476
m302,dev,vague,flow:noisy,2626610,2,vocal_gender,noisy,여성,남성:12|여성:7|혼성:1,10,,,1,31608765|30838076|602466765|602492233|35177030|1145088|31286161|2960448|4118143|602540602,31608765|30838076|602466765|602492233|35177030|1145088|31286161|2960448|4118143|602540602|602355955|30247520|1698066|602301979|1746411|5466962|602502007|3538775|445413|602420877|602324710|8172437|454477|454476|483640|104110|602301766|104099|2314377|602320512
m302,dev,vague,flow:noisy,2626610,3,genre,noisy,랩/힙합,발라드:7|랩/힙합:6|R&B/Soul:4|록/메탈:2|인디음악:1,20,,,,32825454|602323997|602301979|3538775|602420877|602355955|602301766|2314377|602320512|3779134,32825454|602323997|602301979|3538775|602420877|602355955|602301766|2314377|602320512|3779134|30247520|1698066|1746411|5466962|602502007|445413|602324710|8172437|454477|454476|483640|104110|104099|602437979|419762|602452501|602173808|1029603|36518341|2556584
m302,dev,vague,flow:noisy,4527879,1,,,,,0,,,1,601890440|602461390|31777113|5476552|634613|30844118|602429934|602270510|602004262|602873853,601890440|602461390|31777113|5476552|634613|30844118|602429934|602270510|602004262|602873853|31608765|30247520|1698066|602301979|1746411|30838076|5466962|602502007|602466765|3538775|602492233|35177030|445413|1145088|602420877|602324710|8172437|31286161|454477|454476
m302,dev,vague,flow:noisy,4527879,2,vocal_gender,noisy,여성,남성:12|여성:7|혼성:1,10,,,1,31608765|30838076|602466765|602492233|35177030|1145088|31286161|2960448|4118143|602540602,31608765|30838076|602466765|602492233|35177030|1145088|31286161|2960448|4118143|602540602|602355955|30247520|1698066|602301979|1746411|5466962|602502007|3538775|445413|602420877|602324710|8172437|454477|454476|483640|104110|602301766|104099|2314377|602320512
m302,dev,vague,flow:noisy,4527879,3,genre,noisy,R&B/Soul,발라드:7|랩/힙합:6|R&B/Soul:4|록/메탈:2|인디음악:1,20,,,,602355955|602323997|602502007|602324710|8172437|32825454|602452501|1029603|30247520|1698066,602355955|602323997|602502007|602324710|8172437|32825454|602452501|1029603|30247520|1698066|602301979|1746411|5466962|3538775|445413|602420877|454477|454476|483640|104110|602301766|104099|2314377|602320512|602437979|419762|3779134|602173808|36518341|2556584
m303,dev,vague,flow:reject,30755375,1,,,,,0,,30,2,602005101|602320512|602492233|602358131|602278708|489226|1521142|3859894|1575512|420424,602005101|602320512|602492233|602358131|602278708|489226|1521142|3859894|1575512|420424|2566853|602452568|30688500|486743|36351997|36391236|2100540|602291370|521724|521736|521747|602265790|31688205|4172962|1590213|2030248|602466725|454477|454476|30755375
m303,dev,vague,flow:reject,30755375,2,,none,,,10,,20,,2566853|602452568|30688500|486743|36351997|36391236|2100540|602291370|521724|521736,2566853|602452568|30688500|486743|36351997|36391236|2100540|602291370|521724|521736|521747|602265790|31688205|4172962|1590213|2030248|602466725|454477|454476|30755375|602378291|4226210|602371531|603146262|1726654|490202|30447547|490201|1017824|32776
m303,dev,vague,flow:reject,30755375,3,,none,,,20,,11,4,5156|521747|602265790|31688205|4172962|1590213|2030248|602466725|454477|454476,5156|521747|602265790|31688205|4172962|1590213|2030248|602466725|454477|454476|30755375|602378291|4226210|602371531|603146262|1726654|490202|30447547|490201|1017824|32776|602537990|30709103|686637|30349593|454493|602542271|3910821|2556584|31477685
m303,dev,vague,flow:reject,31688205,1,,,,,0,,23,2,602005101|602320512|602492233|602358131|602278708|489226|1521142|3859894|1575512|420424,602005101|602320512|602492233|602358131|602278708|489226|1521142|3859894|1575512|420424|2566853|602452568|30688500|486743|36351997|36391236|2100540|602291370|521724|521736|521747|602265790|31688205|4172962|1590213|2030248|602466725|454477|454476|30755375
m303,dev,vague,flow:reject,31688205,2,,none,,,10,,13,,2566853|602452568|30688500|486743|36351997|36391236|2100540|602291370|521724|521736,2566853|602452568|30688500|486743|36351997|36391236|2100540|602291370|521724|521736|521747|602265790|31688205|4172962|1590213|2030248|602466725|454477|454476|30755375|602378291|4226210|602371531|603146262|1726654|490202|30447547|490201|1017824|32776
m303,dev,vague,flow:reject,31688205,3,,none,,,20,4,4,4,5156|521747|602265790|31688205|4172962|1590213|2030248|602466725|454477|454476,5156|521747|602265790|31688205|4172962|1590213|2030248|602466725|454477|454476|30755375|602378291|4226210|602371531|603146262|1726654|490202|30447547|490201|1017824|32776|602537990|30709103|686637|30349593|454493|602542271|3910821|2556584|31477685
m303,dev,vague,flow:reject,8042553,1,,,,,0,,,2,602005101|602320512|602492233|602358131|602278708|489226|1521142|3859894|1575512|420424,602005101|602320512|602492233|602358131|602278708|489226|1521142|3859894|1575512|420424|2566853|602452568|30688500|486743|36351997|36391236|2100540|602291370|521724|521736|521747|602265790|31688205|4172962|1590213|2030248|602466725|454477|454476|30755375
m303,dev,vague,flow:reject,8042553,2,,none,,,10,,,,2566853|602452568|30688500|486743|36351997|36391236|2100540|602291370|521724|521736,2566853|602452568|30688500|486743|36351997|36391236|2100540|602291370|521724|521736|521747|602265790|31688205|4172962|1590213|2030248|602466725|454477|454476|30755375|602378291|4226210|602371531|603146262|1726654|490202|30447547|490201|1017824|32776
m303,dev,vague,flow:reject,8042553,3,,none,,,20,,,4,5156|521747|602265790|31688205|4172962|1590213|2030248|602466725|454477|454476,5156|521747|602265790|31688205|4172962|1590213|2030248|602466725|454477|454476|30755375|602378291|4226210|602371531|603146262|1726654|490202|30447547|490201|1017824|32776|602537990|30709103|686637|30349593|454493|602542271|3910821|2556584|31477685
m303,dev,vague,flow:skip,30755375,1,,,,,0,,30,2,602005101|602320512|602492233|602358131|602278708|489226|1521142|3859894|1575512|420424,602005101|602320512|602492233|602358131|602278708|489226|1521142|3859894|1575512|420424|2566853|602452568|30688500|486743|36351997|36391236|2100540|602291370|521724|521736|521747|602265790|31688205|4172962|1590213|2030248|602466725|454477|454476|30755375
m303,dev,vague,flow:skip,30755375,2,vocal_gender,skip,,남성:11|혼성:6|여성:3,10,,20,,2566853|602452568|30688500|486743|36351997|36391236|2100540|602291370|521724|521736,2566853|602452568|30688500|486743|36351997|36391236|2100540|602291370|521724|521736|521747|602265790|31688205|4172962|1590213|2030248|602466725|454477|454476|30755375|602378291|4226210|602371531|603146262|1726654|490202|30447547|490201|1017824|32776
m303,dev,vague,flow:skip,30755375,3,genre,skip,,발라드:7|R&B/Soul:7|록/메탈:3|랩/힙합:2|댄스:1,20,,11,4,5156|521747|602265790|31688205|4172962|1590213|2030248|602466725|454477|454476,5156|521747|602265790|31688205|4172962|1590213|2030248|602466725|454477|454476|30755375|602378291|4226210|602371531|603146262|1726654|490202|30447547|490201|1017824|32776|602537990|30709103|686637|30349593|454493|602542271|3910821|2556584|31477685
m303,dev,vague,flow:skip,31688205,1,,,,,0,,23,2,602005101|602320512|602492233|602358131|602278708|489226|1521142|3859894|1575512|420424,602005101|602320512|602492233|602358131|602278708|489226|1521142|3859894|1575512|420424|2566853|602452568|30688500|486743|36351997|36391236|2100540|602291370|521724|521736|521747|602265790|31688205|4172962|1590213|2030248|602466725|454477|454476|30755375
m303,dev,vague,flow:skip,31688205,2,vocal_gender,skip,,남성:11|혼성:6|여성:3,10,,13,,2566853|602452568|30688500|486743|36351997|36391236|2100540|602291370|521724|521736,2566853|602452568|30688500|486743|36351997|36391236|2100540|602291370|521724|521736|521747|602265790|31688205|4172962|1590213|2030248|602466725|454477|454476|30755375|602378291|4226210|602371531|603146262|1726654|490202|30447547|490201|1017824|32776
m303,dev,vague,flow:skip,31688205,3,genre,skip,,발라드:7|R&B/Soul:7|록/메탈:3|랩/힙합:2|댄스:1,20,4,4,4,5156|521747|602265790|31688205|4172962|1590213|2030248|602466725|454477|454476,5156|521747|602265790|31688205|4172962|1590213|2030248|602466725|454477|454476|30755375|602378291|4226210|602371531|603146262|1726654|490202|30447547|490201|1017824|32776|602537990|30709103|686637|30349593|454493|602542271|3910821|2556584|31477685
m303,dev,vague,flow:skip,8042553,1,,,,,0,,,2,602005101|602320512|602492233|602358131|602278708|489226|1521142|3859894|1575512|420424,602005101|602320512|602492233|602358131|602278708|489226|1521142|3859894|1575512|420424|2566853|602452568|30688500|486743|36351997|36391236|2100540|602291370|521724|521736|521747|602265790|31688205|4172962|1590213|2030248|602466725|454477|454476|30755375
m303,dev,vague,flow:skip,8042553,2,vocal_gender,skip,,남성:11|혼성:6|여성:3,10,,,,2566853|602452568|30688500|486743|36351997|36391236|2100540|602291370|521724|521736,2566853|602452568|30688500|486743|36351997|36391236|2100540|602291370|521724|521736|521747|602265790|31688205|4172962|1590213|2030248|602466725|454477|454476|30755375|602378291|4226210|602371531|603146262|1726654|490202|30447547|490201|1017824|32776
m303,dev,vague,flow:skip,8042553,3,genre,skip,,발라드:7|R&B/Soul:7|록/메탈:3|랩/힙합:2|댄스:1,20,,,4,5156|521747|602265790|31688205|4172962|1590213|2030248|602466725|454477|454476,5156|521747|602265790|31688205|4172962|1590213|2030248|602466725|454477|454476|30755375|602378291|4226210|602371531|603146262|1726654|490202|30447547|490201|1017824|32776|602537990|30709103|686637|30349593|454493|602542271|3910821|2556584|31477685
m303,dev,vague,flow:oracle,30755375,1,,,,,0,,30,2,602005101|602320512|602492233|602358131|602278708|489226|1521142|3859894|1575512|420424,602005101|602320512|602492233|602358131|602278708|489226|1521142|3859894|1575512|420424|2566853|602452568|30688500|486743|36351997|36391236|2100540|602291370|521724|521736|521747|602265790|31688205|4172962|1590213|2030248|602466725|454477|454476|30755375
m303,dev,vague,flow:oracle,30755375,2,vocal_gender,oracle,남성,남성:11|혼성:6|여성:3,10,,11,,2566853|602452568|486743|36391236|2100540|602291370|602265790|1590213|454477|454476,2566853|602452568|486743|36391236|2100540|602291370|602265790|1590213|454477|454476|30755375|602378291|603146262|490202|490201|1017824|32776|30688500|36351997|521724|521736|521747|31688205|4172962|2030248|602466725|4226210|602371531|1726654|30447547
m303,dev,vague,flow:oracle,30755375,3,genre,oracle,발라드,발라드:8|R&B/Soul:8|랩/힙합:2|댄스:2,20,2,2,2,5156|30755375|602378291|1017824|32776|686637|521736|521747|31688205|603146262,5156|30755375|602378291|1017824|32776|686637|521736|521747|31688205|603146262|1726654|490202|490201|602537990|602542271|3910821|2556584|31477685|30688500|36351997|521724|4172962|2030248|602466725|4226210|602371531|30447547|30709103|30349593|454493
m303,dev,vague,flow:oracle,31688205,1,,,,,0,,23,2,602005101|602320512|602492233|602358131|602278708|489226|1521142|3859894|1575512|420424,602005101|602320512|602492233|602358131|602278708|489226|1521142|3859894|1575512|420424|2566853|602452568|30688500|486743|36351997|36391236|2100540|602291370|521724|521736|521747|602265790|31688205|4172962|1590213|2030248|602466725|454477|454476|30755375
m303,dev,vague,flow:oracle,31688205,2,vocal_gender,oracle,여성,남성:11|혼성:6|여성:3,10,1,1,1,31688205|4172962|2030248|602371531|1726654|30447547|2566853|602452568|30688500|486743,31688205|4172962|2030248|602371531|1726654|30447547|2566853|602452568|30688500|486743|36351997|36391236|2100540|602291370|521724|521736|521747|602265790|1590213|602466725|454477|454476|30755375|602378291|4226210|603146262|490202|490201|1017824|32776
m303,dev,vague,flow:oracle,8042553,1,,,,,0,,,2,602005101|602320512|602492233|602358131|602278708|489226|1521142|3859894|1575512|420424,602005101|602320512|602492233|602358131|602278708|489226|1521142|3859894|1575512|420424|2566853|602452568|30688500|486743|36351997|36391236|2100540|602291370|521724|521736|521747|602265790|31688205|4172962|1590213|2030248|602466725|454477|454476|30755375
m303,dev,vague,flow:oracle,8042553,2,vocal_gender,oracle,여성,남성:11|혼성:6|여성:3,10,,,1,31688205|4172962|2030248|602371531|1726654|30447547|2566853|602452568|30688500|486743,31688205|4172962|2030248|602371531|1726654|30447547|2566853|602452568|30688500|486743|36351997|36391236|2100540|602291370|521724|521736|521747|602265790|1590213|602466725|454477|454476|30755375|602378291|4226210|603146262|490202|490201|1017824|32776
m303,dev,vague,flow:oracle,8042553,3,genre,oracle,발라드,발라드:6|R&B/Soul:5|댄스:4|록/메탈:3|랩/힙합:2,20,,,6,602542271|31477685|5156|521736|521747|30755375|602378291|1017824|32776|686637,602542271|31477685|5156|521736|521747|30755375|602378291|1017824|32776|686637|36351997|36391236|2100540|602291370|521724|602265790|1590213|602466725|454477|454476|4226210|603146262|490202|490201|602537990|30709103|30349593|454493|3910821|2556584
m303,dev,vague,flow:noisy,30755375,1,,,,,0,,30,2,602005101|602320512|602492233|602358131|602278708|489226|1521142|3859894|1575512|420424,602005101|602320512|602492233|602358131|602278708|489226|1521142|3859894|1575512|420424|2566853|602452568|30688500|486743|36351997|36391236|2100540|602291370|521724|521736|521747|602265790|31688205|4172962|1590213|2030248|602466725|454477|454476|30755375
m303,dev,vague,flow:noisy,30755375,2,vocal_gender,noisy,여성,남성:11|혼성:6|여성:3,10,,23,1,31688205|4172962|2030248|602371531|1726654|30447547|2566853|602452568|30688500|486743,31688205|4172962|2030248|602371531|1726654|30447547|2566853|602452568|30688500|486743|36351997|36391236|2100540|602291370|521724|521736|521747|602265790|1590213|602466725|454477|454476|30755375|602378291|4226210|603146262|490202|490201|1017824|32776
m303,dev,vague,flow:noisy,30755375,3,genre,noisy,댄스,발라드:6|R&B/Soul:5|댄스:4|록/메탈:3|랩/힙합:2,20,,18,,36391236|2100540|602291370|521724|602537990|454493|602542271|31477685|5156|36351997,36391236|2100540|602291370|521724|602537990|454493|602542271|31477685|5156|36351997|521736|521747|602265790|1590213|602466725|454477|454476|30755375|602378291|4226210|603146262|490202|490201|1017824|32776|30709103|686637|30349593|3910821|2556584
m303,dev,vague,flow:noisy,31688205,1,,,,,0,,23,2,602005101|602320512|602492233|602358131|602278708|489226|1521142|3859894|1575512|420424,602005101|602320512|602492233|602358131|602278708|489226|1521142|3859894|1575512|420424|2566853|602452568|30688500|486743|36351997|36391236|2100540|602291370|521724|521736|521747|602265790|31688205|4172962|1590213|2030248|602466725|454477|454476|30755375
m303,dev,vague,flow:noisy,31688205,2,vocal_gender,noisy,남성,남성:11|혼성:6|여성:3,10,,23,,2566853|602452568|486743|36391236|2100540|602291370|602265790|1590213|454477|454476,2566853|602452568|486743|36391236|2100540|602291370|602265790|1590213|454477|454476|30755375|602378291|603146262|490202|490201|1017824|32776|30688500|36351997|521724|521736|521747|31688205|4172962|2030248|602466725|4226210|602371531|1726654|30447547
m303,dev,vague,flow:noisy,31688205,3,genre,noisy,댄스,발라드:8|R&B/Soul:8|랩/힙합:2|댄스:2,20,,20,4,602537990|5156|521724|30755375|602378291|602371531|603146262|490202|490201|1017824,602537990|5156|521724|30755375|602378291|602371531|603146262|490202|490201|1017824|32776|686637|454493|3910821|2556584|30688500|36351997|521736|521747|31688205|4172962|2030248|602466725|4226210|1726654|30447547|30709103|30349593|602542271|31477685
m303,dev,vague,flow:noisy,8042553,1,,,,,0,,,2,602005101|602320512|602492233|602358131|602278708|489226|1521142|3859894|1575512|420424,602005101|602320512|602492233|602358131|602278708|489226|1521142|3859894|1575512|420424|2566853|602452568|30688500|486743|36351997|36391236|2100540|602291370|521724|521736|521747|602265790|31688205|4172962|1590213|2030248|602466725|454477|454476|30755375
m303,dev,vague,flow:noisy,8042553,2,vocal_gender,noisy,남성,남성:11|혼성:6|여성:3,10,,,,2566853|602452568|486743|36391236|2100540|602291370|602265790|1590213|454477|454476,2566853|602452568|486743|36391236|2100540|602291370|602265790|1590213|454477|454476|30755375|602378291|603146262|490202|490201|1017824|32776|30688500|36351997|521724|521736|521747|31688205|4172962|2030248|602466725|4226210|602371531|1726654|30447547
m303,dev,vague,flow:noisy,8042553,3,genre,noisy,댄스,발라드:8|R&B/Soul:8|랩/힙합:2|댄스:2,20,,,4,602537990|5156|521724|30755375|602378291|602371531|603146262|490202|490201|1017824,602537990|5156|521724|30755375|602378291|602371531|603146262|490202|490201|1017824|32776|686637|454493|3910821|2556584|30688500|36351997|521736|521747|31688205|4172962|2030248|602466725|4226210|1726654|30447547|30709103|30349593|602542271|31477685
m402,dev,vague,flow:reject,67169,1,,,,,0,,16,1,1417550|36062335|1099824|1144020|2566853|602302119|32034629|602449383|602520157|2025250,1417550|36062335|1099824|1144020|2566853|602302119|32034629|602449383|602520157|2025250|32651098|527016|1668957|439947|602441427|67169|1739689|602332743|35890454|602509496|32998018|31406357|31777113|7861392|602360405|602359439|1008495|602539198|602059390|602480536
m402,dev,vague,flow:reject,67169,2,,none,,,10,7,7,1,602508757|32651098|527016|1668957|439947|602441427|67169|36616378|1739689|602332743,602508757|32651098|527016|1668957|439947|602441427|67169|36616378|1739689|602332743|35890454|602509496|32998018|31406357|31777113|7861392|602360405|5629186|2276194|602126565|602359439|1008495|602539198|602059390|602480536|602116153|602511536|602047697|602540045|1649188
m402,dev,vague,flow:reject,1467722,1,,,,,0,,,1,1417550|36062335|1099824|1144020|2566853|602302119|32034629|602449383|602520157|2025250,1417550|36062335|1099824|1144020|2566853|602302119|32034629|602449383|602520157|2025250|32651098|527016|1668957|439947|602441427|67169|1739689|602332743|35890454|602509496|32998018|31406357|31777113|7861392|602360405|602359439|1008495|602539198|602059390|602480536
m402,dev,vague,flow:reject,1467722,2,,none,,,10,,,1,602508757|32651098|527016|1668957|439947|602441427|67169|36616378|1739689|602332743,602508757|32651098|527016|1668957|439947|602441427|67169|36616378|1739689|602332743|35890454|602509496|32998018|31406357|31777113|7861392|602360405|5629186|2276194|602126565|602359439|1008495|602539198|602059390|602480536|602116153|602511536|602047697|602540045|1649188
m402,dev,vague,flow:reject,1467722,3,,none,,,20,,,,602509496|1741110|35890454|32998018|31406357|31777113|7861392|602360405|5629186|2276194,602509496|1741110|35890454|32998018|31406357|31777113|7861392|602360405|5629186|2276194|602479475|9631530|31532642|602126565|602359439|1008495|602539198|602059390|602480536|602116153|602511536|602047697|602540045|1649188|485716|602293417|602470504|2544949|602450215|3018898
m402,dev,vague,flow:reject,4512170,1,,,,,0,,,1,1417550|36062335|1099824|1144020|2566853|602302119|32034629|602449383|602520157|2025250,1417550|36062335|1099824|1144020|2566853|602302119|32034629|602449383|602520157|2025250|32651098|527016|1668957|439947|602441427|67169|1739689|602332743|35890454|602509496|32998018|31406357|31777113|7861392|602360405|602359439|1008495|602539198|602059390|602480536
m402,dev,vague,flow:reject,4512170,2,,none,,,10,,,1,602508757|32651098|527016|1668957|439947|602441427|67169|36616378|1739689|602332743,602508757|32651098|527016|1668957|439947|602441427|67169|36616378|1739689|602332743|35890454|602509496|32998018|31406357|31777113|7861392|602360405|5629186|2276194|602126565|602359439|1008495|602539198|602059390|602480536|602116153|602511536|602047697|602540045|1649188
m402,dev,vague,flow:reject,4512170,3,,none,,,20,,,,602509496|1741110|35890454|32998018|31406357|31777113|7861392|602360405|5629186|2276194,602509496|1741110|35890454|32998018|31406357|31777113|7861392|602360405|5629186|2276194|602479475|9631530|31532642|602126565|602359439|1008495|602539198|602059390|602480536|602116153|602511536|602047697|602540045|1649188|485716|602293417|602470504|2544949|602450215|3018898
m402,dev,vague,flow:reject,5668985,1,,,,,0,,,1,1417550|36062335|1099824|1144020|2566853|602302119|32034629|602449383|602520157|2025250,1417550|36062335|1099824|1144020|2566853|602302119|32034629|602449383|602520157|2025250|32651098|527016|1668957|439947|602441427|67169|1739689|602332743|35890454|602509496|32998018|31406357|31777113|7861392|602360405|602359439|1008495|602539198|602059390|602480536
m402,dev,vague,flow:reject,5668985,2,,none,,,10,,,1,602508757|32651098|527016|1668957|439947|602441427|67169|36616378|1739689|602332743,602508757|32651098|527016|1668957|439947|602441427|67169|36616378|1739689|602332743|35890454|602509496|32998018|31406357|31777113|7861392|602360405|5629186|2276194|602126565|602359439|1008495|602539198|602059390|602480536|602116153|602511536|602047697|602540045|1649188
m402,dev,vague,flow:reject,5668985,3,,none,,,20,,,,602509496|1741110|35890454|32998018|31406357|31777113|7861392|602360405|5629186|2276194,602509496|1741110|35890454|32998018|31406357|31777113|7861392|602360405|5629186|2276194|602479475|9631530|31532642|602126565|602359439|1008495|602539198|602059390|602480536|602116153|602511536|602047697|602540045|1649188|485716|602293417|602470504|2544949|602450215|3018898
m402,dev,vague,flow:skip,67169,1,,,,,0,,16,1,1417550|36062335|1099824|1144020|2566853|602302119|32034629|602449383|602520157|2025250,1417550|36062335|1099824|1144020|2566853|602302119|32034629|602449383|602520157|2025250|32651098|527016|1668957|439947|602441427|67169|1739689|602332743|35890454|602509496|32998018|31406357|31777113|7861392|602360405|602359439|1008495|602539198|602059390|602480536
m402,dev,vague,flow:skip,67169,2,genre,skip,,발라드:15|R&B/Soul:2|랩/힙합:2|록/메탈:1,10,7,7,1,602508757|32651098|527016|1668957|439947|602441427|67169|36616378|1739689|602332743,602508757|32651098|527016|1668957|439947|602441427|67169|36616378|1739689|602332743|35890454|602509496|32998018|31406357|31777113|7861392|602360405|5629186|2276194|602126565|602359439|1008495|602539198|602059390|602480536|602116153|602511536|602047697|602540045|1649188
m402,dev,vague,flow:skip,1467722,1,,,,,0,,,1,1417550|36062335|1099824|1144020|2566853|602302119|32034629|602449383|602520157|2025250,1417550|36062335|1099824|1144020|2566853|602302119|32034629|602449383|602520157|2025250|32651098|527016|1668957|439947|602441427|67169|1739689|602332743|35890454|602509496|32998018|31406357|31777113|7861392|602360405|602359439|1008495|602539198|602059390|602480536
m402,dev,vague,flow:skip,1467722,2,genre,skip,,발라드:15|R&B/Soul:2|랩/힙합:2|록/메탈:1,10,,,1,602508757|32651098|527016|1668957|439947|602441427|67169|36616378|1739689|602332743,602508757|32651098|527016|1668957|439947|602441427|67169|36616378|1739689|602332743|35890454|602509496|32998018|31406357|31777113|7861392|602360405|5629186|2276194|602126565|602359439|1008495|602539198|602059390|602480536|602116153|602511536|602047697|602540045|1649188
m402,dev,vague,flow:skip,1467722,3,,none,,,20,,,,602509496|1741110|35890454|32998018|31406357|31777113|7861392|602360405|5629186|2276194,602509496|1741110|35890454|32998018|31406357|31777113|7861392|602360405|5629186|2276194|602479475|9631530|31532642|602126565|602359439|1008495|602539198|602059390|602480536|602116153|602511536|602047697|602540045|1649188|485716|602293417|602470504|2544949|602450215|3018898
m402,dev,vague,flow:skip,4512170,1,,,,,0,,,1,1417550|36062335|1099824|1144020|2566853|602302119|32034629|602449383|602520157|2025250,1417550|36062335|1099824|1144020|2566853|602302119|32034629|602449383|602520157|2025250|32651098|527016|1668957|439947|602441427|67169|1739689|602332743|35890454|602509496|32998018|31406357|31777113|7861392|602360405|602359439|1008495|602539198|602059390|602480536
m402,dev,vague,flow:skip,4512170,2,genre,skip,,발라드:15|R&B/Soul:2|랩/힙합:2|록/메탈:1,10,,,1,602508757|32651098|527016|1668957|439947|602441427|67169|36616378|1739689|602332743,602508757|32651098|527016|1668957|439947|602441427|67169|36616378|1739689|602332743|35890454|602509496|32998018|31406357|31777113|7861392|602360405|5629186|2276194|602126565|602359439|1008495|602539198|602059390|602480536|602116153|602511536|602047697|602540045|1649188
m402,dev,vague,flow:skip,4512170,3,,none,,,20,,,,602509496|1741110|35890454|32998018|31406357|31777113|7861392|602360405|5629186|2276194,602509496|1741110|35890454|32998018|31406357|31777113|7861392|602360405|5629186|2276194|602479475|9631530|31532642|602126565|602359439|1008495|602539198|602059390|602480536|602116153|602511536|602047697|602540045|1649188|485716|602293417|602470504|2544949|602450215|3018898
m402,dev,vague,flow:skip,5668985,1,,,,,0,,,1,1417550|36062335|1099824|1144020|2566853|602302119|32034629|602449383|602520157|2025250,1417550|36062335|1099824|1144020|2566853|602302119|32034629|602449383|602520157|2025250|32651098|527016|1668957|439947|602441427|67169|1739689|602332743|35890454|602509496|32998018|31406357|31777113|7861392|602360405|602359439|1008495|602539198|602059390|602480536
m402,dev,vague,flow:skip,5668985,2,genre,skip,,발라드:15|R&B/Soul:2|랩/힙합:2|록/메탈:1,10,,,1,602508757|32651098|527016|1668957|439947|602441427|67169|36616378|1739689|602332743,602508757|32651098|527016|1668957|439947|602441427|67169|36616378|1739689|602332743|35890454|602509496|32998018|31406357|31777113|7861392|602360405|5629186|2276194|602126565|602359439|1008495|602539198|602059390|602480536|602116153|602511536|602047697|602540045|1649188
m402,dev,vague,flow:skip,5668985,3,,none,,,20,,,,602509496|1741110|35890454|32998018|31406357|31777113|7861392|602360405|5629186|2276194,602509496|1741110|35890454|32998018|31406357|31777113|7861392|602360405|5629186|2276194|602479475|9631530|31532642|602126565|602359439|1008495|602539198|602059390|602480536|602116153|602511536|602047697|602540045|1649188|485716|602293417|602470504|2544949|602450215|3018898
m402,dev,vague,flow:oracle,67169,1,,,,,0,,16,1,1417550|36062335|1099824|1144020|2566853|602302119|32034629|602449383|602520157|2025250,1417550|36062335|1099824|1144020|2566853|602302119|32034629|602449383|602520157|2025250|32651098|527016|1668957|439947|602441427|67169|1739689|602332743|35890454|602509496|32998018|31406357|31777113|7861392|602360405|602359439|1008495|602539198|602059390|602480536
m402,dev,vague,flow:oracle,67169,2,genre,oracle,발라드,발라드:15|R&B/Soul:2|랩/힙합:2|록/메탈:1,10,7,7,1,602508757|32651098|527016|1668957|439947|602441427|67169|36616378|1739689|602332743,602508757|32651098|527016|1668957|439947|602441427|67169|36616378|1739689|602332743|35890454|602509496|32998018|31406357|31777113|7861392|602360405|5629186|2276194|602126565|602359439|1008495|602539198|602059390|602480536|602116153|602511536|602047697|602540045|1649188
m402,dev,vague,flow:oracle,1467722,1,,,,,0,,,1,1417550|36062335|1099824|1144020|2566853|602302119|32034629|602449383|602520157|2025250,1417550|36062335|1099824|1144020|2566853|602302119|32034629|602449383|602520157|2025250|32651098|527016|1668957|439947|602441427|67169|1739689|602332743|35890454|602509496|32998018|31406357|31777113|7861392|602360405|602359439|1008495|602539198|602059390|602480536
m402,dev,vague,flow:oracle,1467722,2,genre,oracle,발라드,발라드:15|R&B/Soul:2|랩/힙합:2|록/메탈:1,10,,,1,602508757|32651098|527016|1668957|439947|602441427|67169|36616378|1739689|602332743,602508757|32651098|527016|1668957|439947|602441427|67169|36616378|1739689|602332743|35890454|602509496|32998018|31406357|31777113|7861392|602360405|5629186|2276194|602126565|602359439|1008495|602539198|602059390|602480536|602116153|602511536|602047697|602540045|1649188
m402,dev,vague,flow:oracle,1467722,3,,none,,,20,,,,602509496|1741110|35890454|32998018|31406357|31777113|7861392|602360405|5629186|2276194,602509496|1741110|35890454|32998018|31406357|31777113|7861392|602360405|5629186|2276194|602479475|9631530|31532642|2544949|3018898|602126565|602359439|1008495|602539198|602059390|602480536|602116153|602511536|602047697|602540045|1649188|485716|602293417|602470504|602450215
m402,dev,vague,flow:oracle,4512170,1,,,,,0,,,1,1417550|36062335|1099824|1144020|2566853|602302119|32034629|602449383|602520157|2025250,1417550|36062335|1099824|1144020|2566853|602302119|32034629|602449383|602520157|2025250|32651098|527016|1668957|439947|602441427|67169|1739689|602332743|35890454|602509496|32998018|31406357|31777113|7861392|602360405|602359439|1008495|602539198|602059390|602480536
m402,dev,vague,flow:oracle,4512170,2,genre,oracle,발라드,발라드:15|R&B/Soul:2|랩/힙합:2|록/메탈:1,10,,,1,602508757|32651098|527016|1668957|439947|602441427|67169|36616378|1739689|602332743,602508757|32651098|527016|1668957|439947|602441427|67169|36616378|1739689|602332743|35890454|602509496|32998018|31406357|31777113|7861392|602360405|5629186|2276194|602126565|602359439|1008495|602539198|602059390|602480536|602116153|602511536|602047697|602540045|1649188
m402,dev,vague,flow:oracle,4512170,3,,none,,,20,,,,602509496|1741110|35890454|32998018|31406357|31777113|7861392|602360405|5629186|2276194,602509496|1741110|35890454|32998018|31406357|31777113|7861392|602360405|5629186|2276194|602479475|9631530|31532642|2544949|3018898|602126565|602359439|1008495|602539198|602059390|602480536|602116153|602511536|602047697|602540045|1649188|485716|602293417|602470504|602450215
m402,dev,vague,flow:oracle,5668985,1,,,,,0,,,1,1417550|36062335|1099824|1144020|2566853|602302119|32034629|602449383|602520157|2025250,1417550|36062335|1099824|1144020|2566853|602302119|32034629|602449383|602520157|2025250|32651098|527016|1668957|439947|602441427|67169|1739689|602332743|35890454|602509496|32998018|31406357|31777113|7861392|602360405|602359439|1008495|602539198|602059390|602480536
m402,dev,vague,flow:oracle,5668985,2,genre,oracle,발라드,발라드:15|R&B/Soul:2|랩/힙합:2|록/메탈:1,10,,,1,602508757|32651098|527016|1668957|439947|602441427|67169|36616378|1739689|602332743,602508757|32651098|527016|1668957|439947|602441427|67169|36616378|1739689|602332743|35890454|602509496|32998018|31406357|31777113|7861392|602360405|5629186|2276194|602126565|602359439|1008495|602539198|602059390|602480536|602116153|602511536|602047697|602540045|1649188
m402,dev,vague,flow:oracle,5668985,3,,none,,,20,,,,602509496|1741110|35890454|32998018|31406357|31777113|7861392|602360405|5629186|2276194,602509496|1741110|35890454|32998018|31406357|31777113|7861392|602360405|5629186|2276194|602479475|9631530|31532642|2544949|3018898|602126565|602359439|1008495|602539198|602059390|602480536|602116153|602511536|602047697|602540045|1649188|485716|602293417|602470504|602450215
m402,dev,vague,flow:noisy,67169,1,,,,,0,,16,1,1417550|36062335|1099824|1144020|2566853|602302119|32034629|602449383|602520157|2025250,1417550|36062335|1099824|1144020|2566853|602302119|32034629|602449383|602520157|2025250|32651098|527016|1668957|439947|602441427|67169|1739689|602332743|35890454|602509496|32998018|31406357|31777113|7861392|602360405|602359439|1008495|602539198|602059390|602480536
m402,dev,vague,flow:noisy,67169,2,genre,noisy,R&B/Soul,발라드:15|R&B/Soul:2|랩/힙합:2|록/메탈:1,10,,11,5,602359439|602539198|602511536|602540045|602508757|32651098|527016|1668957|439947|602441427,602359439|602539198|602511536|602540045|602508757|32651098|527016|1668957|439947|602441427|67169|36616378|1739689|602332743|35890454|602509496|32998018|31406357|31777113|7861392|602360405|5629186|2276194|602126565|1008495|602059390|602480536|602116153|602047697|1649188
m402,dev,vague,flow:noisy,67169,3,,none,,,20,5,5,5,485716|602470504|602450215|1739689|67169|36616378|602509496|1741110|602332743|35890454,485716|602470504|602450215|1739689|67169|36616378|602509496|1741110|602332743|35890454|32998018|31406357|31777113|7861392|602360405|5629186|2276194|602479475|9631530|31532642|602126565|1008495|602059390|602480536|602116153|602047697|1649188|602293417|2544949|3018898
m402,dev,vague,flow:noisy,1467722,1,,,,,0,,,1,1417550|36062335|1099824|1144020|2566853|602302119|32034629|602449383|602520157|2025250,1417550|36062335|1099824|1144020|2566853|602302119|32034629|602449383|602520157|2025250|32651098|527016|1668957|439947|602441427|67169|1739689|602332743|35890454|602509496|32998018|31406357|31777113|7861392|602360405|602359439|1008495|602539198|602059390|602480536
m402,dev,vague,flow:noisy,1467722,2,genre,noisy,R&B/Soul,발라드:15|R&B/Soul:2|랩/힙합:2|록/메탈:1,10,,,5,602359439|602539198|602511536|602540045|602508757|32651098|527016|1668957|439947|602441427,602359439|602539198|602511536|602540045|602508757|32651098|527016|1668957|439947|602441427|67169|36616378|1739689|602332743|35890454|602509496|32998018|31406357|31777113|7861392|602360405|5629186|2276194|602126565|1008495|602059390|602480536|602116153|602047697|1649188
m402,dev,vague,flow:noisy,1467722,3,,none,,,20,,,5,485716|602470504|602450215|1739689|67169|36616378|602509496|1741110|602332743|35890454,485716|602470504|602450215|1739689|67169|36616378|602509496|1741110|602332743|35890454|32998018|31406357|31777113|7861392|602360405|5629186|2276194|602479475|9631530|31532642|602126565|1008495|602059390|602480536|602116153|602047697|1649188|602293417|2544949|3018898
m402,dev,vague,flow:noisy,4512170,1,,,,,0,,,1,1417550|36062335|1099824|1144020|2566853|602302119|32034629|602449383|602520157|2025250,1417550|36062335|1099824|1144020|2566853|602302119|32034629|602449383|602520157|2025250|32651098|527016|1668957|439947|602441427|67169|1739689|602332743|35890454|602509496|32998018|31406357|31777113|7861392|602360405|602359439|1008495|602539198|602059390|602480536
m402,dev,vague,flow:noisy,4512170,2,genre,noisy,R&B/Soul,발라드:15|R&B/Soul:2|랩/힙합:2|록/메탈:1,10,,,5,602359439|602539198|602511536|602540045|602508757|32651098|527016|1668957|439947|602441427,602359439|602539198|602511536|602540045|602508757|32651098|527016|1668957|439947|602441427|67169|36616378|1739689|602332743|35890454|602509496|32998018|31406357|31777113|7861392|602360405|5629186|2276194|602126565|1008495|602059390|602480536|602116153|602047697|1649188
m402,dev,vague,flow:noisy,4512170,3,,none,,,20,,,5,485716|602470504|602450215|1739689|67169|36616378|602509496|1741110|602332743|35890454,485716|602470504|602450215|1739689|67169|36616378|602509496|1741110|602332743|35890454|32998018|31406357|31777113|7861392|602360405|5629186|2276194|602479475|9631530|31532642|602126565|1008495|602059390|602480536|602116153|602047697|1649188|602293417|2544949|3018898
m402,dev,vague,flow:noisy,5668985,1,,,,,0,,,1,1417550|36062335|1099824|1144020|2566853|602302119|32034629|602449383|602520157|2025250,1417550|36062335|1099824|1144020|2566853|602302119|32034629|602449383|602520157|2025250|32651098|527016|1668957|439947|602441427|67169|1739689|602332743|35890454|602509496|32998018|31406357|31777113|7861392|602360405|602359439|1008495|602539198|602059390|602480536
m402,dev,vague,flow:noisy,5668985,2,genre,noisy,R&B/Soul,발라드:15|R&B/Soul:2|랩/힙합:2|록/메탈:1,10,,,5,602359439|602539198|602511536|602540045|602508757|32651098|527016|1668957|439947|602441427,602359439|602539198|602511536|602540045|602508757|32651098|527016|1668957|439947|602441427|67169|36616378|1739689|602332743|35890454|602509496|32998018|31406357|31777113|7861392|602360405|5629186|2276194|602126565|1008495|602059390|602480536|602116153|602047697|1649188
m402,dev,vague,flow:noisy,5668985,3,,none,,,20,,,5,485716|602470504|602450215|1739689|67169|36616378|602509496|1741110|602332743|35890454,485716|602470504|602450215|1739689|67169|36616378|602509496|1741110|602332743|35890454|32998018|31406357|31777113|7861392|602360405|5629186|2276194|602479475|9631530|31532642|602126565|1008495|602059390|602480536|602116153|602047697|1649188|602293417|2544949|3018898
m403,dev,vague,flow:reject,30849733,1,,,,,0,,,7,1836102|2102150|31324607|1576735|32021744|32298623|30247520|602467923|602378218|602496952,1836102|2102150|31324607|1576735|32021744|32298623|30247520|602467923|602378218|602496952|602469319|602173808|602499365|8233373|31286161|602369677|33001672|602047697|454477|601893642|31532438|602540788|30512671|31055324|1932604|32825454|33589488|37463572|5731941|602450289
m403,dev,vague,flow:reject,30849733,2,,none,,,10,,,,4048381|5684791|602469319|4021445|602388655|4645220|602173808|602499365|8233373|31286161,4048381|602469319|4021445|5684791|602388655|4645220|602173808|602499365|8233373|31286161|602369677|33001672|602047697|454477|601893642|31532438|602540788|30512671|31055324|1932604|32825454|33589488|37463572|5731941|602450289|1879332|492078|3904614|106172|602437176
m403,dev,vague,flow:reject,30849733,3,,none,,,20,,,,3436083|5536206|602541837|602428694|602377791|2930971|31388145|602369677|33001672|602047697,3436083|5536206|602541837|602428694|602377791|2930971|31388145|602369677|33001672|602047697|454477|601893642|31532438|602540788|30512671|31055324|1932604|32825454|33589488|37463572|5731941|602450289|1879332|492078|3904614|106172|602437176|31684634|31684636|1575129
m403,dev,vague,flow:reject,4129672,1,,,,,0,,,7,1836102|2102150|31324607|1576735|32021744|32298623|30247520|602467923|602378218|602496952,1836102|2102150|31324607|1576735|32021744|32298623|30247520|602467923|602378218|602496952|602469319|602173808|602499365|8233373|31286161|602369677|33001672|602047697|454477|601893642|31532438|602540788|30512671|31055324|1932604|32825454|33589488|37463572|5731941|602450289
m403,dev,vague,flow:reject,4129672,2,,none,,,10,,,,4048381|5684791|602469319|4021445|602388655|4645220|602173808|602499365|8233373|31286161,4048381|602469319|4021445|5684791|602388655|4645220|602173808|602499365|8233373|31286161|602369677|33001672|602047697|454477|601893642|31532438|602540788|30512671|31055324|1932604|32825454|33589488|37463572|5731941|602450289|1879332|492078|3904614|106172|602437176
m403,dev,vague,flow:reject,4129672,3,,none,,,20,,,,3436083|5536206|602541837|602428694|602377791|2930971|31388145|602369677|33001672|602047697,3436083|5536206|602541837|602428694|602377791|2930971|31388145|602369677|33001672|602047697|454477|601893642|31532438|602540788|30512671|31055324|1932604|32825454|33589488|37463572|5731941|602450289|1879332|492078|3904614|106172|602437176|31684634|31684636|1575129
m403,dev,vague,flow:skip,30849733,1,,,,,0,,,7,1836102|2102150|31324607|1576735|32021744|32298623|30247520|602467923|602378218|602496952,1836102|2102150|31324607|1576735|32021744|32298623|30247520|602467923|602378218|602496952|602469319|602173808|602499365|8233373|31286161|602369677|33001672|602047697|454477|601893642|31532438|602540788|30512671|31055324|1932604|32825454|33589488|37463572|5731941|602450289
m403,dev,vague,flow:skip,30849733,2,vocal_gender,skip,,여성:9|남성:9|혼성:2,10,,,,4048381|5684791|602469319|4021445|602388655|4645220|602173808|602499365|8233373|31286161,4048381|602469319|4021445|5684791|602388655|4645220|602173808|602499365|8233373|31286161|602369677|33001672|602047697|454477|601893642|31532438|602540788|30512671|31055324|1932604|32825454|33589488|37463572|5731941|602450289|1879332|492078|3904614|106172|602437176
m403,dev,vague,flow:skip,30849733,3,genre,skip,,댄스:11|랩/힙합:4|록/메탈:3|R&B/Soul:2,20,,,,3436083|5536206|602541837|602428694|602377791|2930971|31388145|602369677|33001672|602047697,3436083|5536206|602541837|602428694|602377791|2930971|31388145|602369677|33001672|602047697|454477|601893642|31532438|602540788|30512671|31055324|1932604|32825454|33589488|37463572|5731941|602450289|1879332|492078|3904614|106172|602437176|31684634|31684636|1575129
m403,dev,vague,flow:skip,4129672,1,,,,,0,,,7,1836102|2102150|31324607|1576735|32021744|32298623|30247520|602467923|602378218|602496952,1836102|2102150|31324607|1576735|32021744|32298623|30247520|602467923|602378218|602496952|602469319|602173808|602499365|8233373|31286161|602369677|33001672|602047697|454477|601893642|31532438|602540788|30512671|31055324|1932604|32825454|33589488|37463572|5731941|602450289
m403,dev,vague,flow:skip,4129672,2,vocal_gender,skip,,여성:9|남성:9|혼성:2,10,,,,4048381|5684791|602469319|4021445|602388655|4645220|602173808|602499365|8233373|31286161,4048381|602469319|4021445|5684791|602388655|4645220|602173808|602499365|8233373|31286161|602369677|33001672|602047697|454477|601893642|31532438|602540788|30512671|31055324|1932604|32825454|33589488|37463572|5731941|602450289|1879332|492078|3904614|106172|602437176
m403,dev,vague,flow:skip,4129672,3,genre,skip,,댄스:11|랩/힙합:4|록/메탈:3|R&B/Soul:2,20,,,,3436083|5536206|602541837|602428694|602377791|2930971|31388145|602369677|33001672|602047697,3436083|5536206|602541837|602428694|602377791|2930971|31388145|602369677|33001672|602047697|454477|601893642|31532438|602540788|30512671|31055324|1932604|32825454|33589488|37463572|5731941|602450289|1879332|492078|3904614|106172|602437176|31684634|31684636|1575129
m403,dev,vague,flow:oracle,30849733,1,,,,,0,,,7,1836102|2102150|31324607|1576735|32021744|32298623|30247520|602467923|602378218|602496952,1836102|2102150|31324607|1576735|32021744|32298623|30247520|602467923|602378218|602496952|602469319|602173808|602499365|8233373|31286161|602369677|33001672|602047697|454477|601893642|31532438|602540788|30512671|31055324|1932604|32825454|33589488|37463572|5731941|602450289
m403,dev,vague,flow:oracle,30849733,2,vocal_gender,oracle,남성,여성:9|남성:9|혼성:2,10,,,,4048381|5684791|4021445|602173808|602499365|602369677|602047697|454477|601893642|602540788,4048381|4021445|5684791|602173808|602499365|602369677|602047697|454477|601893642|602540788|33589488|602450289|602469319|602388655|4645220|8233373|31286161|33001672|31532438|30512671|31055324|1932604|32825454|37463572|5731941|1879332|492078|3904614|106172|602437176
m403,dev,vague,flow:oracle,30849733,3,genre,oracle,발라드,댄스:9|R&B/Soul:3|발라드:3|랩/힙합:3|록/메탈:2,20,,,,3436083|31388145|602428694|5536206|602469319|602388655|4645220|602541837|602377791|2930971,3436083|5536206|602428694|31388145|602469319|602388655|4645220|602541837|602377791|2930971|33589488|602450289|31684634|31684636|8233373|31286161|33001672|31532438|30512671|31055324|1932604|32825454|37463572|5731941|1879332|492078|3904614|106172|602437176|1575129
m403,dev,vague,flow:oracle,4129672,1,,,,,0,,,7,1836102|2102150|31324607|1576735|32021744|32298623|30247520|602467923|602378218|602496952,1836102|2102150|31324607|1576735|32021744|32298623|30247520|602467923|602378218|602496952|602469319|602173808|602499365|8233373|31286161|602369677|33001672|602047697|454477|601893642|31532438|602540788|30512671|31055324|1932604|32825454|33589488|37463572|5731941|602450289
m403,dev,vague,flow:oracle,4129672,2,vocal_gender,oracle,혼성,여성:9|남성:9|혼성:2,10,,,,1932604|5731941|4048381|602469319|4021445|5684791|602388655|4645220|602173808|602499365,1932604|5731941|4048381|602469319|4021445|5684791|602388655|4645220|602173808|602499365|8233373|31286161|602369677|33001672|602047697|454477|601893642|31532438|602540788|30512671|31055324|32825454|33589488|37463572|602450289|1879332|492078|3904614|106172|602437176
m403,dev,vague,flow:oracle,4129672,3,genre,skip,,댄스:12|R&B/Soul:3|록/메탈:3|랩/힙합:2,20,,,,1575129|3436083|5536206|602541837|602428694|602377791|2930971|31388145|8233373|31286161,1575129|3436083|5536206|602541837|602428694|602377791|2930971|31388145|8233373|31286161|602369677|33001672|602047697|454477|601893642|31532438|602540788|30512671|31055324|32825454|33589488|37463572|602450289|1879332|492078|3904614|106172|602437176|31684634|31684636
m403,dev,vague,flow:noisy,30849733,1,,,,,0,,,7,1836102|2102150|31324607|1576735|32021744|32298623|30247520|602467923|602378218|602496952,1836102|2102150|31324607|1576735|32021744|32298623|30247520|602467923|602378218|602496952|602469319|602173808|602499365|8233373|31286161|602369677|33001672|602047697|454477|601893642|31532438|602540788|30512671|31055324|1932604|32825454|33589488|37463572|5731941|602450289
m403,dev,vague,flow:noisy,30849733,2,vocal_gender,noisy,여성,여성:9|남성:9|혼성:2,10,,,,602469319|602388655|4645220|8233373|31286161|33001672|31532438|30512671|31055324|32825454,602469319|602388655|4645220|8233373|31286161|33001672|31532438|30512671|31055324|32825454|37463572|1879332|492078|3904614|106172|602437176|4048381|4021445|5684791|602173808|602499365|602369677|602047697|454477|601893642|602540788|1932604|33589488|5731941|602450289
m403,dev,vague,flow:noisy,30849733,3,genre,noisy,댄스,댄스:9|록/메탈:3|발라드:3|랩/힙합:3|R&B/Soul:2,20,,,,37463572|1879332|3904614|602437176|602541837|602377791|2930971|602173808|602499365|602369677,37463572|1879332|3904614|602437176|602541837|602377791|2930971|602173808|602499365|602369677|602047697|601893642|492078|106172|4048381|3436083|4021445|5684791|5536206|602428694|31388145|454477|602540788|1932604|33589488|5731941|602450289|31684634|31684636|1575129
m403,dev,vague,flow:noisy,4129672,1,,,,,0,,,7,1836102|2102150|31324607|1576735|32021744|32298623|30247520|602467923|602378218|602496952,1836102|2102150|31324607|1576735|32021744|32298623|30247520|602467923|602378218|602496952|602469319|602173808|602499365|8233373|31286161|602369677|33001672|602047697|454477|601893642|31532438|602540788|30512671|31055324|1932604|32825454|33589488|37463572|5731941|602450289
m403,dev,vague,flow:noisy,4129672,2,vocal_gender,noisy,남성,여성:9|남성:9|혼성:2,10,,,,4048381|5684791|4021445|602173808|602499365|602369677|602047697|454477|601893642|602540788,4048381|4021445|5684791|602173808|602499365|602369677|602047697|454477|601893642|602540788|33589488|602450289|602469319|602388655|4645220|8233373|31286161|33001672|31532438|30512671|31055324|1932604|32825454|37463572|5731941|1879332|492078|3904614|106172|602437176
m403,dev,vague,flow:noisy,4129672,3,genre,noisy,댄스,댄스:9|R&B/Soul:3|발라드:3|랩/힙합:3|록/메탈:2,20,,,,3436083|31388145|5536206|602428694|31286161|33001672|31532438|30512671|31055324|33589488,3436083|5536206|602428694|31388145|31286161|33001672|31532438|30512671|31055324|33589488|37463572|602450289|1879332|3904614|602437176|31684634|31684636|602469319|602388655|4645220|602541837|602377791|2930971|8233373|1932604|32825454|5731941|492078|106172|1575129
q110,dev,vague,flow:reject,4503810,1,,,,,0,,,,5112|37138471|1566277|602554113|36599949|3570725|2197448|425453|34349913|3366160,5112|37138471|1566277|602554113|36599949|3570725|2197448|425453|34349913|3366160|32559781|2231948|36430773|32528369|2987448|602048198|2797558|602499783|602335674|8068881|37563682|602230561|2667293|31055324|35730562|36430774|602323997|36871671|1926582|4383773
q110,dev,vague,flow:reject,4503810,2,,none,,,10,1,1,1,4503810|32559781|2231948|36430773|32528369|2987448|602048198|2797558|602499783|602335674,4503810|32559781|2231948|36430773|32528369|2987448|602048198|2797558|602499783|602335674|2160048|35485544|8068881|37563682|602230561|2667293|31055324|35730562|36430774|602323997|36871671|1926582|4383773|2930969|38123332|36416114|2629049|32559782|4184826|1929329
q110,dev,vague,flow:skip,4503810,1,,,,,0,,,,5112|37138471|1566277|602554113|36599949|3570725|2197448|425453|34349913|3366160,5112|37138471|1566277|602554113|36599949|3570725|2197448|425453|34349913|3366160|32559781|2231948|36430773|32528369|2987448|602048198|2797558|602499783|602335674|8068881|37563682|602230561|2667293|31055324|35730562|36430774|602323997|36871671|1926582|4383773
q110,dev,vague,flow:skip,4503810,2,,none,,,10,1,1,1,4503810|32559781|2231948|36430773|32528369|2987448|602048198|2797558|602499783|602335674,4503810|32559781|2231948|36430773|32528369|2987448|602048198|2797558|602499783|602335674|2160048|35485544|8068881|37563682|602230561|2667293|31055324|35730562|36430774|602323997|36871671|1926582|4383773|2930969|38123332|36416114|2629049|32559782|4184826|1929329
q110,dev,vague,flow:oracle,4503810,1,,,,,0,,,,5112|37138471|1566277|602554113|36599949|3570725|2197448|425453|34349913|3366160,5112|37138471|1566277|602554113|36599949|3570725|2197448|425453|34349913|3366160|32559781|2231948|36430773|32528369|2987448|602048198|2797558|602499783|602335674|8068881|37563682|602230561|2667293|31055324|35730562|36430774|602323997|36871671|1926582|4383773
q110,dev,vague,flow:oracle,4503810,2,,none,,,10,1,1,1,4503810|32559781|2231948|36430773|32528369|2987448|602048198|2797558|602499783|602335674,4503810|32559781|2231948|36430773|32528369|2987448|602048198|2797558|602499783|602335674|2160048|35485544|8068881|37563682|602230561|2667293|31055324|35730562|36430774|602323997|36871671|1926582|4383773|2930969|38123332|36416114|2629049|32559782|4184826|1929329
q110,dev,vague,flow:noisy,4503810,1,,,,,0,,,,5112|37138471|1566277|602554113|36599949|3570725|2197448|425453|34349913|3366160,5112|37138471|1566277|602554113|36599949|3570725|2197448|425453|34349913|3366160|32559781|2231948|36430773|32528369|2987448|602048198|2797558|602499783|602335674|8068881|37563682|602230561|2667293|31055324|35730562|36430774|602323997|36871671|1926582|4383773
q110,dev,vague,flow:noisy,4503810,2,,none,,,10,1,1,1,4503810|32559781|2231948|36430773|32528369|2987448|602048198|2797558|602499783|602335674,4503810|32559781|2231948|36430773|32528369|2987448|602048198|2797558|602499783|602335674|2160048|35485544|8068881|37563682|602230561|2667293|31055324|35730562|36430774|602323997|36871671|1926582|4383773|2930969|38123332|36416114|2629049|32559782|4184826|1929329
q112,dev,vague,flow:reject,1556547,1,,,,,0,,,,1765767|1932604|933372|1786851|1566277|1583453|35640077|2271648|1657769|1500206,1765767|1932604|933372|1786851|1566277|1583453|35640077|2271648|1657769|1500206|1139741|1951553|986817|2908515|2024974|33625988|1455699|1807098|1204915|2203097|8252409|2803451|862035|622649|486743|423583|602511189|2289852|1929329|2159715
q112,dev,vague,flow:reject,1556547,2,,none,,,10,,,,420248|1139741|1951553|986817|2908515|2024974|33625988|1455699|1807098|1204915,420248|1139741|1951553|986817|2908515|2024974|33625988|1455699|1807098|1204915|2203097|1929329|8252409|2803451|862035|622649|486743|423583|602511189|2289852|504835|3037051|2159715|2172570|488135|2129151|3692955|488134|8218594|8122589
q112,dev,vague,flow:reject,1556547,3,,none,,,20,,,,2203097|1929329|2289852|8252409|2803451|862035|622649|486743|423583|602511189,2203097|1929329|2289852|8252409|2803451|862035|622649|486743|423583|602511189|504835|602294060|3037051|2159715|2172570|488135|2129151|3692955|2930969|488134|8218594|8122589|106465|4294284|3764899|3928713|5660040|3815739|3488667|3906377
q112,dev,vague,flow:skip,1556547,1,,,,,0,,,,1765767|1932604|933372|1786851|1566277|1583453|35640077|2271648|1657769|1500206,1765767|1932604|933372|1786851|1566277|1583453|35640077|2271648|1657769|1500206|1139741|1951553|986817|2908515|2024974|33625988|1455699|1807098|1204915|2203097|8252409|2803451|862035|622649|486743|423583|602511189|2289852|1929329|2159715
q112,dev,vague,flow:skip,1556547,2,vocal_gender,skip,,남성:8|여성:8|혼성:4,10,,,,420248|1139741|1951553|986817|2908515|2024974|33625988|1455699|1807098|1204915,420248|1139741|1951553|986817|2908515|2024974|33625988|1455699|1807098|1204915|2203097|1929329|8252409|2803451|862035|622649|486743|423583|602511189|2289852|504835|3037051|2159715|2172570|488135|2129151|3692955|488134|8218594|8122589
q112,dev,vague,flow:skip,1556547,3,genre,skip,,댄스:10|랩/힙합:6|발라드:4,20,,,,2203097|1929329|2289852|8252409|2803451|862035|622649|486743|423583|602511189,2203097|1929329|2289852|8252409|2803451|862035|622649|486743|423583|602511189|504835|602294060|3037051|2159715|2172570|488135|2129151|3692955|2930969|488134|8218594|8122589|106465|4294284|3764899|3928713|5660040|3815739|3488667|3906377
q112,dev,vague,flow:oracle,1556547,1,,,,,0,,,,1765767|1932604|933372|1786851|1566277|1583453|35640077|2271648|1657769|1500206,1765767|1932604|933372|1786851|1566277|1583453|35640077|2271648|1657769|1500206|1139741|1951553|986817|2908515|2024974|33625988|1455699|1807098|1204915|2203097|8252409|2803451|862035|622649|486743|423583|602511189|2289852|1929329|2159715
q112,dev,vague,flow:oracle,1556547,2,vocal_gender,oracle,남성,남성:8|여성:8|혼성:4,10,,,,420248|1139741|1951553|986817|33625988|8252409|622649|486743|602511189|2172570,420248|1139741|1951553|986817|33625988|8252409|622649|486743|602511189|2172570|3692955|8218594|8122589|2908515|2024974|1455699|1807098|1204915|2203097|1929329|2803451|862035|423583|2289852|504835|3037051|2159715|488135|2129151|488134
q112,dev,vague,flow:oracle,1556547,3,genre,oracle,랩/힙합,댄스:13|랩/힙합:4|발라드:3,20,,,,602294060|106465|3906377|1204915|504835|488135|3692955|488134|8218594|8122589,602294060|106465|3906377|1204915|504835|488135|3692955|488134|8218594|8122589|3928713|3488667|2908515|2024974|1455699|1807098|2203097|1929329|2289852|2803451|862035|423583|3037051|2159715|2129151|2930969|4294284|3764899|5660040|3815739
q112,dev,vague,flow:noisy,1556547,1,,,,,0,,,,1765767|1932604|933372|1786851|1566277|1583453|35640077|2271648|1657769|1500206,1765767|1932604|933372|1786851|1566277|1583453|35640077|2271648|1657769|1500206|1139741|1951553|986817|2908515|2024974|33625988|1455699|1807098|1204915|2203097|8252409|2803451|862035|622649|486743|423583|602511189|2289852|1929329|2159715
q112,dev,vague,flow:noisy,1556547,2,vocal_gender,noisy,여성,남성:8|여성:8|혼성:4,10,,,,2908515|2024974|1807098|2203097|1929329|2803451|862035|3037051|2159715|488135,2908515|2024974|1807098|2203097|1929329|2803451|862035|3037051|2159715|488135|2129151|488134|420248|1139741|1951553|986817|33625988|1455699|1204915|8252409|622649|486743|423583|602511189|2289852|504835|2172570|3692955|8218594|8122589
q112,dev,vague,flow:noisy,1556547,3,genre,noisy,R&B/Soul,댄스:7|랩/힙합:7|발라드:5|R&B/Soul:1,20,,,,1139741|2129151|2930969|488134|3764899|5660040|3815739|420248|1951553|986817,1139741|2129151|2930969|488134|3764899|5660040|3815739|420248|1951553|986817|33625988|1455699|1204915|2289852|8252409|622649|486743|423583|602511189|504835|602294060|2172570|3692955|8218594|8122589|106465|4294284|3928713|3488667|3906377
q115,dev,vague,flow:reject,31829536,1,,,,,0,,,5,31532642|31316695|4132144|30514366|36394038|5400360|3436083|35252996|602540604|32224409,31532642|31316695|4132144|30514366|36394038|5400360|3436083|35252996|602540604|32224409|31406357|31304766|602508757|4543502|32998018|36616378|32034629|602302119|31324607|35890454|602378261|698972|445159|8122589|602470600|775161|602388677|602392779|33625988|602427156
q115,dev,vague,flow:reject,31829536,2,,none,,,10,,,,31406357|31304766|602508757|4543502|32998018|36616378|32034629|602302119|31324607|35890454,31406357|31304766|602508757|4543502|32998018|36616378|32034629|602302119|31324607|35890454|602378261|698972|445159|8122589|602470600|775161|602388677|602392779|33625988|602427156|31914848|602378218|978136|602498758|3864961|30753213|1836102|1467722|7861392|602411050
q115,dev,vague,flow:reject,31829536,3,,none,,,20,,,,602378261|698972|445159|8122589|602470600|775161|602388677|602392779|33625988|602427156,602378261|698972|445159|8122589|602470600|775161|602388677|602392779|33625988|602427156|31914848|602378218|978136|602498758|3864961|30753213|1836102|1467722|7861392|602411050|4299165|1521180|1099594|1563629|3706380|1789828|1790894|5709750|4117702|3467461
q115,dev,vague,flow:skip,31829536,1,,,,,0,,,5,31532642|31316695|4132144|30514366|36394038|5400360|3436083|35252996|602540604|32224409,31532642|31316695|4132144|30514366|36394038|5400360|3436083|35252996|602540604|32224409|31406357|31304766|602508757|4543502|32998018|36616378|32034629|602302119|31324607|35890454|602378261|698972|445159|8122589|602470600|775161|602388677|602392779|33625988|602427156
q115,dev,vague,flow:skip,31829536,2,,none,,,10,,,,31406357|31304766|602508757|4543502|32998018|36616378|32034629|602302119|31324607|35890454,31406357|31304766|602508757|4543502|32998018|36616378|32034629|602302119|31324607|35890454|602378261|698972|445159|8122589|602470600|775161|602388677|602392779|33625988|602427156|31914848|602378218|978136|602498758|3864961|30753213|1836102|1467722|7861392|602411050
q115,dev,vague,flow:skip,31829536,3,,none,,,20,,,,602378261|698972|445159|8122589|602470600|775161|602388677|602392779|33625988|602427156,602378261|698972|445159|8122589|602470600|775161|602388677|602392779|33625988|602427156|31914848|602378218|978136|602498758|3864961|30753213|1836102|1467722|7861392|602411050|4299165|1521180|1099594|1563629|3706380|1789828|1790894|5709750|4117702|3467461
q115,dev,vague,flow:oracle,31829536,1,,,,,0,,,5,31532642|31316695|4132144|30514366|36394038|5400360|3436083|35252996|602540604|32224409,31532642|31316695|4132144|30514366|36394038|5400360|3436083|35252996|602540604|32224409|31406357|31304766|602508757|4543502|32998018|36616378|32034629|602302119|31324607|35890454|602378261|698972|445159|8122589|602470600|775161|602388677|602392779|33625988|602427156
q115,dev,vague,flow:oracle,31829536,2,,none,,,10,,,,31406357|31304766|602508757|4543502|32998018|36616378|32034629|602302119|31324607|35890454,31406357|31304766|602508757|4543502|32998018|36616378|32034629|602302119|31324607|35890454|602378261|698972|445159|8122589|602470600|775161|602388677|602392779|33625988|602427156|31914848|602378218|978136|602498758|3864961|30753213|1836102|1467722|7861392|602411050
q115,dev,vague,flow:oracle,31829536,3,,none,,,20,,,,602378261|698972|445159|8122589|602470600|775161|602388677|602392779|33625988|602427156,602378261|698972|445159|8122589|602470600|775161|602388677|602392779|33625988|602427156|31914848|602378218|978136|602498758|3864961|30753213|1836102|1467722|7861392|602411050|4299165|1521180|1099594|1563629|3706380|1789828|1790894|5709750|4117702|3467461
q115,dev,vague,flow:noisy,31829536,1,,,,,0,,,5,31532642|31316695|4132144|30514366|36394038|5400360|3436083|35252996|602540604|32224409,31532642|31316695|4132144|30514366|36394038|5400360|3436083|35252996|602540604|32224409|31406357|31304766|602508757|4543502|32998018|36616378|32034629|602302119|31324607|35890454|602378261|698972|445159|8122589|602470600|775161|602388677|602392779|33625988|602427156
q115,dev,vague,flow:noisy,31829536,2,,none,,,10,,,,31406357|31304766|602508757|4543502|32998018|36616378|32034629|602302119|31324607|35890454,31406357|31304766|602508757|4543502|32998018|36616378|32034629|602302119|31324607|35890454|602378261|698972|445159|8122589|602470600|775161|602388677|602392779|33625988|602427156|31914848|602378218|978136|602498758|3864961|30753213|1836102|1467722|7861392|602411050
q115,dev,vague,flow:noisy,31829536,3,,none,,,20,,,,602378261|698972|445159|8122589|602470600|775161|602388677|602392779|33625988|602427156,602378261|698972|445159|8122589|602470600|775161|602388677|602392779|33625988|602427156|31914848|602378218|978136|602498758|3864961|30753213|1836102|1467722|7861392|602411050|4299165|1521180|1099594|1563629|3706380|1789828|1790894|5709750|4117702|3467461
q117,dev,vague,flow:reject,1379738,1,,,,,0,,,5,521724|521736|521747|602362082|602005101|602278140|30550388|602378408|54517|31133898,521724|521736|521747|602362082|602005101|602278140|30550388|602378408|54517|31133898|602492233|35546497|3904614|30690674|602278708|4101639|602376645|602371531|30550293|602418394|2100540|34847378|31477685|602067627|602070128|602466725|32825454|602391777|3534943|3534941
q117,dev,vague,flow:reject,1379738,2,,none,,,10,,,,602492233|35546497|3904614|30690674|602278708|4101639|602376645|602371531|30550293|602418394,602492233|35546497|3904614|30690674|602278708|4101639|602376645|602371531|30550293|602418394|2100540|34847378|31477685|602067627|602070128|602466725|32825454|602391777|3534943|3534941|601893642|454477|454476|1984780|36034936|36411342|36411344|602265790|31324607|3620493
q117,dev,vague,flow:reject,1379738,3,,none,,,20,,,,602420877|35009233|2100540|34847378|31477685|602067627|602070128|602466725|32825454|602391777,602420877|35009233|2100540|34847378|31477685|602067627|602070128|602466725|32825454|602391777|3534943|3534941|601893642|454477|454476|1984780|36034936|36411342|36411344|602265790|31324607|3620493|5807274|5807273|38022274|602369677|3561276|36391236|3859894|105639
q117,dev,vague,flow:reject,1204915,1,,,,,0,,,5,521724|521736|521747|602362082|602005101|602278140|30550388|602378408|54517|31133898,521724|521736|521747|602362082|602005101|602278140|30550388|602378408|54517|31133898|602492233|35546497|3904614|30690674|602278708|4101639|602376645|602371531|30550293|602418394|2100540|34847378|31477685|602067627|602070128|602466725|32825454|602391777|3534943|3534941
q117,dev,vague,flow:reject,1204915,2,,none,,,10,,,,602492233|35546497|3904614|30690674|602278708|4101639|602376645|602371531|30550293|602418394,602492233|35546497|3904614|30690674|602278708|4101639|602376645|602371531|30550293|602418394|2100540|34847378|31477685|602067627|602070128|602466725|32825454|602391777|3534943|3534941|601893642|454477|454476|1984780|36034936|36411342|36411344|602265790|31324607|3620493
q117,dev,vague,flow:reject,1204915,3,,none,,,20,,,,602420877|35009233|2100540|34847378|31477685|602067627|602070128|602466725|32825454|602391777,602420877|35009233|2100540|34847378|31477685|602067627|602070128|602466725|32825454|602391777|3534943|3534941|601893642|454477|454476|1984780|36034936|36411342|36411344|602265790|31324607|3620493|5807274|5807273|38022274|602369677|3561276|36391236|3859894|105639
q117,dev,vague,flow:reject,4806686,1,,,,,0,,,5,521724|521736|521747|602362082|602005101|602278140|30550388|602378408|54517|31133898,521724|521736|521747|602362082|602005101|602278140|30550388|602378408|54517|31133898|602492233|35546497|3904614|30690674|602278708|4101639|602376645|602371531|30550293|602418394|2100540|34847378|31477685|602067627|602070128|602466725|32825454|602391777|3534943|3534941
q117,dev,vague,flow:reject,4806686,2,,none,,,10,,,,602492233|35546497|3904614|30690674|602278708|4101639|602376645|602371531|30550293|602418394,602492233|35546497|3904614|30690674|602278708|4101639|602376645|602371531|30550293|602418394|2100540|34847378|31477685|602067627|602070128|602466725|32825454|602391777|3534943|3534941|601893642|454477|454476|1984780|36034936|36411342|36411344|602265790|31324607|3620493
q117,dev,vague,flow:reject,4806686,3,,none,,,20,,,,602420877|35009233|2100540|34847378|31477685|602067627|602070128|602466725|32825454|602391777,602420877|35009233|2100540|34847378|31477685|602067627|602070128|602466725|32825454|602391777|3534943|3534941|601893642|454477|454476|1984780|36034936|36411342|36411344|602265790|31324607|3620493|5807274|5807273|38022274|602369677|3561276|36391236|3859894|105639
q117,dev,vague,flow:reject,31829536,1,,,,,0,,,5,521724|521736|521747|602362082|602005101|602278140|30550388|602378408|54517|31133898,521724|521736|521747|602362082|602005101|602278140|30550388|602378408|54517|31133898|602492233|35546497|3904614|30690674|602278708|4101639|602376645|602371531|30550293|602418394|2100540|34847378|31477685|602067627|602070128|602466725|32825454|602391777|3534943|3534941
q117,dev,vague,flow:reject,31829536,2,,none,,,10,,,,602492233|35546497|3904614|30690674|602278708|4101639|602376645|602371531|30550293|602418394,602492233|35546497|3904614|30690674|602278708|4101639|602376645|602371531|30550293|602418394|2100540|34847378|31477685|602067627|602070128|602466725|32825454|602391777|3534943|3534941|601893642|454477|454476|1984780|36034936|36411342|36411344|602265790|31324607|3620493
q117,dev,vague,flow:reject,31829536,3,,none,,,20,,,,602420877|35009233|2100540|34847378|31477685|602067627|602070128|602466725|32825454|602391777,602420877|35009233|2100540|34847378|31477685|602067627|602070128|602466725|32825454|602391777|3534943|3534941|601893642|454477|454476|1984780|36034936|36411342|36411344|602265790|31324607|3620493|5807274|5807273|38022274|602369677|3561276|36391236|3859894|105639
q117,dev,vague,flow:reject,5668985,1,,,,,0,,,5,521724|521736|521747|602362082|602005101|602278140|30550388|602378408|54517|31133898,521724|521736|521747|602362082|602005101|602278140|30550388|602378408|54517|31133898|602492233|35546497|3904614|30690674|602278708|4101639|602376645|602371531|30550293|602418394|2100540|34847378|31477685|602067627|602070128|602466725|32825454|602391777|3534943|3534941
q117,dev,vague,flow:reject,5668985,2,,none,,,10,,,,602492233|35546497|3904614|30690674|602278708|4101639|602376645|602371531|30550293|602418394,602492233|35546497|3904614|30690674|602278708|4101639|602376645|602371531|30550293|602418394|2100540|34847378|31477685|602067627|602070128|602466725|32825454|602391777|3534943|3534941|601893642|454477|454476|1984780|36034936|36411342|36411344|602265790|31324607|3620493
q117,dev,vague,flow:reject,5668985,3,,none,,,20,,,,602420877|35009233|2100540|34847378|31477685|602067627|602070128|602466725|32825454|602391777,602420877|35009233|2100540|34847378|31477685|602067627|602070128|602466725|32825454|602391777|3534943|3534941|601893642|454477|454476|1984780|36034936|36411342|36411344|602265790|31324607|3620493|5807274|5807273|38022274|602369677|3561276|36391236|3859894|105639
q117,dev,vague,flow:skip,1379738,1,,,,,0,,,5,521724|521736|521747|602362082|602005101|602278140|30550388|602378408|54517|31133898,521724|521736|521747|602362082|602005101|602278140|30550388|602378408|54517|31133898|602492233|35546497|3904614|30690674|602278708|4101639|602376645|602371531|30550293|602418394|2100540|34847378|31477685|602067627|602070128|602466725|32825454|602391777|3534943|3534941
q117,dev,vague,flow:skip,1379738,2,vocal_gender,skip,,여성:9|남성:9|혼성:2,10,,,,602492233|35546497|3904614|30690674|602278708|4101639|602376645|602371531|30550293|602418394,602492233|35546497|3904614|30690674|602278708|4101639|602376645|602371531|30550293|602418394|2100540|34847378|31477685|602067627|602070128|602466725|32825454|602391777|3534943|3534941|601893642|454477|454476|1984780|36034936|36411342|36411344|602265790|31324607|3620493
q117,dev,vague,flow:skip,1379738,3,genre,skip,,댄스:8|랩/힙합:4|발라드:3|R&B/Soul:2|록/메탈:2|인디음악:1,20,,,,602420877|35009233|2100540|34847378|31477685|602067627|602070128|602466725|32825454|602391777,602420877|35009233|2100540|34847378|31477685|602067627|602070128|602466725|32825454|602391777|3534943|3534941|601893642|454477|454476|1984780|36034936|36411342|36411344|602265790|31324607|3620493|5807274|5807273|38022274|602369677|3561276|36391236|3859894|105639
q117,dev,vague,flow:skip,1204915,1,,,,,0,,,5,521724|521736|521747|602362082|602005101|602278140|30550388|602378408|54517|31133898,521724|521736|521747|602362082|602005101|602278140|30550388|602378408|54517|31133898|602492233|35546497|3904614|30690674|602278708|4101639|602376645|602371531|30550293|602418394|2100540|34847378|31477685|602067627|602070128|602466725|32825454|602391777|3534943|3534941
q117,dev,vague,flow:skip,1204915,2,vocal_gender,skip,,여성:9|남성:9|혼성:2,10,,,,602492233|35546497|3904614|30690674|602278708|4101639|602376645|602371531|30550293|602418394,602492233|35546497|3904614|30690674|602278708|4101639|602376645|602371531|30550293|602418394|2100540|34847378|31477685|602067627|602070128|602466725|32825454|602391777|3534943|3534941|601893642|454477|454476|1984780|36034936|36411342|36411344|602265790|31324607|3620493
q117,dev,vague,flow:skip,1204915,3,genre,skip,,댄스:8|랩/힙합:4|발라드:3|R&B/Soul:2|록/메탈:2|인디음악:1,20,,,,602420877|35009233|2100540|34847378|31477685|602067627|602070128|602466725|32825454|602391777,602420877|35009233|2100540|34847378|31477685|602067627|602070128|602466725|32825454|602391777|3534943|3534941|601893642|454477|454476|1984780|36034936|36411342|36411344|602265790|31324607|3620493|5807274|5807273|38022274|602369677|3561276|36391236|3859894|105639
q117,dev,vague,flow:skip,4806686,1,,,,,0,,,5,521724|521736|521747|602362082|602005101|602278140|30550388|602378408|54517|31133898,521724|521736|521747|602362082|602005101|602278140|30550388|602378408|54517|31133898|602492233|35546497|3904614|30690674|602278708|4101639|602376645|602371531|30550293|602418394|2100540|34847378|31477685|602067627|602070128|602466725|32825454|602391777|3534943|3534941
q117,dev,vague,flow:skip,4806686,2,vocal_gender,skip,,여성:9|남성:9|혼성:2,10,,,,602492233|35546497|3904614|30690674|602278708|4101639|602376645|602371531|30550293|602418394,602492233|35546497|3904614|30690674|602278708|4101639|602376645|602371531|30550293|602418394|2100540|34847378|31477685|602067627|602070128|602466725|32825454|602391777|3534943|3534941|601893642|454477|454476|1984780|36034936|36411342|36411344|602265790|31324607|3620493
q117,dev,vague,flow:skip,4806686,3,genre,skip,,댄스:8|랩/힙합:4|발라드:3|R&B/Soul:2|록/메탈:2|인디음악:1,20,,,,602420877|35009233|2100540|34847378|31477685|602067627|602070128|602466725|32825454|602391777,602420877|35009233|2100540|34847378|31477685|602067627|602070128|602466725|32825454|602391777|3534943|3534941|601893642|454477|454476|1984780|36034936|36411342|36411344|602265790|31324607|3620493|5807274|5807273|38022274|602369677|3561276|36391236|3859894|105639
q117,dev,vague,flow:skip,31829536,1,,,,,0,,,5,521724|521736|521747|602362082|602005101|602278140|30550388|602378408|54517|31133898,521724|521736|521747|602362082|602005101|602278140|30550388|602378408|54517|31133898|602492233|35546497|3904614|30690674|602278708|4101639|602376645|602371531|30550293|602418394|2100540|34847378|31477685|602067627|602070128|602466725|32825454|602391777|3534943|3534941
q117,dev,vague,flow:skip,31829536,2,vocal_gender,skip,,여성:9|남성:9|혼성:2,10,,,,602492233|35546497|3904614|30690674|602278708|4101639|602376645|602371531|30550293|602418394,602492233|35546497|3904614|30690674|602278708|4101639|602376645|602371531|30550293|602418394|2100540|34847378|31477685|602067627|602070128|602466725|32825454|602391777|3534943|3534941|601893642|454477|454476|1984780|36034936|36411342|36411344|602265790|31324607|3620493
q117,dev,vague,flow:skip,31829536,3,genre,skip,,댄스:8|랩/힙합:4|발라드:3|R&B/Soul:2|록/메탈:2|인디음악:1,20,,,,602420877|35009233|2100540|34847378|31477685|602067627|602070128|602466725|32825454|602391777,602420877|35009233|2100540|34847378|31477685|602067627|602070128|602466725|32825454|602391777|3534943|3534941|601893642|454477|454476|1984780|36034936|36411342|36411344|602265790|31324607|3620493|5807274|5807273|38022274|602369677|3561276|36391236|3859894|105639
q117,dev,vague,flow:skip,5668985,1,,,,,0,,,5,521724|521736|521747|602362082|602005101|602278140|30550388|602378408|54517|31133898,521724|521736|521747|602362082|602005101|602278140|30550388|602378408|54517|31133898|602492233|35546497|3904614|30690674|602278708|4101639|602376645|602371531|30550293|602418394|2100540|34847378|31477685|602067627|602070128|602466725|32825454|602391777|3534943|3534941
q117,dev,vague,flow:skip,5668985,2,vocal_gender,skip,,여성:9|남성:9|혼성:2,10,,,,602492233|35546497|3904614|30690674|602278708|4101639|602376645|602371531|30550293|602418394,602492233|35546497|3904614|30690674|602278708|4101639|602376645|602371531|30550293|602418394|2100540|34847378|31477685|602067627|602070128|602466725|32825454|602391777|3534943|3534941|601893642|454477|454476|1984780|36034936|36411342|36411344|602265790|31324607|3620493
q117,dev,vague,flow:skip,5668985,3,genre,skip,,댄스:8|랩/힙합:4|발라드:3|R&B/Soul:2|록/메탈:2|인디음악:1,20,,,,602420877|35009233|2100540|34847378|31477685|602067627|602070128|602466725|32825454|602391777,602420877|35009233|2100540|34847378|31477685|602067627|602070128|602466725|32825454|602391777|3534943|3534941|601893642|454477|454476|1984780|36034936|36411342|36411344|602265790|31324607|3620493|5807274|5807273|38022274|602369677|3561276|36391236|3859894|105639
q117,dev,vague,flow:oracle,1379738,1,,,,,0,,,5,521724|521736|521747|602362082|602005101|602278140|30550388|602378408|54517|31133898,521724|521736|521747|602362082|602005101|602278140|30550388|602378408|54517|31133898|602492233|35546497|3904614|30690674|602278708|4101639|602376645|602371531|30550293|602418394|2100540|34847378|31477685|602067627|602070128|602466725|32825454|602391777|3534943|3534941
q117,dev,vague,flow:oracle,1379738,2,vocal_gender,oracle,남성,여성:9|남성:9|혼성:2,10,,,,30690674|602278708|602376645|30550293|602418394|2100540|602067627|602070128|3534941|601893642,30690674|602278708|602376645|30550293|602418394|2100540|602067627|602070128|3534941|601893642|454477|454476|36034936|602265790|31324607|3620493|602492233|35546497|3904614|4101639|602371531|34847378|31477685|602466725|32825454|602391777|3534943|1984780|36411342|36411344
q117,dev,vague,flow:oracle,1379738,3,genre,oracle,발라드,댄스:8|랩/힙합:3|발라드:3|R&B/Soul:3|록/메탈:2|인디음악:1,20,,,,31324607|602420877|31477685|454477|454476|1984780|36034936|602265790|3620493|5807274,31324607|602420877|31477685|454477|454476|1984780|36034936|602265790|3620493|5807274|5807273|602369677|3561276|36391236|3859894|35009233|602492233|35546497|3904614|4101639|602371531|34847378|602466725|32825454|602391777|3534943|36411342|36411344|38022274|105639
q117,dev,vague,flow:oracle,1204915,1,,,,,0,,,5,521724|521736|521747|602362082|602005101|602278140|30550388|602378408|54517|31133898,521724|521736|521747|602362082|602005101|602278140|30550388|602378408|54517|31133898|602492233|35546497|3904614|30690674|602278708|4101639|602376645|602371531|30550293|602418394|2100540|34847378|31477685|602067627|602070128|602466725|32825454|602391777|3534943|3534941
q117,dev,vague,flow:oracle,1204915,2,vocal_gender,oracle,혼성,여성:9|남성:9|혼성:2,10,,,,602466725|3534943|602492233|35546497|3904614|30690674|602278708|4101639|602376645|602371531,602466725|3534943|602492233|35546497|3904614|30690674|602278708|4101639|602376645|602371531|30550293|602418394|2100540|34847378|31477685|602067627|602070128|32825454|602391777|3534941|601893642|454477|454476|1984780|36034936|36411342|36411344|602265790|31324607|3620493
q117,dev,vague,flow:oracle,1204915,3,genre,oracle,랩/힙합,댄스:8|랩/힙합:4|록/메탈:3|발라드:3|R&B/Soul:1|인디음악:1,20,,,,602420877|602418394|32825454|3534941|602265790|5807273|3561276|35009233|30550293|2100540,602420877|602418394|32825454|3534941|602265790|5807273|3561276|35009233|30550293|2100540|34847378|31477685|602067627|602070128|602391777|601893642|454477|454476|1984780|36034936|36411342|36411344|31324607|3620493|5807274|38022274|602369677|36391236|3859894|105639
q117,dev,vague,flow:oracle,4806686,1,,,,,0,,,5,521724|521736|521747|602362082|602005101|602278140|30550388|602378408|54517|31133898,521724|521736|521747|602362082|602005101|602278140|30550388|602378408|54517|31133898|602492233|35546497|3904614|30690674|602278708|4101639|602376645|602371531|30550293|602418394|2100540|34847378|31477685|602067627|602070128|602466725|32825454|602391777|3534943|3534941
q117,dev,vague,flow:oracle,4806686,2,vocal_gender,oracle,남성,여성:9|남성:9|혼성:2,10,,,,30690674|602278708|602376645|30550293|602418394|2100540|602067627|602070128|3534941|601893642,30690674|602278708|602376645|30550293|602418394|2100540|602067627|602070128|3534941|601893642|454477|454476|36034936|602265790|31324607|3620493|602492233|35546497|3904614|4101639|602371531|34847378|31477685|602466725|32825454|602391777|3534943|1984780|36411342|36411344
q117,dev,vague,flow:oracle,4806686,3,genre,oracle,발라드,댄스:8|랩/힙합:3|발라드:3|R&B/Soul:3|록/메탈:2|인디음악:1,20,,,,31324607|602420877|31477685|454477|454476|1984780|36034936|602265790|3620493|5807274,31324607|602420877|31477685|454477|454476|1984780|36034936|602265790|3620493|5807274|5807273|602369677|3561276|36391236|3859894|35009233|602492233|35546497|3904614|4101639|602371531|34847378|602466725|32825454|602391777|3534943|36411342|36411344|38022274|105639
q117,dev,vague,flow:oracle,31829536,1,,,,,0,,,5,521724|521736|521747|602362082|602005101|602278140|30550388|602378408|54517|31133898,521724|521736|521747|602362082|602005101|602278140|30550388|602378408|54517|31133898|602492233|35546497|3904614|30690674|602278708|4101639|602376645|602371531|30550293|602418394|2100540|34847378|31477685|602067627|602070128|602466725|32825454|602391777|3534943|3534941
q117,dev,vague,flow:oracle,31829536,2,vocal_gender,oracle,남성,여성:9|남성:9|혼성:2,10,,,,30690674|602278708|602376645|30550293|602418394|2100540|602067627|602070128|3534941|601893642,30690674|602278708|602376645|30550293|602418394|2100540|602067627|602070128|3534941|601893642|454477|454476|36034936|602265790|31324607|3620493|602492233|35546497|3904614|4101639|602371531|34847378|31477685|602466725|32825454|602391777|3534943|1984780|36411342|36411344
q117,dev,vague,flow:oracle,31829536,3,genre,oracle,발라드,댄스:8|랩/힙합:3|발라드:3|R&B/Soul:3|록/메탈:2|인디음악:1,20,,,,31324607|602420877|31477685|454477|454476|1984780|36034936|602265790|3620493|5807274,31324607|602420877|31477685|454477|454476|1984780|36034936|602265790|3620493|5807274|5807273|602369677|3561276|36391236|3859894|35009233|602492233|35546497|3904614|4101639|602371531|34847378|602466725|32825454|602391777|3534943|36411342|36411344|38022274|105639
q117,dev,vague,flow:oracle,5668985,1,,,,,0,,,5,521724|521736|521747|602362082|602005101|602278140|30550388|602378408|54517|31133898,521724|521736|521747|602362082|602005101|602278140|30550388|602378408|54517|31133898|602492233|35546497|3904614|30690674|602278708|4101639|602376645|602371531|30550293|602418394|2100540|34847378|31477685|602067627|602070128|602466725|32825454|602391777|3534943|3534941
q117,dev,vague,flow:oracle,5668985,2,vocal_gender,oracle,남성,여성:9|남성:9|혼성:2,10,,,,30690674|602278708|602376645|30550293|602418394|2100540|602067627|602070128|3534941|601893642,30690674|602278708|602376645|30550293|602418394|2100540|602067627|602070128|3534941|601893642|454477|454476|36034936|602265790|31324607|3620493|602492233|35546497|3904614|4101639|602371531|34847378|31477685|602466725|32825454|602391777|3534943|1984780|36411342|36411344
q117,dev,vague,flow:oracle,5668985,3,genre,oracle,발라드,댄스:8|랩/힙합:3|발라드:3|R&B/Soul:3|록/메탈:2|인디음악:1,20,,,,31324607|602420877|31477685|454477|454476|1984780|36034936|602265790|3620493|5807274,31324607|602420877|31477685|454477|454476|1984780|36034936|602265790|3620493|5807274|5807273|602369677|3561276|36391236|3859894|35009233|602492233|35546497|3904614|4101639|602371531|34847378|602466725|32825454|602391777|3534943|36411342|36411344|38022274|105639
q117,dev,vague,flow:noisy,1379738,1,,,,,0,,,5,521724|521736|521747|602362082|602005101|602278140|30550388|602378408|54517|31133898,521724|521736|521747|602362082|602005101|602278140|30550388|602378408|54517|31133898|602492233|35546497|3904614|30690674|602278708|4101639|602376645|602371531|30550293|602418394|2100540|34847378|31477685|602067627|602070128|602466725|32825454|602391777|3534943|3534941
q117,dev,vague,flow:noisy,1379738,2,vocal_gender,noisy,여성,여성:9|남성:9|혼성:2,10,,,,602492233|35546497|3904614|4101639|602371531|34847378|31477685|32825454|602391777|1984780,602492233|35546497|3904614|4101639|602371531|34847378|31477685|32825454|602391777|1984780|36411342|36411344|30690674|602278708|602376645|30550293|602418394|2100540|602067627|602070128|602466725|3534943|3534941|601893642|454477|454476|36034936|602265790|31324607|3620493
q117,dev,vague,flow:noisy,1379738,3,genre,noisy,댄스,댄스:7|랩/힙합:6|록/메탈:3|발라드:2|R&B/Soul:1|인디음악:1,20,,,,35009233|36411342|36411344|105639|2100540|602067627|602070128|601893642|36034936|5807274,35009233|36411342|36411344|105639|2100540|602067627|602070128|601893642|36034936|5807274|38022274|602369677|36391236|3859894|602420877|30690674|602278708|602376645|30550293|602418394|602466725|3534943|3534941|454477|454476|602265790|31324607|3620493|5807273|3561276
q117,dev,vague,flow:noisy,1204915,1,,,,,0,,,5,521724|521736|521747|602362082|602005101|602278140|30550388|602378408|54517|31133898,521724|521736|521747|602362082|602005101|602278140|30550388|602378408|54517|31133898|602492233|35546497|3904614|30690674|602278708|4101639|602376645|602371531|30550293|602418394|2100540|34847378|31477685|602067627|602070128|602466725|32825454|602391777|3534943|3534941
q117,dev,vague,flow:noisy,1204915,2,vocal_gender,noisy,남성,여성:9|남성:9|혼성:2,10,,,,30690674|602278708|602376645|30550293|602418394|2100540|602067627|602070128|3534941|601893642,30690674|602278708|602376645|30550293|602418394|2100540|602067627|602070128|3534941|601893642|454477|454476|36034936|602265790|31324607|3620493|602492233|35546497|3904614|4101639|602371531|34847378|31477685|602466725|32825454|602391777|3534943|1984780|36411342|36411344
q117,dev,vague,flow:noisy,1204915,3,genre,noisy,R&B/Soul,댄스:8|랩/힙합:3|발라드:3|R&B/Soul:3|록/메탈:2|인디음악:1,20,,,,602420877|602492233|602466725|602391777|454477|454476|36034936|602265790|31324607|3620493,602420877|602492233|602466725|602391777|454477|454476|36034936|602265790|31324607|3620493|5807274|5807273|602369677|36391236|35009233|35546497|3904614|4101639|602371531|34847378|31477685|32825454|3534943|1984780|36411342|36411344|38022274|3561276|3859894|105639
q117,dev,vague,flow:noisy,4806686,1,,,,,0,,,5,521724|521736|521747|602362082|602005101|602278140|30550388|602378408|54517|31133898,521724|521736|521747|602362082|602005101|602278140|30550388|602378408|54517|31133898|602492233|35546497|3904614|30690674|602278708|4101639|602376645|602371531|30550293|602418394|2100540|34847378|31477685|602067627|602070128|602466725|32825454|602391777|3534943|3534941
q117,dev,vague,flow:noisy,4806686,2,vocal_gender,noisy,여성,여성:9|남성:9|혼성:2,10,,,,602492233|35546497|3904614|4101639|602371531|34847378|31477685|32825454|602391777|1984780,602492233|35546497|3904614|4101639|602371531|34847378|31477685|32825454|602391777|1984780|36411342|36411344|30690674|602278708|602376645|30550293|602418394|2100540|602067627|602070128|602466725|3534943|3534941|601893642|454477|454476|36034936|602265790|31324607|3620493
q117,dev,vague,flow:noisy,4806686,3,genre,noisy,댄스,댄스:7|랩/힙합:6|록/메탈:3|발라드:2|R&B/Soul:1|인디음악:1,20,,,,35009233|36411342|36411344|105639|2100540|602067627|602070128|601893642|36034936|5807274,35009233|36411342|36411344|105639|2100540|602067627|602070128|601893642|36034936|5807274|38022274|602369677|36391236|3859894|602420877|30690674|602278708|602376645|30550293|602418394|602466725|3534943|3534941|454477|454476|602265790|31324607|3620493|5807273|3561276
q117,dev,vague,flow:noisy,31829536,1,,,,,0,,,5,521724|521736|521747|602362082|602005101|602278140|30550388|602378408|54517|31133898,521724|521736|521747|602362082|602005101|602278140|30550388|602378408|54517|31133898|602492233|35546497|3904614|30690674|602278708|4101639|602376645|602371531|30550293|602418394|2100540|34847378|31477685|602067627|602070128|602466725|32825454|602391777|3534943|3534941
q117,dev,vague,flow:noisy,31829536,2,vocal_gender,noisy,여성,여성:9|남성:9|혼성:2,10,,,,602492233|35546497|3904614|4101639|602371531|34847378|31477685|32825454|602391777|1984780,602492233|35546497|3904614|4101639|602371531|34847378|31477685|32825454|602391777|1984780|36411342|36411344|30690674|602278708|602376645|30550293|602418394|2100540|602067627|602070128|602466725|3534943|3534941|601893642|454477|454476|36034936|602265790|31324607|3620493
q117,dev,vague,flow:noisy,31829536,3,genre,noisy,댄스,댄스:7|랩/힙합:6|록/메탈:3|발라드:2|R&B/Soul:1|인디음악:1,20,,,,35009233|36411342|36411344|105639|2100540|602067627|602070128|601893642|36034936|5807274,35009233|36411342|36411344|105639|2100540|602067627|602070128|601893642|36034936|5807274|38022274|602369677|36391236|3859894|602420877|30690674|602278708|602376645|30550293|602418394|602466725|3534943|3534941|454477|454476|602265790|31324607|3620493|5807273|3561276
q117,dev,vague,flow:noisy,5668985,1,,,,,0,,,5,521724|521736|521747|602362082|602005101|602278140|30550388|602378408|54517|31133898,521724|521736|521747|602362082|602005101|602278140|30550388|602378408|54517|31133898|602492233|35546497|3904614|30690674|602278708|4101639|602376645|602371531|30550293|602418394|2100540|34847378|31477685|602067627|602070128|602466725|32825454|602391777|3534943|3534941
q117,dev,vague,flow:noisy,5668985,2,vocal_gender,noisy,여성,여성:9|남성:9|혼성:2,10,,,,602492233|35546497|3904614|4101639|602371531|34847378|31477685|32825454|602391777|1984780,602492233|35546497|3904614|4101639|602371531|34847378|31477685|32825454|602391777|1984780|36411342|36411344|30690674|602278708|602376645|30550293|602418394|2100540|602067627|602070128|602466725|3534943|3534941|601893642|454477|454476|36034936|602265790|31324607|3620493
q117,dev,vague,flow:noisy,5668985,3,genre,noisy,댄스,댄스:7|랩/힙합:6|록/메탈:3|발라드:2|R&B/Soul:1|인디음악:1,20,,,,35009233|36411342|36411344|105639|2100540|602067627|602070128|601893642|36034936|5807274,35009233|36411342|36411344|105639|2100540|602067627|602070128|601893642|36034936|5807274|38022274|602369677|36391236|3859894|602420877|30690674|602278708|602376645|30550293|602418394|602466725|3534943|3534941|454477|454476|602265790|31324607|3620493|5807273|3561276
q202,dev,vague,flow:reject,4400561,1,,,,,0,,15,,602230561|602554113|32528369|36871671|36430773|34668619|30816860|36411342|36266615|602540011,602230561|602554113|32528369|36871671|36430773|34668619|30816860|36411342|36266615|602540011|32175937|30287019|7982920|7847861|4400561|1566277|1807098|1927248|4840271|2371261|3395649|2987448|3488849|1288745|2219848|3087888|3764899|3903316|33749109|34883833
q202,dev,vague,flow:reject,4400561,2,,none,,,10,6,6,6,32175937|30287019|33749109|7982920|7847861|4400561|1566277|1807098|1927248|4840271,32175937|30287019|33749109|7982920|7847861|4400561|1566277|1807098|1927248|4840271|2371261|3395649|2987448|3488849|1288745|2219848|3087888|3764899|3903316|864431|3532821|4118143|2587788|2159569|34883833|5658708|602193303|5456526|3666277|602399222
q202,dev,vague,flow:skip,4400561,1,,,,,0,,15,,602230561|602554113|32528369|36871671|36430773|34668619|30816860|36411342|36266615|602540011,602230561|602554113|32528369|36871671|36430773|34668619|30816860|36411342|36266615|602540011|32175937|30287019|7982920|7847861|4400561|1566277|1807098|1927248|4840271|2371261|3395649|2987448|3488849|1288745|2219848|3087888|3764899|3903316|33749109|34883833
q202,dev,vague,flow:skip,4400561,2,,none,,,10,6,6,6,32175937|30287019|33749109|7982920|7847861|4400561|1566277|1807098|1927248|4840271,32175937|30287019|33749109|7982920|7847861|4400561|1566277|1807098|1927248|4840271|2371261|3395649|2987448|3488849|1288745|2219848|3087888|3764899|3903316|864431|3532821|4118143|2587788|2159569|34883833|5658708|602193303|5456526|3666277|602399222
q202,dev,vague,flow:oracle,4400561,1,,,,,0,,15,,602230561|602554113|32528369|36871671|36430773|34668619|30816860|36411342|36266615|602540011,602230561|602554113|32528369|36871671|36430773|34668619|30816860|36411342|36266615|602540011|32175937|30287019|7982920|7847861|4400561|1566277|1807098|1927248|4840271|2371261|3395649|2987448|3488849|1288745|2219848|3087888|3764899|3903316|33749109|34883833
q202,dev,vague,flow:oracle,4400561,2,,none,,,10,6,6,6,32175937|30287019|33749109|7982920|7847861|4400561|1566277|1807098|1927248|4840271,32175937|30287019|33749109|7982920|7847861|4400561|1566277|1807098|1927248|4840271|2371261|3395649|2987448|3488849|1288745|2219848|3087888|3764899|3903316|864431|3532821|4118143|2587788|2159569|34883833|5658708|602193303|5456526|3666277|602399222
q202,dev,vague,flow:noisy,4400561,1,,,,,0,,15,,602230561|602554113|32528369|36871671|36430773|34668619|30816860|36411342|36266615|602540011,602230561|602554113|32528369|36871671|36430773|34668619|30816860|36411342|36266615|602540011|32175937|30287019|7982920|7847861|4400561|1566277|1807098|1927248|4840271|2371261|3395649|2987448|3488849|1288745|2219848|3087888|3764899|3903316|33749109|34883833
q202,dev,vague,flow:noisy,4400561,2,,none,,,10,6,6,6,32175937|30287019|33749109|7982920|7847861|4400561|1566277|1807098|1927248|4840271,32175937|30287019|33749109|7982920|7847861|4400561|1566277|1807098|1927248|4840271|2371261|3395649|2987448|3488849|1288745|2219848|3087888|3764899|3903316|864431|3532821|4118143|2587788|2159569|34883833|5658708|602193303|5456526|3666277|602399222
q203,dev,vague,flow:reject,837567,1,,,,,0,,,,3689468|602142810|91322|476529|1177472|1177475|30232719|3411459|489055|1883446,3689468|91322|602142810|476529|1177472|1177475|30232719|3411459|489055|1883446|602470506|1177471|5668985|2906349|843729|3170749|622912|31938046|2759248|602378408|32698101|602410419|521068|1110715|5639931|602378300|1778590|1913501|2549956|3758104
q203,dev,vague,flow:reject,837567,2,,none,,,10,,,,5668985|1177471|602470506|2906349|2759248|602378408|843729|3170749|622912|31938046,5668985|1177471|602470506|2906349|2759248|602378408|843729|3170749|622912|31938046|32698101|602410419|521068|1110715|5639931|602378300|1778590|1913501|2549956|3758104|30859584|31304766|490173|603146262|602441427|31576009|1667441|485716|602466925|37373234
q203,dev,vague,flow:reject,837567,3,,none,,,20,,,,32698101|602410419|521068|1110715|5639931|602378300|1778590|1913501|2549956|1108584,32698101|602410419|521068|1110715|5639931|602378300|1778590|1913501|2549956|1108584|3758104|30859584|31304766|490173|30486509|603146262|602441427|31576009|1667441|485716|1901874|2924048|1190874|602466925|37373234|9620473|1417729|37138469|602305663|33260173
q203,dev,vague,flow:skip,837567,1,,,,,0,,,,3689468|602142810|91322|476529|1177472|1177475|30232719|3411459|489055|1883446,3689468|91322|602142810|476529|1177472|1177475|30232719|3411459|489055|1883446|602470506|1177471|5668985|2906349|843729|3170749|622912|31938046|2759248|602378408|32698101|602410419|521068|1110715|5639931|602378300|1778590|1913501|2549956|3758104
q203,dev,vague,flow:skip,837567,2,genre,skip,,발라드:14|랩/힙합:3|록/메탈:2|R&B/Soul:1,10,,,,5668985|1177471|602470506|2906349|2759248|602378408|843729|3170749|622912|31938046,5668985|1177471|602470506|2906349|2759248|602378408|843729|3170749|622912|31938046|32698101|602410419|521068|1110715|5639931|602378300|1778590|1913501|2549956|3758104|30859584|31304766|490173|603146262|602441427|31576009|1667441|485716|602466925|37373234
q203,dev,vague,flow:skip,837567,3,,none,,,20,,,,32698101|602410419|521068|1110715|5639931|602378300|1778590|1913501|2549956|1108584,32698101|602410419|521068|1110715|5639931|602378300|1778590|1913501|2549956|1108584|3758104|30859584|31304766|490173|30486509|603146262|602441427|31576009|1667441|485716|1901874|2924048|1190874|602466925|37373234|9620473|1417729|37138469|602305663|33260173
q203,dev,vague,flow:oracle,837567,1,,,,,0,,,,3689468|602142810|91322|476529|1177472|1177475|30232719|3411459|489055|1883446,3689468|91322|602142810|476529|1177472|1177475|30232719|3411459|489055|1883446|602470506|1177471|5668985|2906349|843729|3170749|622912|31938046|2759248|602378408|32698101|602410419|521068|1110715|5639931|602378300|1778590|1913501|2549956|3758104
q203,dev,vague,flow:oracle,837567,2,genre,oracle,록/메탈,발라드:14|랩/힙합:3|록/메탈:2|R&B/Soul:1,10,,,,1177471|2906349|37373234|5668985|602470506|2759248|602378408|843729|3170749|622912,1177471|2906349|37373234|5668985|602470506|2759248|602378408|843729|3170749|622912|31938046|32698101|602410419|521068|1110715|5639931|602378300|1778590|1913501|2549956|3758104|30859584|31304766|490173|603146262|602441427|31576009|1667441|485716|602466925
q203,dev,vague,flow:oracle,837567,3,,none,,,20,,,,31938046|32698101|602410419|521068|1110715|5639931|602378300|1778590|1913501|2549956,31938046|32698101|602410419|521068|1110715|5639931|602378300|1778590|1913501|2549956|1108584|3758104|30859584|31304766|490173|30486509|603146262|602441427|31576009|1667441|485716|1901874|2924048|1190874|602466925|9620473|1417729|37138469|602305663|33260173
q203,dev,vague,flow:noisy,837567,1,,,,,0,,,,3689468|602142810|91322|476529|1177472|1177475|30232719|3411459|489055|1883446,3689468|91322|602142810|476529|1177472|1177475|30232719|3411459|489055|1883446|602470506|1177471|5668985|2906349|843729|3170749|622912|31938046|2759248|602378408|32698101|602410419|521068|1110715|5639931|602378300|1778590|1913501|2549956|3758104
q203,dev,vague,flow:noisy,837567,2,genre,noisy,발라드,발라드:14|랩/힙합:3|록/메탈:2|R&B/Soul:1,10,,,,5668985|602470506|2759248|843729|622912|31938046|602410419|521068|1110715|5639931,5668985|602470506|2759248|843729|622912|31938046|602410419|521068|1110715|5639931|602378300|1778590|2549956|3758104|31304766|490173|602441427|1667441|1177471|2906349|602378408|3170749|32698101|1913501|30859584|603146262|31576009|485716|602466925|37373234
q203,dev,vague,flow:noisy,837567,3,,none,,,20,,,,602378300|1778590|2549956|1108584|3758104|31304766|490173|30486509|602441427|1667441,602378300|1778590|2549956|1108584|3758104|31304766|490173|30486509|602441427|1667441|1901874|1190874|1417729|1177471|602305663|2906349|33260173|602378408|3170749|32698101|1913501|30859584|603146262|31576009|485716|2924048|602466925|37373234|9620473|37138469
q205,dev,vague,flow:reject,30486509,1,,,,,0,,11,,5495296|1417550|602450228|529685|612040|482521|602540121|1099596|621108|1183921,5495296|1417550|602450228|529685|612040|482521|602540121|1099596|621108|1183921|30486509|2183418|602410419|419762|1110715|3971021|602313630|1563629|11172|104372|4366156|30757693|31684634|31684636|531594|30613202|31927275|5466962|30247520|34481680
q205,dev,vague,flow:reject,30486509,2,,none,,,10,4,4,4,1110715|419762|1739689|30486509|2183418|602410419|3971021|1379738|35890454|602313630,419762|1110715|1739689|30486509|2183418|602410419|3971021|1379738|35890454|602313630|104372|1563629|11172|4366156|30757693|31684634|31684636|531594|30519033|30613202|31856628|31927275|5466962|5385974|30247520|34481680|34481682|4021259|31055324|30227054
q205,dev,vague,flow:skip,30486509,1,,,,,0,,11,,5495296|1417550|602450228|529685|612040|482521|602540121|1099596|621108|1183921,5495296|1417550|602450228|529685|612040|482521|602540121|1099596|621108|1183921|30486509|2183418|602410419|419762|1110715|3971021|602313630|1563629|11172|104372|4366156|30757693|31684634|31684636|531594|30613202|31927275|5466962|30247520|34481680
q205,dev,vague,flow:skip,30486509,2,vocal_gender,skip,,남성:18|혼성:1|여성:1,10,4,4,4,1110715|419762|1739689|30486509|2183418|602410419|3971021|1379738|35890454|602313630,419762|1110715|1739689|30486509|2183418|602410419|3971021|1379738|35890454|602313630|104372|1563629|11172|4366156|30757693|31684634|31684636|531594|30519033|30613202|31856628|31927275|5466962|5385974|30247520|34481680|34481682|4021259|31055324|30227054
q205,dev,vague,flow:oracle,30486509,1,,,,,0,,11,,5495296|1417550|602450228|529685|612040|482521|602540121|1099596|621108|1183921,5495296|1417550|602450228|529685|612040|482521|602540121|1099596|621108|1183921|30486509|2183418|602410419|419762|1110715|3971021|602313630|1563629|11172|104372|4366156|30757693|31684634|31684636|531594|30613202|31927275|5466962|30247520|34481680
q205,dev,vague,flow:oracle,30486509,2,vocal_gender,oracle,남성,남성:18|혼성:1|여성:1,10,4,4,4,1110715|419762|1739689|30486509|2183418|602410419|3971021|1379738|35890454|602313630,419762|1110715|1739689|30486509|2183418|602410419|3971021|1379738|35890454|602313630|104372|1563629|11172|4366156|30757693|31684634|31684636|531594|30519033|30613202|31856628|31927275|5466962|5385974|30247520|34481680|34481682|4021259|31055324|30227054
q205,dev,vague,flow:noisy,30486509,1,,,,,0,,11,,5495296|1417550|602450228|529685|612040|482521|602540121|1099596|621108|1183921,5495296|1417550|602450228|529685|612040|482521|602540121|1099596|621108|1183921|30486509|2183418|602410419|419762|1110715|3971021|602313630|1563629|11172|104372|4366156|30757693|31684634|31684636|531594|30613202|31927275|5466962|30247520|34481680
q205,dev,vague,flow:noisy,30486509,2,vocal_gender,noisy,여성,남성:18|혼성:1|여성:1,10,7,7,7,34481680|34481682|4021259|419762|1110715|1739689|30486509|2183418|602410419|3971021,34481680|34481682|4021259|419762|1110715|1739689|30486509|2183418|602410419|3971021|1379738|35890454|602313630|104372|1563629|11172|4366156|30757693|31684634|31684636|531594|30519033|31055324|30613202|30227054|31856628|31927275|5466962|5385974|30247520
q208,dev,vague,flow:reject,2063248,1,,,,,0,,,,482652|482653|2903041|3174148|111413|1727368|602376988|33691794|602463022|851423,2903041|482653|111413|3174148|482652|1727368|602376988|33691794|602463022|851423|602461695|32698101|37023625|33260801|1951550|602452568|665221|601937314|602378263|489210|1857969|32473998|34632789|1756967|34599917|602391253|36440243|4645220|602552833|35920493
q208,dev,vague,flow:reject,2063248,2,,none,,,10,1,1,1,2063248|602461695|32698101|37023625|33260801|1951550|602452568|665221|4300699|34431086,2063248|602461695|32698101|37023625|33260801|1951550|602452568|665221|4300699|34431086|926191|37069064|503339|7985298|601937314|602378263|489210|1857969|602479419|4107875|32473998|34632789|1756967|34599917|602391253|36440243|4645220|602552833|35920493|602388655
q208,dev,vague,flow:skip,2063248,1,,,,,0,,,,482652|482653|2903041|3174148|111413|1727368|602376988|33691794|602463022|851423,2903041|482653|111413|3174148|482652|1727368|602376988|33691794|602463022|851423|602461695|32698101|37023625|33260801|1951550|602452568|665221|601937314|602378263|489210|1857969|32473998|34632789|1756967|34599917|602391253|36440243|4645220|602552833|35920493
q208,dev,vague,flow:skip,2063248,2,vocal_gender,skip,,여성:9|남성:7|혼성:4,10,1,1,1,2063248|602461695|32698101|37023625|33260801|1951550|602452568|665221|4300699|34431086,2063248|602461695|32698101|37023625|33260801|1951550|602452568|665221|4300699|34431086|926191|37069064|503339|7985298|601937314|602378263|489210|1857969|602479419|4107875|32473998|34632789|1756967|34599917|602391253|36440243|4645220|602552833|35920493|602388655
q208,dev,vague,flow:oracle,2063248,1,,,,,0,,,,482652|482653|2903041|3174148|111413|1727368|602376988|33691794|602463022|851423,2903041|482653|111413|3174148|482652|1727368|602376988|33691794|602463022|851423|602461695|32698101|37023625|33260801|1951550|602452568|665221|601937314|602378263|489210|1857969|32473998|34632789|1756967|34599917|602391253|36440243|4645220|602552833|35920493
q208,dev,vague,flow:oracle,2063248,2,vocal_gender,oracle,남성,여성:9|남성:7|혼성:4,10,1,1,1,2063248|602461695|32698101|37023625|33260801|1951550|602452568|665221|4300699|34431086,2063248|602461695|32698101|37023625|33260801|1951550|602452568|665221|4300699|34431086|926191|37069064|503339|7985298|601937314|602378263|489210|1857969|602479419|4107875|32473998|34632789|1756967|34599917|602391253|36440243|4645220|602552833|35920493|602388655
q208,dev,vague,flow:noisy,2063248,1,,,,,0,,,,482652|482653|2903041|3174148|111413|1727368|602376988|33691794|602463022|851423,2903041|482653|111413|3174148|482652|1727368|602376988|33691794|602463022|851423|602461695|32698101|37023625|33260801|1951550|602452568|665221|601937314|602378263|489210|1857969|32473998|34632789|1756967|34599917|602391253|36440243|4645220|602552833|35920493
q208,dev,vague,flow:noisy,2063248,2,vocal_gender,noisy,여성,여성:9|남성:7|혼성:4,10,,11,,32473998|34632789|1756967|34599917|602391253|36440243|4645220|602552833|35920493|602388655,32473998|34632789|1756967|34599917|602391253|36440243|4645220|602552833|35920493|602388655|2063248|602461695|32698101|37023625|33260801|1951550|602452568|665221|4300699|34431086|926191|37069064|503339|7985298|601937314|602378263|489210|1857969|602479419|4107875
q208,dev,vague,flow:noisy,2063248,3,genre,noisy,랩/힙합,발라드:9|R&B/Soul:4|댄스:3|랩/힙합:2|록/메탈:1|인디음악:1,20,3,3,3,32698101|1857969|2063248|602014|3681993|602492500|602461695|37023625|33260801|1951550,32698101|1857969|2063248|3681993|602014|602492500|602461695|37023625|33260801|1951550|602452568|665221|4300699|34431086|926191|37069064|503339|7985298|5771304|36404853|35890454|32508146|601937314|602378263|489210|602479419|4107875|1325050|3460102|600707165
q210,dev,vague,flow:reject,3397448,1,,,,,0,,,,711628|441007|519558|1913503|1875215|5760115|31009483|2648642|602399233|1141600,711628|441007|519558|1913503|1875215|5760115|31009483|2648642|602399233|1141600|5684826|33510307|667166|971439|1068643|602496852|1379738|3485088|529685|30227061|431614|1177475|30492279|4038121|8236055|105639|602341184|4230002|4138608|1115206
q210,dev,vague,flow:reject,3397448,2,,none,,,10,1,5,1,3397448|5684826|33510307|667166|3685853|1556547|971439|1068643|602496852|1379738,5684826|33510307|667166|3685853|3397448|1556547|971439|1068643|602496852|1379738|3485088|529685|30227061|431614|1177475|1649190|2019681|1657448|8235260|1556553|30492279|4038121|8236055|36351997|105639|602341184|4230002|4138608|1115206|602462884
q210,dev,vague,flow:skip,3397448,1,,,,,0,,,,711628|441007|519558|1913503|1875215|5760115|31009483|2648642|602399233|1141600,711628|441007|519558|1913503|1875215|5760115|31009483|2648642|602399233|1141600|5684826|33510307|667166|971439|1068643|602496852|1379738|3485088|529685|30227061|431614|1177475|30492279|4038121|8236055|105639|602341184|4230002|4138608|1115206
q210,dev,vague,flow:skip,3397448,2,vocal_gender,skip,,남성:11|여성:6|혼성:3,10,1,5,1,3397448|5684826|33510307|667166|3685853|1556547|971439|1068643|602496852|1379738,5684826|33510307|667166|3685853|3397448|1556547|971439|1068643|602496852|1379738|3485088|529685|30227061|431614|1177475|1649190|2019681|1657448|8235260|1556553|30492279|4038121|8236055|36351997|105639|602341184|4230002|4138608|1115206|602462884
q210,dev,vague,flow:oracle,3397448,1,,,,,0,,,,711628|441007|519558|1913503|1875215|5760115|31009483|2648642|602399233|1141600,711628|441007|519558|1913503|1875215|5760115|31009483|2648642|602399233|1141600|5684826|33510307|667166|971439|1068643|602496852|1379738|3485088|529685|30227061|431614|1177475|30492279|4038121|8236055|105639|602341184|4230002|4138608|1115206
q210,dev,vague,flow:oracle,3397448,2,vocal_gender,oracle,남성,남성:11|여성:6|혼성:3,10,1,5,1,3397448|5684826|33510307|667166|3685853|1556547|1068643|602496852|1379738|3485088,5684826|33510307|667166|3685853|3397448|1556547|1068643|602496852|1379738|3485088|529685|30227061|431614|1177475|1649190|2019681|1657448|8235260|971439|1556553|30492279|4038121|8236055|36351997|105639|602341184|4230002|4138608|1115206|602462884
q210,dev,vague,flow:noisy,3397448,1,,,,,0,,,,711628|441007|519558|1913503|1875215|5760115|31009483|2648642|602399233|1141600,711628|441007|519558|1913503|1875215|5760115|31009483|2648642|602399233|1141600|5684826|33510307|667166|971439|1068643|602496852|1379738|3485088|529685|30227061|431614|1177475|30492279|4038121|8236055|105639|602341184|4230002|4138608|1115206
q210,dev,vague,flow:noisy,3397448,2,vocal_gender,noisy,여성,남성:11|여성:6|혼성:3,10,,12,,8236055|105639|602341184|4230002|4138608|1115206|602462884|5684826|33510307|667166,8236055|105639|602341184|4230002|4138608|1115206|602462884|5684826|33510307|667166|3685853|3397448|1556547|971439|1068643|602496852|1379738|3485088|529685|30227061|431614|1177475|1649190|2019681|1657448|8235260|1556553|30492279|4038121|36351997
q210,dev,vague,flow:noisy,3397448,3,genre,noisy,댄스,R&B/Soul:6|발라드:5|랩/힙합:5|댄스:2|록/메탈:2,20,9,9,9,4383773|30069773|1879332|3685853|4806688|431614|602437636|4714217|3397448|1556547,4383773|30069773|1879332|3685853|4806688|431614|602437636|4714217|3397448|1556547|1913504|602278708|971439|1068643|602496852|1379738|3485088|529685|30227061|1177475|1649190|2019681|1657448|8235260|5470838|1556553|1914864|30492279|4038121|36351997
q316,dev,misinformation,flow:reject,7877917,1,,,,,0,,30,,601971707|602195311|602334524|602312463|602102412|8109412|454839|455208|1379738|602113331,601971707|602195311|602334524|602312463|602102412|8109412|454839|455208|1379738|602113331|732516|503472|104372|602540089|2776748|482521|2759248|1210836|494792|2684461|2910952|602552834|3753305|601893642|732514|602431047|602412105|3614345|1068643|7877917
q316,dev,misinformation,flow:reject,7877917,2,,none,,,10,,22,,5501618|732516|602410419|503472|104372|602540089|2776748|482521|2759248|1210836,5501618|732516|602410419|503472|104372|602540089|2776748|482521|2759248|1210836|494792|2684461|2910952|602552834|3753305|601893642|732514|602431047|602412105|3614345|1068643|7877917|3685853|602540045|7650|3349297|4011596|1374075|2281050|4579474
q316,dev,misinformation,flow:reject,7877917,3,,none,,,20,,17,,602162936|732514|35008534|494792|2684461|2910952|602552834|602358131|4204339|1592906,602162936|732514|35008534|494792|2684461|2910952|602552834|602358131|4204339|1592906|3753305|601893642|602431047|602412105|3614345|1068643|7877917|3685853|602540045|7650|3349297|4011596|1374075|2281050|4579474|1657448|3485088|602036309|441007|531840
q316,dev,misinformation,flow:skip,7877917,1,,,,,0,,30,,601971707|602195311|602334524|602312463|602102412|8109412|454839|455208|1379738|602113331,601971707|602195311|602334524|602312463|602102412|8109412|454839|455208|1379738|602113331|732516|503472|104372|602540089|2776748|482521|2759248|1210836|494792|2684461|2910952|602552834|3753305|601893642|732514|602431047|602412105|3614345|1068643|7877917
q316,dev,misinformation,flow:skip,7877917,2,genre,skip,,댄스:7|록/메탈:5|발라드:5|랩/힙합:2|R&B/Soul:1,10,,22,,5501618|732516|602410419|503472|104372|602540089|2776748|482521|2759248|1210836,5501618|732516|602410419|503472|104372|602540089|2776748|482521|2759248|1210836|494792|2684461|2910952|602552834|3753305|601893642|732514|602431047|602412105|3614345|1068643|7877917|3685853|602540045|7650|3349297|4011596|1374075|2281050|4579474
q316,dev,misinformation,flow:skip,7877917,3,vocal_gender,skip,,남성:15|혼성:4|여성:1,20,,17,,602162936|732514|35008534|494792|2684461|2910952|602552834|602358131|4204339|1592906,602162936|732514|35008534|494792|2684461|2910952|602552834|602358131|4204339|1592906|3753305|601893642|602431047|602412105|3614345|1068643|7877917|3685853|602540045|7650|3349297|4011596|1374075|2281050|4579474|1657448|3485088|602036309|441007|531840
q316,dev,misinformation,flow:oracle,7877917,1,,,,,0,,30,,601971707|602195311|602334524|602312463|602102412|8109412|454839|455208|1379738|602113331,601971707|602195311|602334524|602312463|602102412|8109412|454839|455208|1379738|602113331|732516|503472|104372|602540089|2776748|482521|2759248|1210836|494792|2684461|2910952|602552834|3753305|601893642|732514|602431047|602412105|3614345|1068643|7877917
q316,dev,misinformation,flow:oracle,7877917,2,genre,oracle,록/메탈,댄스:7|록/메탈:5|발라드:5|랩/힙합:2|R&B/Soul:1,10,5,5,5,732516|3753305|732514|3614345|7877917|5501618|602410419|503472|104372|602540089,732516|3753305|732514|3614345|7877917|5501618|602410419|503472|104372|602540089|2776748|482521|2759248|1210836|494792|2684461|2910952|602552834|601893642|602431047|602412105|1068643|3685853|602540045|7650|3349297|4011596|1374075|2281050|4579474
q316,dev,misinformation,flow:noisy,7877917,1,,,,,0,,30,,601971707|602195311|602334524|602312463|602102412|8109412|454839|455208|1379738|602113331,601971707|602195311|602334524|602312463|602102412|8109412|454839|455208|1379738|602113331|732516|503472|104372|602540089|2776748|482521|2759248|1210836|494792|2684461|2910952|602552834|3753305|601893642|732514|602431047|602412105|3614345|1068643|7877917
q316,dev,misinformation,flow:noisy,7877917,2,genre,noisy,발라드,댄스:7|록/메탈:5|발라드:5|랩/힙합:2|R&B/Soul:1,10,,24,,602410419|503472|482521|2776748|2759248|2910952|1374075|2281050|5501618|732516,602410419|503472|2776748|482521|2759248|2910952|1374075|2281050|5501618|732516|104372|602540089|1210836|494792|2684461|602552834|3753305|601893642|732514|602431047|602412105|3614345|1068643|7877917|3685853|602540045|7650|3349297|4011596|4579474
q316,dev,misinformation,flow:noisy,7877917,3,vocal_gender,noisy,남성,남성:17|혼성:2|여성:1,20,,27,,35008534|1592906|1657448|3485088|602162936|104372|602540089|732514|1210836|494792,35008534|1592906|1657448|3485088|602162936|104372|602540089|732514|1210836|494792|2684461|602552834|602358131|4204339|3753305|601893642|602431047|602412105|3614345|1068643|3685853|602540045|7650|3349297|602036309|441007|7877917|4011596|4579474|531840
