query_id,split,query_set,tier,policy,target_id,ran,picked_slot,rank,candidate_rank@30,candidate_recall,hit1,hit5,hit10,mrr10,ndcg10,final_relaxed_rank,final_relaxed_hit10,found_turn,relaxed_seen_turn,searches,shown_ids
c601,dev,clarify_v1,vague,initial,,1,vocal_gender,,16,1.0,0.0,0.0,0.0,0.0,0.0,3,1,,,,3467467|2352749|4085875|4382254|601890440|536317|417893|431287|602560824|317997
c601,dev,clarify_v1,vague,reject_only,,1,vocal_gender,,11,1.0,0.0,0.0,0.0,0.0,0.0,,0,,,,2626611|1210836|1921365|9647324|1322134|5826461|1284780|32313543|317670|8252409
c601,dev,clarify_v1,vague,reject_twice,,1,vocal_gender,4,4,1.0,0.0,1.0,1.0,0.25,0.430677,4,1,,,,2165864|3666277|3928713|3853978|602399617|5470838|602047169|622649|1807098|3663978
c601,dev,clarify_v1,vague,skip,,1,vocal_gender,,11,1.0,0.0,0.0,0.0,0.0,0.0,,0,,,,2626611|1210836|1921365|9647324|1322134|5826461|1284780|32313543|317670|8252409
c601,dev,clarify_v1,vague,oracle:vocal_gender,,1,vocal_gender,9,9,1.0,0.0,0.0,1.0,0.111111,0.30103,9,1,,,,2626611|1210836|1921365|9647324|1322134|32313543|317670|8252409|3853978|602399617
c601,dev,clarify_v1,vague,oracle:type,,1,vocal_gender,4,4,1.0,0.0,1.0,1.0,0.25,0.430677,4,1,,,,2626611|1322134|32313543|3853978|602399617|602047169|985785|1288745|529013|1210836
c601,dev,clarify_v1,vague,oracle:genre,,1,vocal_gender,4,4,1.0,0.0,1.0,1.0,0.25,0.430677,4,1,,,,32313543|317670|8252409|3853978|602399617|5470838|602047169|2626611|1210836|1921365
c601,dev,clarify_v1,vague,oracle:release_era,,1,vocal_gender,5,5,1.0,0.0,1.0,1.0,0.2,0.386853,5,1,,,,2626611|9647324|5826461|8252409|3853978|5470838|3663978|3395649|2587788|4400561
c601,dev,clarify_v1,vague,noisy:vocal_gender,,1,vocal_gender,,27,1.0,0.0,0.0,0.0,0.0,0.0,,0,,,,1807098|3663978|985785|3395649|2587788|4400561|1566277|33464805|602554113|1288745
c601,dev,clarify_v1,vague,noisy:type,,1,vocal_gender,,24,1.0,0.0,0.0,0.0,0.0,0.0,,0,,,,1210836|1921365|1284780|317670|8252409|1807098|3663978|3395649|2587788|4400561
c601,dev,clarify_v1,vague,noisy:genre,,1,vocal_gender,,11,1.0,0.0,0.0,0.0,0.0,0.0,,0,,,,2626611|1210836|1921365|9647324|1322134|5826461|1284780|32313543|317670|8252409
c601,dev,clarify_v1,vague,noisy:release_era,,1,vocal_gender,,18,1.0,0.0,0.0,0.0,0.0,0.0,,0,,,,1210836|1921365|1322134|1284780|317670|1807098|985785|1566277|1288745|1927248
c601,dev,clarify_v1,vague,rule:oracle,,1,vocal_gender,9,9,1.0,0.0,0.0,1.0,0.111111,0.30103,9,1,,,,2626611|1210836|1921365|9647324|1322134|32313543|317670|8252409|3853978|602399617
c601,dev,clarify_v1,vague,rule:noisy,,1,vocal_gender,,27,1.0,0.0,0.0,0.0,0.0,0.0,,0,,,,1807098|3663978|985785|3395649|2587788|4400561|1566277|33464805|602554113|1288745
c601,dev,clarify_v1,vague,rule:skip,,1,vocal_gender,,11,1.0,0.0,0.0,0.0,0.0,0.0,,0,,,,2626611|1210836|1921365|9647324|1322134|5826461|1284780|32313543|317670|8252409
c601,dev,clarify_v1,vague,oracle:best,,1,vocal_gender,4,4,1.0,0.0,1.0,1.0,0.25,0.430677,4,1,,,,2626611|1322134|32313543|3853978|602399617|602047169|985785|1288745|529013|1210836
c601,dev,clarify_v1,vague,flow:reject,3853978,1,vocal_gender,4,4,1.0,0.0,1.0,1.0,0.25,0.430677,4,1,3,1,3,2165864|3666277|3928713|3853978|602399617|5470838|602047169|622649|1807098|3663978
c601,dev,clarify_v1,vague,flow:skip,3853978,1,vocal_gender,4,4,1.0,0.0,1.0,1.0,0.25,0.430677,4,1,3,1,3,2165864|3666277|3928713|3853978|602399617|5470838|602047169|622649|1807098|3663978
c601,dev,clarify_v1,vague,flow:oracle,3853978,1,vocal_gender,9,9,1.0,0.0,0.0,1.0,0.111111,0.30103,9,1,2,1,2,2626611|1210836|1921365|9647324|1322134|32313543|317670|8252409|3853978|602399617
c601,dev,clarify_v1,vague,flow:noisy,3853978,1,vocal_gender,,26,1.0,0.0,0.0,0.0,0.0,0.0,,0,,1,3,4148967|5748499|3893934|1927248|2271648|4503810|31098083|3089448|602540011|3352959
c602,dev,clarify_v1,vague,initial,,1,vocal_gender,,24,1.0,0.0,0.0,0.0,0.0,0.0,,0,,,,845580|1903050|602333678|30566061|602468073|602265790|602508879|602323969|106465|602359050
c602,dev,clarify_v1,vague,reject_only,,1,vocal_gender,,14,1.0,0.0,0.0,0.0,0.0,0.0,,0,,,,33077590|602058264|494792|5835766|522845|5616999|5807273|602414481|602051216|602057372
c602,dev,clarify_v1,vague,reject_twice,,1,vocal_gender,4,4,1.0,0.0,1.0,1.0,0.25,0.430677,4,1,,,,602509571|602057583|602113331|4854588|8308231|5815785|602734063|602301996|35640077|8261338
c602,dev,clarify_v1,vague,skip,,1,vocal_gender,,14,1.0,0.0,0.0,0.0,0.0,0.0,,0,,,,33077590|602058264|494792|5835766|522845|5616999|5807273|602414481|602051216|602057372
c602,dev,clarify_v1,vague,oracle:vocal_gender,,1,vocal_gender,,12,1.0,0.0,0.0,0.0,0.0,0.0,,0,,,,602058264|494792|5835766|522845|5807273|602414481|602051216|602057372|602509571|602057583
c602,dev,clarify_v1,vague,oracle:type,,1,vocal_gender,,12,1.0,0.0,0.0,0.0,0.0,0.0,,0,,,,33077590|602058264|494792|522845|5616999|602414481|602051216|602057372|602509571|602057583
c602,dev,clarify_v1,vague,oracle:genre,,1,vocal_gender,,14,1.0,0.0,0.0,0.0,0.0,0.0,,0,,,,33077590|602058264|494792|5835766|522845|5616999|5807273|602414481|602051216|602057372
c602,dev,clarify_v1,vague,oracle:release_era,,1,vocal_gender,4,4,1.0,0.0,1.0,1.0,0.25,0.430677,4,1,,,,5835766|5616999|5807273|4854588|8308231|5815785|8261338|30566064|5372667|33077590
c602,dev,clarify_v1,vague,noisy:vocal_gender,,1,vocal_gender,,15,1.0,0.0,0.0,0.0,0.0,0.0,,0,,,,35640077|33077590|602058264|494792|5835766|522845|5616999|5807273|602414481|602051216
c602,dev,clarify_v1,vague,noisy:type,,1,vocal_gender,,19,1.0,0.0,0.0,0.0,0.0,0.0,,0,,,,35640077|30566064|35595136|90105|32646938|33077590|602058264|494792|5835766|522845
c602,dev,clarify_v1,vague,noisy:genre,,1,vocal_gender,,14,1.0,0.0,0.0,0.0,0.0,0.0,,0,,,,33077590|602058264|494792|5835766|522845|5616999|5807273|602414481|602051216|602057372
c602,dev,clarify_v1,vague,noisy:release_era,,1,vocal_gender,,16,1.0,0.0,0.0,0.0,0.0,0.0,,0,,,,494792|522845|1933313|90105|33077590|602058264|5835766|5616999|5807273|602414481
c602,dev,clarify_v1,vague,rule:oracle,,1,vocal_gender,,12,1.0,0.0,0.0,0.0,0.0,0.0,,0,,,,602058264|494792|5835766|522845|5807273|602414481|602051216|602057372|602509571|602057583
c602,dev,clarify_v1,vague,rule:noisy,,1,vocal_gender,,15,1.0,0.0,0.0,0.0,0.0,0.0,,0,,,,35640077|33077590|602058264|494792|5835766|522845|5616999|5807273|602414481|602051216
c602,dev,clarify_v1,vague,rule:skip,,1,vocal_gender,,14,1.0,0.0,0.0,0.0,0.0,0.0,,0,,,,33077590|602058264|494792|5835766|522845|5616999|5807273|602414481|602051216|602057372
c602,dev,clarify_v1,vague,oracle:best,,1,vocal_gender,4,4,1.0,0.0,1.0,1.0,0.25,0.430677,4,1,,,,5835766|5616999|5807273|4854588|8308231|5815785|8261338|30566064|5372667|33077590
c602,dev,clarify_v1,vague,flow:reject,4854588,1,vocal_gender,4,4,1.0,0.0,1.0,1.0,0.25,0.430677,4,1,3,3,3,602509571|602057583|602113331|4854588|8308231|5815785|602734063|602301996|35640077|8261338
c602,dev,clarify_v1,vague,flow:skip,4854588,1,vocal_gender,4,4,1.0,0.0,1.0,1.0,0.25,0.430677,4,1,3,3,3,602509571|602057583|602113331|4854588|8308231|5815785|602734063|602301996|35640077|8261338
c602,dev,clarify_v1,vague,flow:oracle,4854588,1,vocal_gender,2,2,1.0,0.0,1.0,1.0,0.5,0.63093,2,1,3,3,3,602113331|4854588|5815785|8308231|602734063|602301996|8261338|30566064|35595136|602059390
c602,dev,clarify_v1,vague,flow:noisy,4854588,1,vocal_gender,7,7,1.0,0.0,0.0,1.0,0.142857,0.333333,7,1,3,3,3,34754299|2930969|602057372|602509571|602057583|602113331|4854588|8308231|5815785|602734063
c603,dev,clarify_v1,vague,initial,,1,genre,,,0.0,0.0,0.0,0.0,0.0,0.0,2,1,,,,106215|3411851|2336218|33691794|529685|602376988|104372|3337773|1563629|31406357
c603,dev,clarify_v1,vague,reject_only,,1,genre,,22,1.0,0.0,0.0,0.0,0.0,0.0,,0,,,,485716|37069064|105714|3485088|28132|32034629|3928194|36062335|482521|3170749
c603,dev,clarify_v1,vague,reject_twice,,1,genre,,12,1.0,0.0,0.0,0.0,0.0,0.0,,0,,,,1416893|1068643|1110715|1379738|2759248|3534941|33510307|4300699|602068294|32397381
c603,dev,clarify_v1,vague,skip,,1,genre,,22,1.0,0.0,0.0,0.0,0.0,0.0,,0,,,,485716|37069064|105714|3485088|28132|32034629|3928194|36062335|482521|3170749
c603,dev,clarify_v1,vague,oracle:vocal_gender,,1,genre,,22,1.0,0.0,0.0,0.0,0.0,0.0,,0,,,,485716|37069064|105714|3485088|28132|32034629|3928194|36062335|482521|3170749
c603,dev,clarify_v1,vague,oracle:type,,1,genre,,15,1.0,0.0,0.0,0.0,0.0,0.0,,0,,,,37069064|28132|32034629|3928194|36062335|482521|1416893|1110715|1379738|2759248
c603,dev,clarify_v1,vague,oracle:genre,,1,genre,1,1,1.0,1.0,1.0,1.0,1.0,1.0,1,1,,,,2967751|485716|37069064|105714|3485088|28132|32034629|3928194|36062335|482521
c603,dev,clarify_v1,vague,oracle:release_era,,1,genre,8,8,1.0,0.0,0.0,1.0,0.125,0.315465,8,1,,,,3485088|32034629|3928194|3170749|2759248|3534941|4300699|2967751|2566853|485716
c603,dev,clarify_v1,vague,noisy:vocal_gender,,1,genre,,23,1.0,0.0,0.0,0.0,0.0,0.0,,0,,,,35920493|485716|37069064|105714|3485088|28132|32034629|3928194|36062335|482521
c603,dev,clarify_v1,vague,noisy:type,,1,genre,,22,1.0,0.0,0.0,0.0,0.0,0.0,,0,,,,485716|105714|33510307|37069064|3485088|28132|32034629|3928194|36062335|482521
c603,dev,clarify_v1,vague,noisy:genre,,1,genre,,28,1.0,0.0,0.0,0.0,0.0,0.0,,0,,,,37069064|3485088|28132|32034629|3928194|36062335|482521|1416893|1110715|1379738
c603,dev,clarify_v1,vague,noisy:release_era,,1,genre,,24,1.0,0.0,0.0,0.0,0.0,0.0,,0,,,,485716|105714|28132|482521|1416893|1068643|1110715|1379738|1592906|317991
c603,dev,clarify_v1,vague,rule:oracle,,1,genre,1,1,1.0,1.0,1.0,1.0,1.0,1.0,1,1,,,,2967751|485716|37069064|105714|3485088|28132|32034629|3928194|36062335|482521
c603,dev,clarify_v1,vague,rule:noisy,,1,genre,,28,1.0,0.0,0.0,0.0,0.0,0.0,,0,,,,37069064|3485088|28132|32034629|3928194|36062335|482521|1416893|1110715|1379738
c603,dev,clarify_v1,vague,rule:skip,,1,genre,,22,1.0,0.0,0.0,0.0,0.0,0.0,,0,,,,485716|37069064|105714|3485088|28132|32034629|3928194|36062335|482521|3170749
c603,dev,clarify_v1,vague,oracle:best,,1,genre,1,1,1.0,1.0,1.0,1.0,1.0,1.0,1,1,,,,2967751|485716|37069064|105714|3485088|28132|32034629|3928194|36062335|482521
c603,dev,clarify_v1,vague,flow:reject,2967751,1,genre,,12,1.0,0.0,0.0,0.0,0.0,0.0,,0,,1,3,1416893|1068643|1110715|1379738|2759248|3534941|33510307|4300699|602068294|32397381
c603,dev,clarify_v1,vague,flow:skip,2967751,1,genre,,12,1.0,0.0,0.0,0.0,0.0,0.0,,0,,1,3,1416893|1068643|1110715|1379738|2759248|3534941|33510307|4300699|602068294|32397381
c603,dev,clarify_v1,vague,flow:oracle,2967751,1,genre,,12,1.0,0.0,0.0,0.0,0.0,0.0,,0,,1,3,1416893|1068643|1110715|1379738|2759248|3534941|33510307|4300699|602068294|32397381
c603,dev,clarify_v1,vague,flow:noisy,2967751,1,genre,,26,1.0,0.0,0.0,0.0,0.0,0.0,,0,,1,3,2759248|4300699|32491274|37023625|1592906|34657844|2566853|34431086|445159|30120986
c605,dev,clarify_v1,vague,initial,,1,,3,3,1.0,0.0,1.0,1.0,0.333333,0.5,1,1,,,,1525541|602542868|1525533|34481680|9629220|33691794|36394038|602360405|8233373|4388702
c605,dev,clarify_v1,vague,reject_only,,0,,3,3,1.0,0.0,1.0,1.0,0.333333,0.5,1,1,,,,1525541|602542868|1525533|34481680|9629220|33691794|36394038|602360405|8233373|4388702
c605,dev,clarify_v1,vague,reject_twice,,0,,3,3,1.0,0.0,1.0,1.0,0.333333,0.5,1,1,,,,1525541|602542868|1525533|34481680|9629220|33691794|36394038|602360405|8233373|4388702
c605,dev,clarify_v1,vague,skip,,0,,3,3,1.0,0.0,1.0,1.0,0.333333,0.5,1,1,,,,1525541|602542868|1525533|34481680|9629220|33691794|36394038|602360405|8233373|4388702
c605,dev,clarify_v1,vague,oracle:vocal_gender,,0,,3,3,1.0,0.0,1.0,1.0,0.333333,0.5,1,1,,,,1525541|602542868|1525533|34481680|9629220|33691794|36394038|602360405|8233373|4388702
c605,dev,clarify_v1,vague,oracle:type,,0,,3,3,1.0,0.0,1.0,1.0,0.333333,0.5,1,1,,,,1525541|602542868|1525533|34481680|9629220|33691794|36394038|602360405|8233373|4388702
c605,dev,clarify_v1,vague,oracle:genre,,0,,3,3,1.0,0.0,1.0,1.0,0.333333,0.5,1,1,,,,1525541|602542868|1525533|34481680|9629220|33691794|36394038|602360405|8233373|4388702
c605,dev,clarify_v1,vague,oracle:release_era,,0,,3,3,1.0,0.0,1.0,1.0,0.333333,0.5,1,1,,,,1525541|602542868|1525533|34481680|9629220|33691794|36394038|602360405|8233373|4388702
c605,dev,clarify_v1,vague,noisy:vocal_gender,,0,,3,3,1.0,0.0,1.0,1.0,0.333333,0.5,1,1,,,,1525541|602542868|1525533|34481680|9629220|33691794|36394038|602360405|8233373|4388702
c605,dev,clarify_v1,vague,noisy:type,,0,,3,3,1.0,0.0,1.0,1.0,0.333333,0.5,1,1,,,,1525541|602542868|1525533|34481680|9629220|33691794|36394038|602360405|8233373|4388702
c605,dev,clarify_v1,vague,noisy:genre,,0,,3,3,1.0,0.0,1.0,1.0,0.333333,0.5,1,1,,,,1525541|602542868|1525533|34481680|9629220|33691794|36394038|602360405|8233373|4388702
c605,dev,clarify_v1,vague,noisy:release_era,,0,,3,3,1.0,0.0,1.0,1.0,0.333333,0.5,1,1,,,,1525541|602542868|1525533|34481680|9629220|33691794|36394038|602360405|8233373|4388702
c605,dev,clarify_v1,vague,rule:oracle,,0,,3,3,1.0,0.0,1.0,1.0,0.333333,0.5,1,1,,,,1525541|602542868|1525533|34481680|9629220|33691794|36394038|602360405|8233373|4388702
c605,dev,clarify_v1,vague,rule:noisy,,0,,3,3,1.0,0.0,1.0,1.0,0.333333,0.5,1,1,,,,1525541|602542868|1525533|34481680|9629220|33691794|36394038|602360405|8233373|4388702
c605,dev,clarify_v1,vague,rule:skip,,0,,3,3,1.0,0.0,1.0,1.0,0.333333,0.5,1,1,,,,1525541|602542868|1525533|34481680|9629220|33691794|36394038|602360405|8233373|4388702
c605,dev,clarify_v1,vague,oracle:best,,0,,3,3,1.0,0.0,1.0,1.0,0.333333,0.5,1,1,,,,1525541|602542868|1525533|34481680|9629220|33691794|36394038|602360405|8233373|4388702
c605,dev,clarify_v1,vague,flow:reject,,0,,3,3,1.0,0.0,1.0,1.0,0.333333,0.5,1,1,1,1,1,1525541|602542868|1525533|34481680|9629220|33691794|36394038|602360405|8233373|4388702
c605,dev,clarify_v1,vague,flow:skip,,0,,3,3,1.0,0.0,1.0,1.0,0.333333,0.5,1,1,1,1,1,1525541|602542868|1525533|34481680|9629220|33691794|36394038|602360405|8233373|4388702
c605,dev,clarify_v1,vague,flow:oracle,,0,,3,3,1.0,0.0,1.0,1.0,0.333333,0.5,1,1,1,1,1,1525541|602542868|1525533|34481680|9629220|33691794|36394038|602360405|8233373|4388702
c605,dev,clarify_v1,vague,flow:noisy,,0,,3,3,1.0,0.0,1.0,1.0,0.333333,0.5,1,1,1,1,1,1525541|602542868|1525533|34481680|9629220|33691794|36394038|602360405|8233373|4388702
c607,dev,clarify_v1,vague,initial,,1,vocal_gender,,22,1.0,0.0,0.0,0.0,0.0,0.0,,0,,,,2226049|686651|602438295|531748|1839831|32646766|5668985|1196848|2097848|4252726
c607,dev,clarify_v1,vague,reject_only,,1,vocal_gender,,12,1.0,0.0,0.0,0.0,0.0,0.0,,0,,,,602142810|91846|8122589|7985298|602511257|4262073|37064763|34373632|8053157|7942948
c607,dev,clarify_v1,vague,reject_twice,,1,vocal_gender,2,2,1.0,0.0,1.0,1.0,0.5,0.63093,2,1,,,,4300699|7921208|36394038|4646573|27600|602388490|8100402|2170750|667278|1836107
c607,dev,clarify_v1,vague,skip,,1,vocal_gender,,12,1.0,0.0,0.0,0.0,0.0,0.0,,0,,,,602142810|91846|8122589|7985298|602511257|4262073|37064763|34373632|8053157|7942948
c607,dev,clarify_v1,vague,oracle:vocal_gender,,1,vocal_gender,9,9,1.0,0.0,0.0,1.0,0.111111,0.30103,9,1,,,,602142810|91846|7985298|8122589|602511257|34373632|7942948|4300699|7921208|36394038
c607,dev,clarify_v1,vague,oracle:type,,1,vocal_gender,7,7,1.0,0.0,0.0,1.0,0.142857,0.333333,7,1,,,,4262073|37064763|34373632|8053157|7942948|4300699|7921208|36394038|27600|602388490
c607,dev,clarify_v1,vague,oracle:genre,,1,vocal_gender,9,9,1.0,0.0,0.0,1.0,0.111111,0.30103,9,1,,,,7985298|8122589|602511257|37064763|34373632|8053157|7942948|4300699|7921208|36394038
c607,dev,clarify_v1,vague,oracle:release_era,,1,vocal_gender,7,7,1.0,0.0,0.0,1.0,0.142857,0.333333,7,1,,,,7985298|8122589|4262073|8053157|7942948|4300699|7921208|4646573|8100402|8071102
c607,dev,clarify_v1,vague,noisy:vocal_gender,,1,vocal_gender,,16,1.0,0.0,0.0,0.0,0.0,0.0,,0,,,,4262073|37064763|8053157|667278|34399272|8071102|32378104|602142810|91846|8122589
c607,dev,clarify_v1,vague,noisy:type,,1,vocal_gender,,15,1.0,0.0,0.0,0.0,0.0,0.0,,0,,,,7985298|8122589|2017349|9611490|926191|602142810|91846|602511257|4262073|37064763
c607,dev,clarify_v1,vague,noisy:genre,,1,vocal_gender,,12,1.0,0.0,0.0,0.0,0.0,0.0,,0,,,,602142810|91846|8122589|7985298|602511257|4262073|37064763|34373632|8053157|7942948
c607,dev,clarify_v1,vague,noisy:release_era,,1,vocal_gender,,20,1.0,0.0,0.0,0.0,0.0,0.0,,0,,,,91846|27600|2170750|667278|1836107|2017349|1667441|518619|926191|602142810
c607,dev,clarify_v1,vague,rule:oracle,,1,vocal_gender,9,9,1.0,0.0,0.0,1.0,0.111111,0.30103,9,1,,,,602142810|91846|7985298|8122589|602511257|34373632|7942948|4300699|7921208|36394038
c607,dev,clarify_v1,vague,rule:noisy,,1,vocal_gender,,16,1.0,0.0,0.0,0.0,0.0,0.0,,0,,,,4262073|37064763|8053157|667278|34399272|8071102|32378104|602142810|91846|8122589
c607,dev,clarify_v1,vague,rule:skip,,1,vocal_gender,,12,1.0,0.0,0.0,0.0,0.0,0.0,,0,,,,602142810|91846|8122589|7985298|602511257|4262073|37064763|34373632|8053157|7942948
c607,dev,clarify_v1,vague,oracle:best,,1,vocal_gender,7,7,1.0,0.0,0.0,1.0,0.142857,0.333333,7,1,,,,4262073|37064763|34373632|8053157|7942948|4300699|7921208|36394038|27600|602388490
c607,dev,clarify_v1,vague,flow:reject,7921208,1,vocal_gender,2,2,1.0,0.0,1.0,1.0,0.5,0.63093,2,1,3,3,3,4300699|7921208|36394038|4646573|27600|602388490|8100402|2170750|667278|1836107
c607,dev,clarify_v1,vague,flow:skip,7921208,1,vocal_gender,2,2,1.0,0.0,1.0,1.0,0.5,0.63093,2,1,3,3,3,4300699|7921208|36394038|4646573|27600|602388490|8100402|2170750|667278|1836107
c607,dev,clarify_v1,vague,flow:oracle,7921208,1,vocal_gender,9,9,1.0,0.0,0.0,1.0,0.111111,0.30103,9,1,2,2,2,602142810|91846|7985298|8122589|602511257|34373632|7942948|4300699|7921208|36394038
c607,dev,clarify_v1,vague,flow:noisy,7921208,1,vocal_gender,,12,1.0,0.0,0.0,0.0,0.0,0.0,,0,,,3,8100402|518619|30859584|34701816|4843704|31967064|7985298|602511257|34373632|7942948
c701,dev,clarify_v1,misinformation,initial,,1,vocal_gender,,,0.0,0.0,0.0,0.0,0.0,0.0,,0,,,,523274|7942948|4038857|4446485|622912|32323639|4388702|5684791|30178900|2759248
c701,dev,clarify_v1,misinformation,reject_only,,1,vocal_gender,,28,1.0,0.0,0.0,0.0,0.0,0.0,,0,,,,89806|2627950|30877002|1459456|686637|3052054|32364000|602427189|602334315|1190874
c701,dev,clarify_v1,misinformation,reject_twice,,1,vocal_gender,,25,1.0,0.0,0.0,0.0,0.0,0.0,,0,,,,33618864|30169383|36394038|425634|1116679|31984204|36382580|848156|30157753|1521142
c701,dev,clarify_v1,misinformation,skip,,1,vocal_gender,,28,1.0,0.0,0.0,0.0,0.0,0.0,,0,,,,89806|2627950|30877002|1459456|686637|3052054|32364000|602427189|602334315|1190874
c701,dev,clarify_v1,misinformation,oracle:vocal_gender,,1,vocal_gender,,13,1.0,0.0,0.0,0.0,0.0,0.0,,0,,,,32311870|4044859|30190630|4056159|30177818|3018898|30877002|1798588|4375626|2627950
c701,dev,clarify_v1,misinformation,oracle:type,,1,vocal_gender,,26,1.0,0.0,0.0,0.0,0.0,0.0,,0,,,,89806|2627950|30877002|1459456|686637|32364000|602427189|602334315|30169383|1116679
c701,dev,clarify_v1,misinformation,oracle:genre,,1,vocal_gender,,26,1.0,0.0,0.0,0.0,0.0,0.0,,0,,,,89806|2627950|30877002|1459456|686637|3052054|32364000|602427189|602334315|1190874
c701,dev,clarify_v1,misinformation,oracle:release_era,,1,vocal_gender,,12,1.0,0.0,0.0,0.0,0.0,0.0,,0,,,,30169383|2627950|30877002|30157753|4044859|30190630|4056159|30177818|3018898|4375626
c701,dev,clarify_v1,misinformation,noisy:vocal_gender,,1,vocal_gender,,28,1.0,0.0,0.0,0.0,0.0,0.0,,0,,,,89806|2627950|30877002|1459456|686637|3052054|32364000|602427189|602334315|1190874
c701,dev,clarify_v1,misinformation,noisy:type,,1,vocal_gender,,28,1.0,0.0,0.0,0.0,0.0,0.0,,0,,,,1190874|2627950|30877002|1459456|686637|89806|3052054|32364000|602427189|602334315
c701,dev,clarify_v1,misinformation,noisy:genre,,1,vocal_gender,,28,1.0,0.0,0.0,0.0,0.0,0.0,,0,,,,89806|2627950|30877002|1459456|686637|3052054|32364000|602427189|602334315|1190874
c701,dev,clarify_v1,misinformation,noisy:release_era,,1,vocal_gender,,29,1.0,0.0,0.0,0.0,0.0,0.0,,0,,,,89806|1459456|686637|3052054|1190874|1116679|425634|1521142|30877002|1798588
c701,dev,clarify_v1,misinformation,rule:oracle,,1,vocal_gender,,13,1.0,0.0,0.0,0.0,0.0,0.0,,0,,,,32311870|4044859|30190630|4056159|30177818|3018898|30877002|1798588|4375626|2627950
c701,dev,clarify_v1,misinformation,rule:noisy,,1,vocal_gender,,28,1.0,0.0,0.0,0.0,0.0,0.0,,0,,,,89806|2627950|30877002|1459456|686637|3052054|32364000|602427189|602334315|1190874
c701,dev,clarify_v1,misinformation,rule:skip,,1,vocal_gender,,28,1.0,0.0,0.0,0.0,0.0,0.0,,0,,,,89806|2627950|30877002|1459456|686637|3052054|32364000|602427189|602334315|1190874
c701,dev,clarify_v1,misinformation,oracle:best,,1,vocal_gender,,13,1.0,0.0,0.0,0.0,0.0,0.0,,0,,,,32311870|4044859|30190630|4056159|30177818|3018898|30877002|1798588|4375626|2627950
c701,dev,clarify_v1,misinformation,flow:reject,4412196,1,vocal_gender,,25,1.0,0.0,0.0,0.0,0.0,0.0,,0,,,3,33618864|30169383|36394038|425634|1116679|31984204|36382580|848156|30157753|1521142
c701,dev,clarify_v1,misinformation,flow:skip,4412196,1,vocal_gender,,25,1.0,0.0,0.0,0.0,0.0,0.0,,0,,,3,33618864|30169383|36394038|425634|1116679|31984204|36382580|848156|30157753|1521142
c701,dev,clarify_v1,misinformation,flow:oracle,4412196,1,vocal_gender,3,3,1.0,0.0,1.0,1.0,0.333333,0.5,3,1,3,3,3,32378104|31983112|4412196|2319548|4092790|33618864|31938460|1032760|36394038|667278
c701,dev,clarify_v1,misinformation,flow:noisy,4412196,1,vocal_gender,,25,1.0,0.0,0.0,0.0,0.0,0.0,,0,,,3,30157753|1521142|30169383|36394038|33618864|1116679|425634|31984204|36382580|848156
c705,dev,clarify_v1,misinformation,initial,,1,vocal_gender,,27,1.0,0.0,0.0,0.0,0.0,0.0,,0,,,,4388702|36394038|27600|2759248|8203900|32364000|32323639|2627950|530043|37344905
c705,dev,clarify_v1,misinformation,reject_only,,1,vocal_gender,,23,1.0,0.0,0.0,0.0,0.0,0.0,,0,,,,490173|5709750|2017349|7985298|602470506|31938046|529685|8122589|1667441|9611490
c705,dev,clarify_v1,misinformation,reject_twice,,1,vocal_gender,,23,1.0,0.0,0.0,0.0,0.0,0.0,,0,,,,8102386|1116679|31373277|32508146|5668985|1901874|622912|602540604|4433528|1417550
c705,dev,clarify_v1,misinformation,skip,,1,vocal_gender,,23,1.0,0.0,0.0,0.0,0.0,0.0,,0,,,,490173|5709750|2017349|7985298|602470506|31938046|529685|8122589|1667441|9611490
c705,dev,clarify_v1,misinformation,oracle:vocal_gender,,1,vocal_gender,3,3,1.0,0.0,1.0,1.0,0.333333,0.5,3,1,,,,3018898|9629220|1928055|31952592|1798588|31983112|32378104|8071102|4296990|667278
c705,dev,clarify_v1,misinformation,oracle:type,,1,vocal_gender,,15,1.0,0.0,0.0,0.0,0.0,0.0,,0,,,,490173|5709750|602470506|31938046|529685|1667441|31373277|32508146|622912|8102386
c705,dev,clarify_v1,misinformation,oracle:genre,,1,vocal_gender,,23,1.0,0.0,0.0,0.0,0.0,0.0,,0,,,,490173|5709750|2017349|7985298|602470506|31938046|529685|8122589|1667441|9611490
c705,dev,clarify_v1,misinformation,oracle:release_era,,1,vocal_gender,9,9,1.0,0.0,0.0,1.0,0.111111,0.30103,9,1,,,,490173|2017349|529685|1667441|1901874|622912|848156|1190874|1928055|1798588
c705,dev,clarify_v1,misinformation,noisy:vocal_gender,,1,vocal_gender,,23,1.0,0.0,0.0,0.0,0.0,0.0,,0,,,,490173|5709750|2017349|7985298|602470506|31938046|529685|8122589|1667441|9611490
c705,dev,clarify_v1,misinformation,noisy:type,,1,vocal_gender,,23,1.0,0.0,0.0,0.0,0.0,0.0,,0,,,,2017349|7985298|8122589|9611490|1901874|1190874|490173|5709750|602470506|31938046
c705,dev,clarify_v1,misinformation,noisy:genre,,1,vocal_gender,,23,1.0,0.0,0.0,0.0,0.0,0.0,,0,,,,490173|5709750|2017349|7985298|602470506|31938046|529685|8122589|1667441|9611490
c705,dev,clarify_v1,misinformation,noisy:release_era,,1,vocal_gender,,23,1.0,0.0,0.0,0.0,0.0,0.0,,0,,,,490173|5709750|2017349|7985298|602470506|31938046|529685|8122589|1667441|9611490
c705,dev,clarify_v1,misinformation,rule:oracle,,1,vocal_gender,3,3,1.0,0.0,1.0,1.0,0.333333,0.5,3,1,,,,3018898|9629220|1928055|31952592|1798588|31983112|32378104|8071102|4296990|667278
c705,dev,clarify_v1,misinformation,rule:noisy,,1,vocal_gender,,23,1.0,0.0,0.0,0.0,0.0,0.0,,0,,,,490173|5709750|2017349|7985298|602470506|31938046|529685|8122589|1667441|9611490
c705,dev,clarify_v1,misinformation,rule:skip,,1,vocal_gender,,23,1.0,0.0,0.0,0.0,0.0,0.0,,0,,,,490173|5709750|2017349|7985298|602470506|31938046|529685|8122589|1667441|9611490
c705,dev,clarify_v1,misinformation,oracle:best,,1,vocal_gender,3,3,1.0,0.0,1.0,1.0,0.333333,0.5,3,1,,,,3018898|9629220|1928055|31952592|1798588|31983112|32378104|8071102|4296990|667278
c705,dev,clarify_v1,misinformation,flow:reject,1928055,1,vocal_gender,,23,1.0,0.0,0.0,0.0,0.0,0.0,,0,,,3,8102386|1116679|31373277|32508146|5668985|1901874|622912|602540604|4433528|1417550
c705,dev,clarify_v1,misinformation,flow:skip,1928055,1,vocal_gender,,23,1.0,0.0,0.0,0.0,0.0,0.0,,0,,,3,8102386|1116679|31373277|32508146|5668985|1901874|622912|602540604|4433528|1417550
c705,dev,clarify_v1,misinformation,flow:oracle,1928055,1,vocal_gender,3,3,1.0,0.0,1.0,1.0,0.333333,0.5,3,1,2,2,2,3018898|9629220|1928055|31952592|1798588|31983112|32378104|8071102|4296990|667278
c705,dev,clarify_v1,misinformation,flow:noisy,1928055,1,vocal_gender,,23,1.0,0.0,0.0,0.0,0.0,0.0,,0,,,3,8102386|1116679|31373277|32508146|5668985|1901874|622912|602540604|4433528|1417550
c706,dev,clarify_v1,misinformation,initial,,1,,9,9,1.0,0.0,0.0,1.0,0.111111,0.30103,9,1,,,,3866006|4024692|2051448|517087|2281050|4047160|1417729|4237755|4020215|4011596
c706,dev,clarify_v1,misinformation,reject_only,,0,,9,9,1.0,0.0,0.0,1.0,0.111111,0.30103,9,1,,,,3866006|4024692|2051448|517087|2281050|4047160|1417729|4237755|4020215|4011596
c706,dev,clarify_v1,misinformation,reject_twice,,0,,9,9,1.0,0.0,0.0,1.0,0.111111,0.30103,9,1,,,,3866006|4024692|2051448|517087|2281050|4047160|1417729|4237755|4020215|4011596
c706,dev,clarify_v1,misinformation,skip,,0,,9,9,1.0,0.0,0.0,1.0,0.111111,0.30103,9,1,,,,3866006|4024692|2051448|517087|2281050|4047160|1417729|4237755|4020215|4011596
c706,dev,clarify_v1,misinformation,oracle:vocal_gender,,0,,9,9,1.0,0.0,0.0,1.0,0.111111,0.30103,9,1,,,,3866006|4024692|2051448|517087|2281050|4047160|1417729|4237755|4020215|4011596
c706,dev,clarify_v1,misinformation,oracle:type,,0,,9,9,1.0,0.0,0.0,1.0,0.111111,0.30103,9,1,,,,3866006|4024692|2051448|517087|2281050|4047160|1417729|4237755|4020215|4011596
c706,dev,clarify_v1,misinformation,oracle:genre,,0,,9,9,1.0,0.0,0.0,1.0,0.111111,0.30103,9,1,,,,3866006|4024692|2051448|517087|2281050|4047160|1417729|4237755|4020215|4011596
c706,dev,clarify_v1,misinformation,oracle:release_era,,0,,9,9,1.0,0.0,0.0,1.0,0.111111,0.30103,9,1,,,,3866006|4024692|2051448|517087|2281050|4047160|1417729|4237755|4020215|4011596
c706,dev,clarify_v1,misinformation,noisy:vocal_gender,,0,,9,9,1.0,0.0,0.0,1.0,0.111111,0.30103,9,1,,,,3866006|4024692|2051448|517087|2281050|4047160|1417729|4237755|4020215|4011596
c706,dev,clarify_v1,misinformation,noisy:type,,0,,9,9,1.0,0.0,0.0,1.0,0.111111,0.30103,9,1,,,,3866006|4024692|2051448|517087|2281050|4047160|1417729|4237755|4020215|4011596
c706,dev,clarify_v1,misinformation,noisy:genre,,0,,9,9,1.0,0.0,0.0,1.0,0.111111,0.30103,9,1,,,,3866006|4024692|2051448|517087|2281050|4047160|1417729|4237755|4020215|4011596
c706,dev,clarify_v1,misinformation,noisy:release_era,,0,,9,9,1.0,0.0,0.0,1.0,0.111111,0.30103,9,1,,,,3866006|4024692|2051448|517087|2281050|4047160|1417729|4237755|4020215|4011596
c706,dev,clarify_v1,misinformation,rule:oracle,,0,,9,9,1.0,0.0,0.0,1.0,0.111111,0.30103,9,1,,,,3866006|4024692|2051448|517087|2281050|4047160|1417729|4237755|4020215|4011596
c706,dev,clarify_v1,misinformation,rule:noisy,,0,,9,9,1.0,0.0,0.0,1.0,0.111111,0.30103,9,1,,,,3866006|4024692|2051448|517087|2281050|4047160|1417729|4237755|4020215|4011596
c706,dev,clarify_v1,misinformation,rule:skip,,0,,9,9,1.0,0.0,0.0,1.0,0.111111,0.30103,9,1,,,,3866006|4024692|2051448|517087|2281050|4047160|1417729|4237755|4020215|4011596
c706,dev,clarify_v1,misinformation,oracle:best,,0,,9,9,1.0,0.0,0.0,1.0,0.111111,0.30103,9,1,,,,3866006|4024692|2051448|517087|2281050|4047160|1417729|4237755|4020215|4011596
c706,dev,clarify_v1,misinformation,flow:reject,,0,,9,9,1.0,0.0,0.0,1.0,0.111111,0.30103,9,1,1,1,1,3866006|4024692|2051448|517087|2281050|4047160|1417729|4237755|4020215|4011596
c706,dev,clarify_v1,misinformation,flow:skip,,0,,9,9,1.0,0.0,0.0,1.0,0.111111,0.30103,9,1,1,1,1,3866006|4024692|2051448|517087|2281050|4047160|1417729|4237755|4020215|4011596
c706,dev,clarify_v1,misinformation,flow:oracle,,0,,9,9,1.0,0.0,0.0,1.0,0.111111,0.30103,9,1,1,1,1,3866006|4024692|2051448|517087|2281050|4047160|1417729|4237755|4020215|4011596
c706,dev,clarify_v1,misinformation,flow:noisy,,0,,9,9,1.0,0.0,0.0,1.0,0.111111,0.30103,9,1,1,1,1,3866006|4024692|2051448|517087|2281050|4047160|1417729|4237755|4020215|4011596
c707,dev,clarify_v1,misinformation,initial,,1,vocal_gender,,18,1.0,0.0,0.0,0.0,0.0,0.0,,0,,,,3414749|489226|8174429|4262073|32473998|33347390|9629220|90693|4044859|5605860
c707,dev,clarify_v1,misinformation,reject_only,,1,vocal_gender,9,9,1.0,0.0,0.0,1.0,0.111111,0.30103,9,1,,,,4375626|602323999|32614125|602389065|602323658|8089568|31952592|31709523|5650996|4097003
c707,dev,clarify_v1,misinformation,reject_twice,,0,vocal_gender,9,9,1.0,0.0,0.0,1.0,0.111111,0.30103,9,1,,,,4375626|602323999|32614125|602389065|602323658|8089568|31952592|31709523|5650996|4097003
c707,dev,clarify_v1,misinformation,skip,,1,vocal_gender,9,9,1.0,0.0,0.0,1.0,0.111111,0.30103,9,1,,,,4375626|602323999|32614125|602389065|602323658|8089568|31952592|31709523|5650996|4097003
c707,dev,clarify_v1,misinformation,oracle:vocal_gender,,1,vocal_gender,1,1,1.0,1.0,1.0,1.0,1.0,1.0,1,1,,,,5650996|4097003|4665220|2596161|855659|5674119|8077712|32521396|1816224|5545022
c707,dev,clarify_v1,misinformation,oracle:type,,1,vocal_gender,2,2,1.0,0.0,1.0,1.0,0.5,0.63093,2,1,,,,31709523|5650996|4097003|2596161|8077712|1816224|4375626|602323999|34657844|32614125
c707,dev,clarify_v1,misinformation,oracle:genre,,1,vocal_gender,7,7,1.0,0.0,0.0,1.0,0.142857,0.333333,7,1,,,,4375626|602323999|32614125|602389065|8089568|31952592|5650996|2596161|8077712|32521396
c707,dev,clarify_v1,misinformation,oracle:release_era,,1,vocal_gender,5,5,1.0,0.0,1.0,1.0,0.2,0.386853,5,1,,,,4375626|8089568|31952592|31709523|5650996|4097003|4665220|2596161|5674119|8077712
c707,dev,clarify_v1,misinformation,noisy:vocal_gender,,1,vocal_gender,,20,1.0,0.0,0.0,0.0,0.0,0.0,,0,,,,32003395|34701816|4388702|33691794|8141498|5684791|602540604|4375626|4076051|602323999
c707,dev,clarify_v1,misinformation,noisy:type,,1,vocal_gender,,20,1.0,0.0,0.0,0.0,0.0,0.0,,0,,,,4375626|602323999|32614125|602389065|8089568|31952592|5674119|32003395|34701816|4388702
c707,dev,clarify_v1,misinformation,noisy:genre,,1,vocal_gender,9,9,1.0,0.0,0.0,1.0,0.111111,0.30103,9,1,,,,4375626|602323999|32614125|602389065|602323658|8089568|31952592|31709523|5650996|4097003
c707,dev,clarify_v1,misinformation,noisy:release_era,,1,vocal_gender,,11,1.0,0.0,0.0,0.0,0.0,0.0,,0,,,,855659|1816224|4375626|602323999|32614125|602389065|602323658|8089568|31952592|31709523
c707,dev,clarify_v1,misinformation,rule:oracle,,1,vocal_gender,1,1,1.0,1.0,1.0,1.0,1.0,1.0,1,1,,,,5650996|4097003|4665220|2596161|855659|5674119|8077712|32521396|1816224|5545022
c707,dev,clarify_v1,misinformation,rule:noisy,,1,vocal_gender,,20,1.0,0.0,0.0,0.0,0.0,0.0,,0,,,,32003395|34701816|4388702|33691794|8141498|5684791|602540604|4375626|4076051|602323999
c707,dev,clarify_v1,misinformation,rule:skip,,1,vocal_gender,9,9,1.0,0.0,0.0,1.0,0.111111,0.30103,9,1,,,,4375626|602323999|32614125|602389065|602323658|8089568|31952592|31709523|5650996|4097003
c707,dev,clarify_v1,misinformation,oracle:best,,1,vocal_gender,1,1,1.0,1.0,1.0,1.0,1.0,1.0,1,1,,,,5650996|4097003|4665220|2596161|855659|5674119|8077712|32521396|1816224|5545022
c707,dev,clarify_v1,misinformation,flow:reject,5650996,1,vocal_gender,9,9,1.0,0.0,0.0,1.0,0.111111,0.30103,9,1,2,2,2,4375626|602323999|32614125|602389065|602323658|8089568|31952592|31709523|5650996|4097003
c707,dev,clarify_v1,misinformation,flow:skip,5650996,1,vocal_gender,9,9,1.0,0.0,0.0,1.0,0.111111,0.30103,9,1,2,2,2,4375626|602323999|32614125|602389065|602323658|8089568|31952592|31709523|5650996|4097003
c707,dev,clarify_v1,misinformation,flow:oracle,5650996,1,vocal_gender,1,1,1.0,1.0,1.0,1.0,1.0,1.0,1,1,2,2,2,5650996|4097003|4665220|2596161|855659|5674119|8077712|32521396|1816224|5545022
c707,dev,clarify_v1,misinformation,flow:noisy,5650996,1,vocal_gender,,18,1.0,0.0,0.0,0.0,0.0,0.0,,0,,,3,602323658|602537974|34657844|32614125|8102386|602389065|31952592|32508146|8104509|4091105
m102,dev,modality_v1,vague,initial,,1,,1,1,1.0,1.0,1.0,1.0,1.0,1.0,1,1,,,,3467466|5826464|5826462|19094|602142162|602499365|1851229|3843565|9647324|1414764
m102,dev,modality_v1,vague,reject_only,,0,,1,1,1.0,1.0,1.0,1.0,1.0,1.0,1,1,,,,3467466|5826464|5826462|19094|602142162|602499365|1851229|3843565|9647324|1414764
m102,dev,modality_v1,vague,reject_twice,,0,,1,1,1.0,1.0,1.0,1.0,1.0,1.0,1,1,,,,3467466|5826464|5826462|19094|602142162|602499365|1851229|3843565|9647324|1414764
m102,dev,modality_v1,vague,skip,,0,,1,1,1.0,1.0,1.0,1.0,1.0,1.0,1,1,,,,3467466|5826464|5826462|19094|602142162|602499365|1851229|3843565|9647324|1414764
m102,dev,modality_v1,vague,oracle:vocal_gender,,0,,1,1,1.0,1.0,1.0,1.0,1.0,1.0,1,1,,,,3467466|5826464|5826462|19094|602142162|602499365|1851229|3843565|9647324|1414764
m102,dev,modality_v1,vague,oracle:type,,0,,1,1,1.0,1.0,1.0,1.0,1.0,1.0,1,1,,,,3467466|5826464|5826462|19094|602142162|602499365|1851229|3843565|9647324|1414764
m102,dev,modality_v1,vague,oracle:genre,,0,,1,1,1.0,1.0,1.0,1.0,1.0,1.0,1,1,,,,3467466|5826464|5826462|19094|602142162|602499365|1851229|3843565|9647324|1414764
m102,dev,modality_v1,vague,oracle:release_era,,0,,1,1,1.0,1.0,1.0,1.0,1.0,1.0,1,1,,,,3467466|5826464|5826462|19094|602142162|602499365|1851229|3843565|9647324|1414764
m102,dev,modality_v1,vague,noisy:vocal_gender,,0,,1,1,1.0,1.0,1.0,1.0,1.0,1.0,1,1,,,,3467466|5826464|5826462|19094|602142162|602499365|1851229|3843565|9647324|1414764
m102,dev,modality_v1,vague,noisy:type,,0,,1,1,1.0,1.0,1.0,1.0,1.0,1.0,1,1,,,,3467466|5826464|5826462|19094|602142162|602499365|1851229|3843565|9647324|1414764
m102,dev,modality_v1,vague,noisy:genre,,0,,1,1,1.0,1.0,1.0,1.0,1.0,1.0,1,1,,,,3467466|5826464|5826462|19094|602142162|602499365|1851229|3843565|9647324|1414764
m102,dev,modality_v1,vague,noisy:release_era,,0,,1,1,1.0,1.0,1.0,1.0,1.0,1.0,1,1,,,,3467466|5826464|5826462|19094|602142162|602499365|1851229|3843565|9647324|1414764
m102,dev,modality_v1,vague,rule:oracle,,0,,1,1,1.0,1.0,1.0,1.0,1.0,1.0,1,1,,,,3467466|5826464|5826462|19094|602142162|602499365|1851229|3843565|9647324|1414764
m102,dev,modality_v1,vague,rule:noisy,,0,,1,1,1.0,1.0,1.0,1.0,1.0,1.0,1,1,,,,3467466|5826464|5826462|19094|602142162|602499365|1851229|3843565|9647324|1414764
m102,dev,modality_v1,vague,rule:skip,,0,,1,1,1.0,1.0,1.0,1.0,1.0,1.0,1,1,,,,3467466|5826464|5826462|19094|602142162|602499365|1851229|3843565|9647324|1414764
m102,dev,modality_v1,vague,oracle:best,,0,,1,1,1.0,1.0,1.0,1.0,1.0,1.0,1,1,,,,3467466|5826464|5826462|19094|602142162|602499365|1851229|3843565|9647324|1414764
m102,dev,modality_v1,vague,flow:reject,,0,,1,1,1.0,1.0,1.0,1.0,1.0,1.0,1,1,1,1,1,3467466|5826464|5826462|19094|602142162|602499365|1851229|3843565|9647324|1414764
m102,dev,modality_v1,vague,flow:skip,,0,,1,1,1.0,1.0,1.0,1.0,1.0,1.0,1,1,1,1,1,3467466|5826464|5826462|19094|602142162|602499365|1851229|3843565|9647324|1414764
m102,dev,modality_v1,vague,flow:oracle,,0,,1,1,1.0,1.0,1.0,1.0,1.0,1.0,1,1,1,1,1,3467466|5826464|5826462|19094|602142162|602499365|1851229|3843565|9647324|1414764
m102,dev,modality_v1,vague,flow:noisy,,0,,1,1,1.0,1.0,1.0,1.0,1.0,1.0,1,1,1,1,1,3467466|5826464|5826462|19094|602142162|602499365|1851229|3843565|9647324|1414764
m103,dev,modality_v1,vague,initial,,1,,2,1,1.0,0.0,1.0,1.0,0.5,0.63093,2,1,,,,27600|523274|89806|620679|1116679|4299165|610483|622912|4446485|530043
m103,dev,modality_v1,vague,reject_only,,0,,2,1,1.0,0.0,1.0,1.0,0.5,0.63093,2,1,,,,27600|523274|89806|620679|1116679|4299165|610483|622912|4446485|530043
m103,dev,modality_v1,vague,reject_twice,,0,,2,1,1.0,0.0,1.0,1.0,0.5,0.63093,2,1,,,,27600|523274|89806|620679|1116679|4299165|610483|622912|4446485|530043
m103,dev,modality_v1,vague,skip,,0,,2,1,1.0,0.0,1.0,1.0,0.5,0.63093,2,1,,,,27600|523274|89806|620679|1116679|4299165|610483|622912|4446485|530043
m103,dev,modality_v1,vague,oracle:vocal_gender,,0,,2,1,1.0,0.0,1.0,1.0,0.5,0.63093,2,1,,,,27600|523274|89806|620679|1116679|4299165|610483|622912|4446485|530043
m103,dev,modality_v1,vague,oracle:type,,0,,2,1,1.0,0.0,1.0,1.0,0.5,0.63093,2,1,,,,27600|523274|89806|620679|1116679|4299165|610483|622912|4446485|530043
m103,dev,modality_v1,vague,oracle:genre,,0,,2,1,1.0,0.0,1.0,1.0,0.5,0.63093,2,1,,,,27600|523274|89806|620679|1116679|4299165|610483|622912|4446485|530043
m103,dev,modality_v1,vague,oracle:release_era,,0,,2,1,1.0,0.0,1.0,1.0,0.5,0.63093,2,1,,,,27600|523274|89806|620679|1116679|4299165|610483|622912|4446485|530043
m103,dev,modality_v1,vague,noisy:vocal_gender,,0,,2,1,1.0,0.0,1.0,1.0,0.5,0.63093,2,1,,,,27600|523274|89806|620679|1116679|4299165|610483|622912|4446485|530043
m103,dev,modality_v1,vague,noisy:type,,0,,2,1,1.0,0.0,1.0,1.0,0.5,0.63093,2,1,,,,27600|523274|89806|620679|1116679|4299165|610483|622912|4446485|530043
m103,dev,modality_v1,vague,noisy:genre,,0,,2,1,1.0,0.0,1.0,1.0,0.5,0.63093,2,1,,,,27600|523274|89806|620679|1116679|4299165|610483|622912|4446485|530043
m103,dev,modality_v1,vague,noisy:release_era,,0,,2,1,1.0,0.0,1.0,1.0,0.5,0.63093,2,1,,,,27600|523274|89806|620679|1116679|4299165|610483|622912|4446485|530043
m103,dev,modality_v1,vague,rule:oracle,,0,,2,1,1.0,0.0,1.0,1.0,0.5,0.63093,2,1,,,,27600|523274|89806|620679|1116679|4299165|610483|622912|4446485|530043
m103,dev,modality_v1,vague,rule:noisy,,0,,2,1,1.0,0.0,1.0,1.0,0.5,0.63093,2,1,,,,27600|523274|89806|620679|1116679|4299165|610483|622912|4446485|530043
m103,dev,modality_v1,vague,rule:skip,,0,,2,1,1.0,0.0,1.0,1.0,0.5,0.63093,2,1,,,,27600|523274|89806|620679|1116679|4299165|610483|622912|4446485|530043
m103,dev,modality_v1,vague,oracle:best,,0,,2,1,1.0,0.0,1.0,1.0,0.5,0.63093,2,1,,,,27600|523274|89806|620679|1116679|4299165|610483|622912|4446485|530043
m103,dev,modality_v1,vague,flow:reject,,0,,2,1,1.0,0.0,1.0,1.0,0.5,0.63093,2,1,1,1,1,27600|523274|89806|620679|1116679|4299165|610483|622912|4446485|530043
m103,dev,modality_v1,vague,flow:skip,,0,,2,1,1.0,0.0,1.0,1.0,0.5,0.63093,2,1,1,1,1,27600|523274|89806|620679|1116679|4299165|610483|622912|4446485|530043
m103,dev,modality_v1,vague,flow:oracle,,0,,2,1,1.0,0.0,1.0,1.0,0.5,0.63093,2,1,1,1,1,27600|523274|89806|620679|1116679|4299165|610483|622912|4446485|530043
m103,dev,modality_v1,vague,flow:noisy,,0,,2,1,1.0,0.0,1.0,1.0,0.5,0.63093,2,1,1,1,1,27600|523274|89806|620679|1116679|4299165|610483|622912|4446485|530043
m104,dev,modality_v1,vague,initial,,1,,3,3,1.0,0.0,1.0,1.0,0.333333,0.5,1,1,,,,30178900|30169608|30157753|8122589|5684791|31373277|9611490|8141498|31938046|31324607
m104,dev,modality_v1,vague,reject_only,,0,,3,3,1.0,0.0,1.0,1.0,0.333333,0.5,1,1,,,,30178900|30169608|30157753|8122589|5684791|31373277|9611490|8141498|31938046|31324607
m104,dev,modality_v1,vague,reject_twice,,0,,3,3,1.0,0.0,1.0,1.0,0.333333,0.5,1,1,,,,30178900|30169608|30157753|8122589|5684791|31373277|9611490|8141498|31938046|31324607
m104,dev,modality_v1,vague,skip,,0,,3,3,1.0,0.0,1.0,1.0,0.333333,0.5,1,1,,,,30178900|30169608|30157753|8122589|5684791|31373277|9611490|8141498|31938046|31324607
m104,dev,modality_v1,vague,oracle:vocal_gender,,0,,3,3,1.0,0.0,1.0,1.0,0.333333,0.5,1,1,,,,30178900|30169608|30157753|8122589|5684791|31373277|9611490|8141498|31938046|31324607
m104,dev,modality_v1,vague,oracle:type,,0,,3,3,1.0,0.0,1.0,1.0,0.333333,0.5,1,1,,,,30178900|30169608|30157753|8122589|5684791|31373277|9611490|8141498|31938046|31324607
m104,dev,modality_v1,vague,oracle:genre,,0,,3,3,1.0,0.0,1.0,1.0,0.333333,0.5,1,1,,,,30178900|30169608|30157753|8122589|5684791|31373277|9611490|8141498|31938046|31324607
m104,dev,modality_v1,vague,oracle:release_era,,0,,3,3,1.0,0.0,1.0,1.0,0.333333,0.5,1,1,,,,30178900|30169608|30157753|8122589|5684791|31373277|9611490|8141498|31938046|31324607
m104,dev,modality_v1,vague,noisy:vocal_gender,,0,,3,3,1.0,0.0,1.0,1.0,0.333333,0.5,1,1,,,,30178900|30169608|30157753|8122589|5684791|31373277|9611490|8141498|31938046|31324607
m104,dev,modality_v1,vague,noisy:type,,0,,3,3,1.0,0.0,1.0,1.0,0.333333,0.5,1,1,,,,30178900|30169608|30157753|8122589|5684791|31373277|9611490|8141498|31938046|31324607
m104,dev,modality_v1,vague,noisy:genre,,0,,3,3,1.0,0.0,1.0,1.0,0.333333,0.5,1,1,,,,30178900|30169608|30157753|8122589|5684791|31373277|9611490|8141498|31938046|31324607
m104,dev,modality_v1,vague,noisy:release_era,,0,,3,3,1.0,0.0,1.0,1.0,0.333333,0.5,1,1,,,,30178900|30169608|30157753|8122589|5684791|31373277|9611490|8141498|31938046|31324607
m104,dev,modality_v1,vague,rule:oracle,,0,,3,3,1.0,0.0,1.0,1.0,0.333333,0.5,1,1,,,,30178900|30169608|30157753|8122589|5684791|31373277|9611490|8141498|31938046|31324607
m104,dev,modality_v1,vague,rule:noisy,,0,,3,3,1.0,0.0,1.0,1.0,0.333333,0.5,1,1,,,,30178900|30169608|30157753|8122589|5684791|31373277|9611490|8141498|31938046|31324607
m104,dev,modality_v1,vague,rule:skip,,0,,3,3,1.0,0.0,1.0,1.0,0.333333,0.5,1,1,,,,30178900|30169608|30157753|8122589|5684791|31373277|9611490|8141498|31938046|31324607
m104,dev,modality_v1,vague,oracle:best,,0,,3,3,1.0,0.0,1.0,1.0,0.333333,0.5,1,1,,,,30178900|30169608|30157753|8122589|5684791|31373277|9611490|8141498|31938046|31324607
m104,dev,modality_v1,vague,flow:reject,,0,,3,3,1.0,0.0,1.0,1.0,0.333333,0.5,1,1,1,1,1,30178900|30169608|30157753|8122589|5684791|31373277|9611490|8141498|31938046|31324607
m104,dev,modality_v1,vague,flow:skip,,0,,3,3,1.0,0.0,1.0,1.0,0.333333,0.5,1,1,1,1,1,30178900|30169608|30157753|8122589|5684791|31373277|9611490|8141498|31938046|31324607
m104,dev,modality_v1,vague,flow:oracle,,0,,3,3,1.0,0.0,1.0,1.0,0.333333,0.5,1,1,1,1,1,30178900|30169608|30157753|8122589|5684791|31373277|9611490|8141498|31938046|31324607
m104,dev,modality_v1,vague,flow:noisy,,0,,3,3,1.0,0.0,1.0,1.0,0.333333,0.5,1,1,1,1,1,30178900|30169608|30157753|8122589|5684791|31373277|9611490|8141498|31938046|31324607
m201,dev,modality_v1,vague,initial,,1,,7,7,1.0,0.0,0.0,1.0,0.142857,0.333333,1,1,,,,4107875|4723861|8184472|3884575|602509878|3940533|4097003|31870517|8005879|602378263
m201,dev,modality_v1,vague,reject_only,,0,,7,7,1.0,0.0,0.0,1.0,0.142857,0.333333,1,1,,,,4107875|4723861|8184472|3884575|602509878|3940533|4097003|31870517|8005879|602378263
m201,dev,modality_v1,vague,reject_twice,,0,,7,7,1.0,0.0,0.0,1.0,0.142857,0.333333,1,1,,,,4107875|4723861|8184472|3884575|602509878|3940533|4097003|31870517|8005879|602378263
m201,dev,modality_v1,vague,skip,,0,,7,7,1.0,0.0,0.0,1.0,0.142857,0.333333,1,1,,,,4107875|4723861|8184472|3884575|602509878|3940533|4097003|31870517|8005879|602378263
m201,dev,modality_v1,vague,oracle:vocal_gender,,0,,7,7,1.0,0.0,0.0,1.0,0.142857,0.333333,1,1,,,,4107875|4723861|8184472|3884575|602509878|3940533|4097003|31870517|8005879|602378263
m201,dev,modality_v1,vague,oracle:type,,0,,7,7,1.0,0.0,0.0,1.0,0.142857,0.333333,1,1,,,,4107875|4723861|8184472|3884575|602509878|3940533|4097003|31870517|8005879|602378263
m201,dev,modality_v1,vague,oracle:genre,,0,,7,7,1.0,0.0,0.0,1.0,0.142857,0.333333,1,1,,,,4107875|4723861|8184472|3884575|602509878|3940533|4097003|31870517|8005879|602378263
m201,dev,modality_v1,vague,oracle:release_era,,0,,7,7,1.0,0.0,0.0,1.0,0.142857,0.333333,1,1,,,,4107875|4723861|8184472|3884575|602509878|3940533|4097003|31870517|8005879|602378263
m201,dev,modality_v1,vague,noisy:vocal_gender,,0,,7,7,1.0,0.0,0.0,1.0,0.142857,0.333333,1,1,,,,4107875|4723861|8184472|3884575|602509878|3940533|4097003|31870517|8005879|602378263
m201,dev,modality_v1,vague,noisy:type,,0,,7,7,1.0,0.0,0.0,1.0,0.142857,0.333333,1,1,,,,4107875|4723861|8184472|3884575|602509878|3940533|4097003|31870517|8005879|602378263
m201,dev,modality_v1,vague,noisy:genre,,0,,7,7,1.0,0.0,0.0,1.0,0.142857,0.333333,1,1,,,,4107875|4723861|8184472|3884575|602509878|3940533|4097003|31870517|8005879|602378263
m201,dev,modality_v1,vague,noisy:release_era,,0,,7,7,1.0,0.0,0.0,1.0,0.142857,0.333333,1,1,,,,4107875|4723861|8184472|3884575|602509878|3940533|4097003|31870517|8005879|602378263
m201,dev,modality_v1,vague,rule:oracle,,0,,7,7,1.0,0.0,0.0,1.0,0.142857,0.333333,1,1,,,,4107875|4723861|8184472|3884575|602509878|3940533|4097003|31870517|8005879|602378263
m201,dev,modality_v1,vague,rule:noisy,,0,,7,7,1.0,0.0,0.0,1.0,0.142857,0.333333,1,1,,,,4107875|4723861|8184472|3884575|602509878|3940533|4097003|31870517|8005879|602378263
m201,dev,modality_v1,vague,rule:skip,,0,,7,7,1.0,0.0,0.0,1.0,0.142857,0.333333,1,1,,,,4107875|4723861|8184472|3884575|602509878|3940533|4097003|31870517|8005879|602378263
m201,dev,modality_v1,vague,oracle:best,,0,,7,7,1.0,0.0,0.0,1.0,0.142857,0.333333,1,1,,,,4107875|4723861|8184472|3884575|602509878|3940533|4097003|31870517|8005879|602378263
m201,dev,modality_v1,vague,flow:reject,,0,,7,7,1.0,0.0,0.0,1.0,0.142857,0.333333,1,1,1,1,1,4107875|4723861|8184472|3884575|602509878|3940533|4097003|31870517|8005879|602378263
m201,dev,modality_v1,vague,flow:skip,,0,,7,7,1.0,0.0,0.0,1.0,0.142857,0.333333,1,1,1,1,1,4107875|4723861|8184472|3884575|602509878|3940533|4097003|31870517|8005879|602378263
m201,dev,modality_v1,vague,flow:oracle,,0,,7,7,1.0,0.0,0.0,1.0,0.142857,0.333333,1,1,1,1,1,4107875|4723861|8184472|3884575|602509878|3940533|4097003|31870517|8005879|602378263
m201,dev,modality_v1,vague,flow:noisy,,0,,7,7,1.0,0.0,0.0,1.0,0.142857,0.333333,1,1,1,1,1,4107875|4723861|8184472|3884575|602509878|3940533|4097003|31870517|8005879|602378263
m202,dev,modality_v1,vague,initial,,1,,10,10,1.0,0.0,0.0,1.0,0.1,0.289065,1,1,,,,602303952|3588757|3584075|602539184|5545022|1199786|4226210|31908033|8184472|3467463
m202,dev,modality_v1,vague,reject_only,,0,,10,10,1.0,0.0,0.0,1.0,0.1,0.289065,1,1,,,,602303952|3588757|3584075|602539184|5545022|1199786|4226210|31908033|8184472|3467463
m202,dev,modality_v1,vague,reject_twice,,0,,10,10,1.0,0.0,0.0,1.0,0.1,0.289065,1,1,,,,602303952|3588757|3584075|602539184|5545022|1199786|4226210|31908033|8184472|3467463
m202,dev,modality_v1,vague,skip,,0,,10,10,1.0,0.0,0.0,1.0,0.1,0.289065,1,1,,,,602303952|3588757|3584075|602539184|5545022|1199786|4226210|31908033|8184472|3467463
m202,dev,modality_v1,vague,oracle:vocal_gender,,0,,10,10,1.0,0.0,0.0,1.0,0.1,0.289065,1,1,,,,602303952|3588757|3584075|602539184|5545022|1199786|4226210|31908033|8184472|3467463
m202,dev,modality_v1,vague,oracle:type,,0,,10,10,1.0,0.0,0.0,1.0,0.1,0.289065,1,1,,,,602303952|3588757|3584075|602539184|5545022|1199786|4226210|31908033|8184472|3467463
m202,dev,modality_v1,vague,oracle:genre,,0,,10,10,1.0,0.0,0.0,1.0,0.1,0.289065,1,1,,,,602303952|3588757|3584075|602539184|5545022|1199786|4226210|31908033|8184472|3467463
m202,dev,modality_v1,vague,oracle:release_era,,0,,10,10,1.0,0.0,0.0,1.0,0.1,0.289065,1,1,,,,602303952|3588757|3584075|602539184|5545022|1199786|4226210|31908033|8184472|3467463
m202,dev,modality_v1,vague,noisy:vocal_gender,,0,,10,10,1.0,0.0,0.0,1.0,0.1,0.289065,1,1,,,,602303952|3588757|3584075|602539184|5545022|1199786|4226210|31908033|8184472|3467463
m202,dev,modality_v1,vague,noisy:type,,0,,10,10,1.0,0.0,0.0,1.0,0.1,0.289065,1,1,,,,602303952|3588757|3584075|602539184|5545022|1199786|4226210|31908033|8184472|3467463
m202,dev,modality_v1,vague,noisy:genre,,0,,10,10,1.0,0.0,0.0,1.0,0.1,0.289065,1,1,,,,602303952|3588757|3584075|602539184|5545022|1199786|4226210|31908033|8184472|3467463
m202,dev,modality_v1,vague,noisy:release_era,,0,,10,10,1.0,0.0,0.0,1.0,0.1,0.289065,1,1,,,,602303952|3588757|3584075|602539184|5545022|1199786|4226210|31908033|8184472|3467463
m202,dev,modality_v1,vague,rule:oracle,,0,,10,10,1.0,0.0,0.0,1.0,0.1,0.289065,1,1,,,,602303952|3588757|3584075|602539184|5545022|1199786|4226210|31908033|8184472|3467463
m202,dev,modality_v1,vague,rule:noisy,,0,,10,10,1.0,0.0,0.0,1.0,0.1,0.289065,1,1,,,,602303952|3588757|3584075|602539184|5545022|1199786|4226210|31908033|8184472|3467463
m202,dev,modality_v1,vague,rule:skip,,0,,10,10,1.0,0.0,0.0,1.0,0.1,0.289065,1,1,,,,602303952|3588757|3584075|602539184|5545022|1199786|4226210|31908033|8184472|3467463
m202,dev,modality_v1,vague,oracle:best,,0,,10,10,1.0,0.0,0.0,1.0,0.1,0.289065,1,1,,,,602303952|3588757|3584075|602539184|5545022|1199786|4226210|31908033|8184472|3467463
m202,dev,modality_v1,vague,flow:reject,,0,,10,10,1.0,0.0,0.0,1.0,0.1,0.289065,1,1,1,1,1,602303952|3588757|3584075|602539184|5545022|1199786|4226210|31908033|8184472|3467463
m202,dev,modality_v1,vague,flow:skip,,0,,10,10,1.0,0.0,0.0,1.0,0.1,0.289065,1,1,1,1,1,602303952|3588757|3584075|602539184|5545022|1199786|4226210|31908033|8184472|3467463
m202,dev,modality_v1,vague,flow:oracle,,0,,10,10,1.0,0.0,0.0,1.0,0.1,0.289065,1,1,1,1,1,602303952|3588757|3584075|602539184|5545022|1199786|4226210|31908033|8184472|3467463
m202,dev,modality_v1,vague,flow:noisy,,0,,10,10,1.0,0.0,0.0,1.0,0.1,0.289065,1,1,1,1,1,602303952|3588757|3584075|602539184|5545022|1199786|4226210|31908033|8184472|3467463
m203,dev,modality_v1,vague,initial,,1,,1,1,1.0,1.0,1.0,1.0,1.0,1.0,1,1,,,,5824839|602359042|2684461|602537990|602308395|1786851|5658708|2135469|31113240|602241029
m203,dev,modality_v1,vague,reject_only,,0,,1,1,1.0,1.0,1.0,1.0,1.0,1.0,1,1,,,,5824839|602359042|2684461|602537990|602308395|1786851|5658708|2135469|31113240|602241029
m203,dev,modality_v1,vague,reject_twice,,0,,1,1,1.0,1.0,1.0,1.0,1.0,1.0,1,1,,,,5824839|602359042|2684461|602537990|602308395|1786851|5658708|2135469|31113240|602241029
m203,dev,modality_v1,vague,skip,,0,,1,1,1.0,1.0,1.0,1.0,1.0,1.0,1,1,,,,5824839|602359042|2684461|602537990|602308395|1786851|5658708|2135469|31113240|602241029
m203,dev,modality_v1,vague,oracle:vocal_gender,,0,,1,1,1.0,1.0,1.0,1.0,1.0,1.0,1,1,,,,5824839|602359042|2684461|602537990|602308395|1786851|5658708|2135469|31113240|602241029
m203,dev,modality_v1,vague,oracle:type,,0,,1,1,1.0,1.0,1.0,1.0,1.0,1.0,1,1,,,,5824839|602359042|2684461|602537990|602308395|1786851|5658708|2135469|31113240|602241029
m203,dev,modality_v1,vague,oracle:genre,,0,,1,1,1.0,1.0,1.0,1.0,1.0,1.0,1,1,,,,5824839|602359042|2684461|602537990|602308395|1786851|5658708|2135469|31113240|602241029
m203,dev,modality_v1,vague,oracle:release_era,,0,,1,1,1.0,1.0,1.0,1.0,1.0,1.0,1,1,,,,5824839|602359042|2684461|602537990|602308395|1786851|5658708|2135469|31113240|602241029
m203,dev,modality_v1,vague,noisy:vocal_gender,,0,,1,1,1.0,1.0,1.0,1.0,1.0,1.0,1,1,,,,5824839|602359042|2684461|602537990|602308395|1786851|5658708|2135469|31113240|602241029
m203,dev,modality_v1,vague,noisy:type,,0,,1,1,1.0,1.0,1.0,1.0,1.0,1.0,1,1,,,,5824839|602359042|2684461|602537990|602308395|1786851|5658708|2135469|31113240|602241029
m203,dev,modality_v1,vague,noisy:genre,,0,,1,1,1.0,1.0,1.0,1.0,1.0,1.0,1,1,,,,5824839|602359042|2684461|602537990|602308395|1786851|5658708|2135469|31113240|602241029
m203,dev,modality_v1,vague,noisy:release_era,,0,,1,1,1.0,1.0,1.0,1.0,1.0,1.0,1,1,,,,5824839|602359042|2684461|602537990|602308395|1786851|5658708|2135469|31113240|602241029
m203,dev,modality_v1,vague,rule:oracle,,0,,1,1,1.0,1.0,1.0,1.0,1.0,1.0,1,1,,,,5824839|602359042|2684461|602537990|602308395|1786851|5658708|2135469|31113240|602241029
m203,dev,modality_v1,vague,rule:noisy,,0,,1,1,1.0,1.0,1.0,1.0,1.0,1.0,1,1,,,,5824839|602359042|2684461|602537990|602308395|1786851|5658708|2135469|31113240|602241029
m203,dev,modality_v1,vague,rule:skip,,0,,1,1,1.0,1.0,1.0,1.0,1.0,1.0,1,1,,,,5824839|602359042|2684461|602537990|602308395|1786851|5658708|2135469|31113240|602241029
m203,dev,modality_v1,vague,oracle:best,,0,,1,1,1.0,1.0,1.0,1.0,1.0,1.0,1,1,,,,5824839|602359042|2684461|602537990|602308395|1786851|5658708|2135469|31113240|602241029
m203,dev,modality_v1,vague,flow:reject,,0,,1,1,1.0,1.0,1.0,1.0,1.0,1.0,1,1,1,1,1,5824839|602359042|2684461|602537990|602308395|1786851|5658708|2135469|31113240|602241029
m203,dev,modality_v1,vague,flow:skip,,0,,1,1,1.0,1.0,1.0,1.0,1.0,1.0,1,1,1,1,1,5824839|602359042|2684461|602537990|602308395|1786851|5658708|2135469|31113240|602241029
m203,dev,modality_v1,vague,flow:oracle,,0,,1,1,1.0,1.0,1.0,1.0,1.0,1.0,1,1,1,1,1,5824839|602359042|2684461|602537990|602308395|1786851|5658708|2135469|31113240|602241029
m203,dev,modality_v1,vague,flow:noisy,,0,,1,1,1.0,1.0,1.0,1.0,1.0,1.0,1,1,1,1,1,5824839|602359042|2684461|602537990|602308395|1786851|5658708|2135469|31113240|602241029
m302,dev,modality_v1,vague,initial,,1,vocal_gender,,,0.0,0.0,0.0,0.0,0.0,0.0,1,1,,,,601890440|602461390|31777113|5476552|634613|30844118|602429934|602270510|602004262|602873853
m302,dev,modality_v1,vague,reject_only,,1,vocal_gender,,,0.0,0.0,0.0,0.0,0.0,0.0,1,1,,,,31608765|30247520|1698066|602301979|1746411|30838076|5466962|602502007|602466765|3538775
m302,dev,modality_v1,vague,reject_twice,,1,vocal_gender,,,0.0,0.0,0.0,0.0,0.0,0.0,4,1,,,,602323997|602492233|35177030|445413|1145088|602420877|602324710|8172437|31286161|454477
m302,dev,modality_v1,vague,skip,,1,vocal_gender,,,0.0,0.0,0.0,0.0,0.0,0.0,1,1,,,,31608765|30247520|1698066|602301979|1746411|30838076|5466962|602502007|602466765|3538775
m302,dev,modality_v1,vague,oracle:vocal_gender,,1,vocal_gender,,,0.0,0.0,0.0,0.0,0.0,0.0,1,1,,,,31608765|30838076|602466765|602492233|35177030|1145088|31286161|2960448|4118143|602540602
m302,dev,modality_v1,vague,oracle:type,,1,vocal_gender,,,0.0,0.0,0.0,0.0,0.0,0.0,1,1,,,,31608765|1698066|602301979|1746411|30838076|602502007|3538775|602492233|35177030|445413
m302,dev,modality_v1,vague,oracle:genre,,1,vocal_gender,,,0.0,0.0,0.0,0.0,0.0,0.0,5,1,,,,30247520|1698066|1746411|35177030|445413|1145088|483640|104110|104099|31608765
m302,dev,modality_v1,vague,oracle:release_era,,1,vocal_gender,,,0.0,0.0,0.0,0.0,0.0,0.0,3,1,,,,1698066|1746411|445413|1145088|454477|454476|104110|104099|2314377|31608765
m302,dev,modality_v1,vague,noisy:vocal_gender,,1,vocal_gender,,,0.0,0.0,0.0,0.0,0.0,0.0,7,1,,,,1698066|602301979|1746411|5466962|602502007|3538775|445413|602420877|602324710|8172437
m302,dev,modality_v1,vague,noisy:type,,1,vocal_gender,,,0.0,0.0,0.0,0.0,0.0,0.0,2,1,,,,602466765|31608765|30247520|1698066|602301979|1746411|30838076|5466962|602502007|3538775
m302,dev,modality_v1,vague,noisy:genre,,1,vocal_gender,,,0.0,0.0,0.0,0.0,0.0,0.0,1,1,,,,31608765|30838076|602466765|31286161|2960448|4118143|30247520|1698066|602301979|1746411
m302,dev,modality_v1,vague,noisy:release_era,,1,vocal_gender,,,0.0,0.0,0.0,0.0,0.0,0.0,2,1,,,,483640|31608765|30247520|1698066|602301979|1746411|30838076|5466962|602502007|602466765
m302,dev,modality_v1,vague,rule:oracle,,1,vocal_gender,,,0.0,0.0,0.0,0.0,0.0,0.0,1,1,,,,31608765|30838076|602466765|602492233|35177030|1145088|31286161|2960448|4118143|602540602
m302,dev,modality_v1,vague,rule:noisy,,1,vocal_gender,,,0.0,0.0,0.0,0.0,0.0,0.0,7,1,,,,1698066|602301979|1746411|5466962|602502007|3538775|445413|602420877|602324710|8172437
m302,dev,modality_v1,vague,rule:skip,,1,vocal_gender,,,0.0,0.0,0.0,0.0,0.0,0.0,1,1,,,,31608765|30247520|1698066|602301979|1746411|30838076|5466962|602502007|602466765|3538775
m302,dev,modality_v1,vague,oracle:best,,1,vocal_gender,,,0.0,0.0,0.0,0.0,0.0,0.0,1,1,,,,31608765|30838076|602466765|602492233|35177030|1145088|31286161|2960448|4118143|602540602
m302,dev,modality_v1,vague,flow:reject,104868,1,vocal_gender,,,0.0,0.0,0.0,0.0,0.0,0.0,4,1,,1,3,602323997|602492233|35177030|445413|1145088|602420877|602324710|8172437|31286161|454477
m302,dev,modality_v1,vague,flow:reject,105886,1,vocal_gender,,,0.0,0.0,0.0,0.0,0.0,0.0,4,1,,1,3,602323997|602492233|35177030|445413|1145088|602420877|602324710|8172437|31286161|454477
m302,dev,modality_v1,vague,flow:reject,25629,1,vocal_gender,,,0.0,0.0,0.0,0.0,0.0,0.0,4,1,,1,3,602323997|602492233|35177030|445413|1145088|602420877|602324710|8172437|31286161|454477
m302,dev,modality_v1,vague,flow:reject,2626610,1,vocal_gender,,,0.0,0.0,0.0,0.0,0.0,0.0,4,1,,1,3,602323997|602492233|35177030|445413|1145088|602420877|602324710|8172437|31286161|454477
m302,dev,modality_v1,vague,flow:reject,4527879,1,vocal_gender,,,0.0,0.0,0.0,0.0,0.0,0.0,4,1,,1,3,602323997|602492233|35177030|445413|1145088|602420877|602324710|8172437|31286161|454477
m302,dev,modality_v1,vague,flow:skip,104868,1,vocal_gender,,,0.0,0.0,0.0,0.0,0.0,0.0,4,1,,1,3,602323997|602492233|35177030|445413|1145088|602420877|602324710|8172437|31286161|454477
m302,dev,modality_v1,vague,flow:skip,105886,1,vocal_gender,,,0.0,0.0,0.0,0.0,0.0,0.0,4,1,,1,3,602323997|602492233|35177030|445413|1145088|602420877|602324710|8172437|31286161|454477
m302,dev,modality_v1,vague,flow:skip,25629,1,vocal_gender,,,0.0,0.0,0.0,0.0,0.0,0.0,4,1,,1,3,602323997|602492233|35177030|445413|1145088|602420877|602324710|8172437|31286161|454477
m302,dev,modality_v1,vague,flow:skip,2626610,1,vocal_gender,,,0.0,0.0,0.0,0.0,0.0,0.0,4,1,,1,3,602323997|602492233|35177030|445413|1145088|602420877|602324710|8172437|31286161|454477
m302,dev,modality_v1,vague,flow:skip,4527879,1,vocal_gender,,,0.0,0.0,0.0,0.0,0.0,0.0,4,1,,1,3,602323997|602492233|35177030|445413|1145088|602420877|602324710|8172437|31286161|454477
m302,dev,modality_v1,vague,flow:oracle,104868,1,vocal_gender,,,0.0,0.0,0.0,0.0,0.0,0.0,5,1,,1,3,602323997|30247520|1698066|1746411|445413|483640|602355955|104110|104099|602437979
m302,dev,modality_v1,vague,flow:oracle,105886,1,vocal_gender,,,0.0,0.0,0.0,0.0,0.0,0.0,,0,,1,3,602355955|602323997|602502007|602324710|8172437|32825454|602452501|1029603|30247520|1698066
m302,dev,modality_v1,vague,flow:oracle,25629,1,vocal_gender,,,0.0,0.0,0.0,0.0,0.0,0.0,,0,,1,3,602323997|602355955|32825454|30247520|1698066|602301979|1746411|5466962|602502007|3538775
m302,dev,modality_v1,vague,flow:oracle,2626610,1,vocal_gender,,,0.0,0.0,0.0,0.0,0.0,0.0,2,1,,1,3,483640|104110|104099|602437979|419762|36518341|30247520|35177030|1145088|454477
m302,dev,modality_v1,vague,flow:oracle,4527879,1,vocal_gender,,,0.0,0.0,0.0,0.0,0.0,0.0,5,1,,1,3,602301766|2314377|602320512|3779134|454477|454476|483640|104110|104099|602437979
m302,dev,modality_v1,vague,flow:noisy,104868,1,vocal_gender,,,0.0,0.0,0.0,0.0,0.0,0.0,3,1,,1,3,602173808|602323997|31608765|30838076|602466765|31286161|454477|454476|2960448|4118143
m302,dev,modality_v1,vague,flow:noisy,105886,1,vocal_gender,,,0.0,0.0,0.0,0.0,0.0,0.0,5,1,,1,3,602301766|2314377|602320512|3779134|454477|454476|483640|104110|104099|602437979
m302,dev,modality_v1,vague,flow:noisy,25629,1,vocal_gender,,,0.0,0.0,0.0,0.0,0.0,0.0,2,1,,1,3,483640|104110|104099|602437979|419762|36518341|30247520|35177030|1145088|454477
m302,dev,modality_v1,vague,flow:noisy,2626610,1,vocal_gender,,,0.0,0.0,0.0,0.0,0.0,0.0,,0,,1,3,32825454|602323997|602301979|3538775|602420877|602355955|602301766|2314377|602320512|3779134
m302,dev,modality_v1,vague,flow:noisy,4527879,1,vocal_gender,,,0.0,0.0,0.0,0.0,0.0,0.0,,0,,1,3,602355955|602323997|602502007|602324710|8172437|32825454|602452501|1029603|30247520|1698066
m303,dev,modality_v1,vague,initial,,1,vocal_gender,,23,0.666667,0.0,0.0,0.0,0.0,0.0,2,1,,,,602005101|602320512|602492233|602358131|602278708|489226|1521142|3859894|1575512|420424
m303,dev,modality_v1,vague,reject_only,,1,vocal_gender,,13,0.666667,0.0,0.0,0.0,0.0,0.0,,0,,,,2566853|602452568|30688500|486743|36351997|36391236|2100540|602291370|521724|521736
m303,dev,modality_v1,vague,reject_twice,,1,vocal_gender,4,4,0.666667,0.0,1.0,1.0,0.25,0.202107,4,1,,,,5156|521747|602265790|31688205|4172962|1590213|2030248|602466725|454477|454476
m303,dev,modality_v1,vague,skip,,1,vocal_gender,,13,0.666667,0.0,0.0,0.0,0.0,0.0,,0,,,,2566853|602452568|30688500|486743|36351997|36391236|2100540|602291370|521724|521736
m303,dev,modality_v1,vague,oracle:vocal_gender,,1,vocal_gender,,11,0.666667,0.0,0.0,0.0,0.0,0.0,,0,,,,2566853|602452568|486743|36391236|2100540|602291370|602265790|1590213|454477|454476
m303,dev,modality_v1,vague,oracle:type,,1,vocal_gender,9,9,0.666667,0.0,0.0,1.0,0.111111,0.141267,9,1,,,,30688500|486743|36391236|2100540|602291370|521724|521736|521747|30755375|602371531
m303,dev,modality_v1,vague,oracle:genre,,1,vocal_gender,6,6,0.666667,0.0,0.0,1.0,0.166667,0.323587,6,1,,,,2566853|602452568|486743|521736|521747|31688205|30755375|602378291|1726654|1017824
m303,dev,modality_v1,vague,oracle:release_era,,1,vocal_gender,3,3,0.666667,0.0,1.0,1.0,0.333333,0.416181,3,1,,,,2566853|30688500|31688205|4172962|30755375|4226210|30447547|602452568|486743|36351997
m303,dev,modality_v1,vague,noisy:vocal_gender,,1,vocal_gender,1,1,0.666667,1.0,1.0,1.0,1.0,0.469279,1,1,,,,31688205|4172962|2030248|602371531|1726654|30447547|2566853|602452568|30688500|486743
m303,dev,modality_v1,vague,noisy:type,,1,vocal_gender,5,5,0.666667,0.0,1.0,1.0,0.2,0.181542,5,1,,,,2566853|602452568|36351997|602265790|31688205|4172962|1590213|2030248|602466725|454477
m303,dev,modality_v1,vague,noisy:genre,,1,vocal_gender,,14,0.666667,0.0,0.0,0.0,0.0,0.0,,0,,,,36391236|2100540|602291370|521724|602371531|2566853|602452568|30688500|486743|36351997
m303,dev,modality_v1,vague,noisy:release_era,,1,vocal_gender,,22,0.666667,0.0,0.0,0.0,0.0,0.0,,0,,,,486743|2100540|521724|521736|521747|1590213|2030248|454477|454476|1726654
m303,dev,modality_v1,vague,rule:oracle,,1,vocal_gender,,11,0.666667,0.0,0.0,0.0,0.0,0.0,,0,,,,2566853|602452568|486743|36391236|2100540|602291370|602265790|1590213|454477|454476
m303,dev,modality_v1,vague,rule:noisy,,1,vocal_gender,1,1,0.666667,1.0,1.0,1.0,1.0,0.469279,1,1,,,,31688205|4172962|2030248|602371531|1726654|30447547|2566853|602452568|30688500|486743
m303,dev,modality_v1,vague,rule:skip,,1,vocal_gender,,13,0.666667,0.0,0.0,0.0,0.0,0.0,,0,,,,2566853|602452568|30688500|486743|36351997|36391236|2100540|602291370|521724|521736
m303,dev,modality_v1,vague,oracle:best,,1,vocal_gender,3,3,0.666667,0.0,1.0,1.0,0.333333,0.416181,3,1,,,,2566853|30688500|31688205|4172962|30755375|4226210|30447547|602452568|486743|36351997
m303,dev,modality_v1,vague,flow:reject,30755375,1,vocal_gender,,11,1.0,0.0,0.0,0.0,0.0,0.0,4,1,,1,3,5156|521747|602265790|31688205|4172962|1590213|2030248|602466725|454477|454476
m303,dev,modality_v1,vague,flow:reject,31688205,1,vocal_gender,4,4,1.0,0.0,1.0,1.0,0.25,0.430677,4,1,3,1,3,5156|521747|602265790|31688205|4172962|1590213|2030248|602466725|454477|454476
m303,dev,modality_v1,vague,flow:reject,8042553,1,vocal_gender,,,0.0,0.0,0.0,0.0,0.0,0.0,4,1,,1,3,5156|521747|602265790|31688205|4172962|1590213|2030248|602466725|454477|454476
m303,dev,modality_v1,vague,flow:skip,30755375,1,vocal_gender,,11,1.0,0.0,0.0,0.0,0.0,0.0,4,1,,1,3,5156|521747|602265790|31688205|4172962|1590213|2030248|602466725|454477|454476
m303,dev,modality_v1,vague,flow:skip,31688205,1,vocal_gender,4,4,1.0,0.0,1.0,1.0,0.25,0.430677,4,1,3,1,3,5156|521747|602265790|31688205|4172962|1590213|2030248|602466725|454477|454476
m303,dev,modality_v1,vague,flow:skip,8042553,1,vocal_gender,,,0.0,0.0,0.0,0.0,0.0,0.0,4,1,,1,3,5156|521747|602265790|31688205|4172962|1590213|2030248|602466725|454477|454476
m303,dev,modality_v1,vague,flow:oracle,30755375,1,vocal_gender,2,2,1.0,0.0,1.0,1.0,0.5,0.63093,2,1,3,1,3,5156|30755375|602378291|1017824|32776|686637|521736|521747|31688205|603146262
m303,dev,modality_v1,vague,flow:oracle,31688205,1,vocal_gender,1,1,1.0,1.0,1.0,1.0,1.0,1.0,1,1,2,1,2,31688205|4172962|2030248|602371531|1726654|30447547|2566853|602452568|30688500|486743
m303,dev,modality_v1,vague,flow:oracle,8042553,1,vocal_gender,,,0.0,0.0,0.0,0.0,0.0,0.0,6,1,,1,3,602542271|31477685|5156|521736|521747|30755375|602378291|1017824|32776|686637
m303,dev,modality_v1,vague,flow:noisy,30755375,1,vocal_gender,,18,1.0,0.0,0.0,0.0,0.0,0.0,,0,,1,3,36391236|2100540|602291370|521724|602537990|454493|602542271|31477685|5156|36351997
m303,dev,modality_v1,vague,flow:noisy,31688205,1,vocal_gender,,20,1.0,0.0,0.0,0.0,0.0,0.0,4,1,,1,3,602537990|5156|521724|30755375|602378291|602371531|603146262|490202|490201|1017824
m303,dev,modality_v1,vague,flow:noisy,8042553,1,vocal_gender,,,0.0,0.0,0.0,0.0,0.0,0.0,4,1,,1,3,602537990|5156|521724|30755375|602378291|602371531|603146262|490202|490201|1017824
m402,dev,modality_v1,vague,initial,,1,genre,,16,0.25,0.0,0.0,0.0,0.0,0.0,1,1,,,,1417550|36062335|1099824|1144020|2566853|602302119|32034629|602449383|602520157|2025250
m402,dev,modality_v1,vague,reject_only,,1,genre,7,7,0.25,0.0,0.0,1.0,0.142857,0.130127,1,1,,,,602508757|32651098|527016|1668957|439947|602441427|67169|36616378|1739689|602332743
m402,dev,modality_v1,vague,reject_twice,,0,genre,7,7,0.25,0.0,0.0,1.0,0.142857,0.130127,1,1,,,,602508757|32651098|527016|1668957|439947|602441427|67169|36616378|1739689|602332743
m402,dev,modality_v1,vague,skip,,1,genre,7,7,0.25,0.0,0.0,1.0,0.142857,0.130127,1,1,,,,602508757|32651098|527016|1668957|439947|602441427|67169|36616378|1739689|602332743
m402,dev,modality_v1,vague,oracle:vocal_gender,,1,genre,7,7,0.25,0.0,0.0,1.0,0.142857,0.130127,1,1,,,,602508757|32651098|527016|1668957|439947|602441427|67169|36616378|1739689|602332743
m402,dev,modality_v1,vague,oracle:type,,1,genre,7,7,0.25,0.0,0.0,1.0,0.142857,0.130127,1,1,,,,602508757|32651098|527016|1668957|439947|602441427|67169|36616378|1739689|602332743
m402,dev,modality_v1,vague,oracle:genre,,1,genre,7,7,0.25,0.0,0.0,1.0,0.142857,0.130127,1,1,,,,602508757|32651098|527016|1668957|439947|602441427|67169|36616378|1739689|602332743
m402,dev,modality_v1,vague,oracle:release_era,,1,genre,4,4,0.25,0.0,1.0,1.0,0.25,0.168128,4,1,,,,527016|1668957|439947|67169|1739689|2276194|1008495|1649188|602508757|32651098
m402,dev,modality_v1,vague,noisy:vocal_gender,,1,genre,7,7,0.25,0.0,0.0,1.0,0.142857,0.130127,1,1,,,,602508757|32651098|527016|1668957|439947|602441427|67169|36616378|1739689|602332743
m402,dev,modality_v1,vague,noisy:type,,1,genre,8,8,0.25,0.0,0.0,1.0,0.125,0.123151,2,1,,,,602047697|602508757|32651098|527016|1668957|439947|602441427|67169|36616378|1739689
m402,dev,modality_v1,vague,noisy:genre,,1,genre,8,8,0.25,0.0,0.0,1.0,0.125,0.123151,2,1,,,,602047697|602508757|32651098|527016|1668957|439947|602441427|67169|36616378|1739689
m402,dev,modality_v1,vague,noisy:release_era,,1,genre,7,7,0.25,0.0,0.0,1.0,0.142857,0.130127,1,1,,,,602508757|32651098|527016|1668957|439947|602441427|67169|36616378|1739689|602332743
m402,dev,modality_v1,vague,rule:oracle,,1,genre,7,7,0.25,0.0,0.0,1.0,0.142857,0.130127,1,1,,,,602508757|32651098|527016|1668957|439947|602441427|67169|36616378|1739689|602332743
m402,dev,modality_v1,vague,rule:noisy,,1,genre,8,8,0.25,0.0,0.0,1.0,0.125,0.123151,2,1,,,,602047697|602508757|32651098|527016|1668957|439947|602441427|67169|36616378|1739689
m402,dev,modality_v1,vague,rule:skip,,1,genre,7,7,0.25,0.0,0.0,1.0,0.142857,0.130127,1,1,,,,602508757|32651098|527016|1668957|439947|602441427|67169|36616378|1739689|602332743
m402,dev,modality_v1,vague,oracle:best,,1,genre,4,4,0.25,0.0,1.0,1.0,0.25,0.168128,4,1,,,,527016|1668957|439947|67169|1739689|2276194|1008495|1649188|602508757|32651098
m402,dev,modality_v1,vague,flow:reject,67169,1,genre,7,7,1.0,0.0,0.0,1.0,0.142857,0.333333,1,1,2,1,2,602508757|32651098|527016|1668957|439947|602441427|67169|36616378|1739689|602332743
m402,dev,modality_v1,vague,flow:reject,1467722,1,genre,,,0.0,0.0,0.0,0.0,0.0,0.0,,0,,1,3,602509496|1741110|35890454|32998018|31406357|31777113|7861392|602360405|5629186|2276194
m402,dev,modality_v1,vague,flow:reject,4512170,1,genre,,,0.0,0.0,0.0,0.0,0.0,0.0,,0,,1,3,602509496|1741110|35890454|32998018|31406357|31777113|7861392|602360405|5629186|2276194
m402,dev,modality_v1,vague,flow:reject,5668985,1,genre,,,0.0,0.0,0.0,0.0,0.0,0.0,,0,,1,3,602509496|1741110|35890454|32998018|31406357|31777113|7861392|602360405|5629186|2276194
m402,dev,modality_v1,vague,flow:skip,67169,1,genre,7,7,1.0,0.0,0.0,1.0,0.142857,0.333333,1,1,2,1,2,602508757|32651098|527016|1668957|439947|602441427|67169|36616378|1739689|602332743
m402,dev,modality_v1,vague,flow:skip,1467722,1,genre,,,0.0,0.0,0.0,0.0,0.0,0.0,,0,,1,3,602509496|1741110|35890454|32998018|31406357|31777113|7861392|602360405|5629186|2276194
m402,dev,modality_v1,vague,flow:skip,4512170,1,genre,,,0.0,0.0,0.0,0.0,0.0,0.0,,0,,1,3,602509496|1741110|35890454|32998018|31406357|31777113|7861392|602360405|5629186|2276194
m402,dev,modality_v1,vague,flow:skip,5668985,1,genre,,,0.0,0.0,0.0,0.0,0.0,0.0,,0,,1,3,602509496|1741110|35890454|32998018|31406357|31777113|7861392|602360405|5629186|2276194
m402,dev,modality_v1,vague,flow:oracle,67169,1,genre,7,7,1.0,0.0,0.0,1.0,0.142857,0.333333,1,1,2,1,2,602508757|32651098|527016|1668957|439947|602441427|67169|36616378|1739689|602332743
m402,dev,modality_v1,vague,flow:oracle,1467722,1,genre,,,0.0,0.0,0.0,0.0,0.0,0.0,,0,,1,3,602509496|1741110|35890454|32998018|31406357|31777113|7861392|602360405|5629186|2276194
m402,dev,modality_v1,vague,flow:oracle,4512170,1,genre,,,0.0,0.0,0.0,0.0,0.0,0.0,,0,,1,3,602509496|1741110|35890454|32998018|31406357|31777113|7861392|602360405|5629186|2276194
m402,dev,modality_v1,vague,flow:oracle,5668985,1,genre,,,0.0,0.0,0.0,0.0,0.0,0.0,,0,,1,3,602509496|1741110|35890454|32998018|31406357|31777113|7861392|602360405|5629186|2276194
m402,dev,modality_v1,vague,flow:noisy,67169,1,genre,5,5,1.0,0.0,1.0,1.0,0.2,0.386853,5,1,3,1,3,485716|602470504|602450215|1739689|67169|36616378|602509496|1741110|602332743|35890454
m402,dev,modality_v1,vague,flow:noisy,1467722,1,genre,,,0.0,0.0,0.0,0.0,0.0,0.0,5,1,,1,3,485716|602470504|602450215|1739689|67169|36616378|602509496|1741110|602332743|35890454
m402,dev,modality_v1,vague,flow:noisy,4512170,1,genre,,,0.0,0.0,0.0,0.0,0.0,0.0,5,1,,1,3,485716|602470504|602450215|1739689|67169|36616378|602509496|1741110|602332743|35890454
m402,dev,modality_v1,vague,flow:noisy,5668985,1,genre,,,0.0,0.0,0.0,0.0,0.0,0.0,5,1,,1,3,485716|602470504|602450215|1739689|67169|36616378|602509496|1741110|602332743|35890454
m403,dev,modality_v1,vague,initial,,1,vocal_gender,,,0.0,0.0,0.0,0.0,0.0,0.0,7,1,,,,1836102|2102150|31324607|1576735|32021744|32298623|30247520|602467923|602378218|602496952
m403,dev,modality_v1,vague,reject_only,,1,vocal_gender,,,0.0,0.0,0.0,0.0,0.0,0.0,,0,,,,4048381|5684791|602469319|4021445|602388655|4645220|602173808|602499365|8233373|31286161
m403,dev,modality_v1,vague,reject_twice,,1,vocal_gender,,,0.0,0.0,0.0,0.0,0.0,0.0,,0,,,,3436083|5536206|602541837|602428694|602377791|2930971|31388145|602369677|33001672|602047697
m403,dev,modality_v1,vague,skip,,1,vocal_gender,,,0.0,0.0,0.0,0.0,0.0,0.0,,0,,,,4048381|5684791|602469319|4021445|602388655|4645220|602173808|602499365|8233373|31286161
m403,dev,modality_v1,vague,oracle:vocal_gender,,1,vocal_gender,,,0.0,0.0,0.0,0.0,0.0,0.0,,0,,,,4048381|5684791|4021445|602173808|602499365|602369677|602047697|454477|601893642|602540788
m403,dev,modality_v1,vague,oracle:type,,1,vocal_gender,,,0.0,0.0,0.0,0.0,0.0,0.0,,0,,,,4048381|5684791|602469319|4021445|602388655|4645220|602173808|602499365|8233373|31286161
m403,dev,modality_v1,vague,oracle:genre,,1,vocal_gender,,,0.0,0.0,0.0,0.0,0.0,0.0,,0,,,,4048381|5684791|602469319|602388655|4021445|4645220|602173808|602499365|8233373|31286161
m403,dev,modality_v1,vague,oracle:release_era,,1,vocal_gender,,,0.0,0.0,0.0,0.0,0.0,0.0,,0,,,,4048381|5684791|4021445|4645220|8233373|31286161|31532438|30512671|31055324|5731941
m403,dev,modality_v1,vague,noisy:vocal_gender,,1,vocal_gender,,,0.0,0.0,0.0,0.0,0.0,0.0,,0,,,,602469319|602388655|4645220|8233373|31286161|33001672|31532438|30512671|31055324|32825454
m403,dev,modality_v1,vague,noisy:type,,1,vocal_gender,,,0.0,0.0,0.0,0.0,0.0,0.0,,0,,,,5684791|602469319|602388655|4645220|602499365|8233373|31286161|454477|31532438|602540788
m403,dev,modality_v1,vague,noisy:genre,,1,vocal_gender,,,0.0,0.0,0.0,0.0,0.0,0.0,,0,,,,602173808|602499365|31286161|602369677|33001672|602047697|601893642|31532438|30512671|31055324
m403,dev,modality_v1,vague,noisy:release_era,,1,vocal_gender,,,0.0,0.0,0.0,0.0,0.0,0.0,,0,,,,454477|1932604|492078|1879332|106172|4048381|602469319|4021445|5684791|602388655
m403,dev,modality_v1,vague,rule:oracle,,1,vocal_gender,,,0.0,0.0,0.0,0.0,0.0,0.0,,0,,,,4048381|5684791|4021445|602173808|602499365|602369677|602047697|454477|601893642|602540788
m403,dev,modality_v1,vague,rule:noisy,,1,vocal_gender,,,0.0,0.0,0.0,0.0,0.0,0.0,,0,,,,602469319|602388655|4645220|8233373|31286161|33001672|31532438|30512671|31055324|32825454
m403,dev,modality_v1,vague,rule:skip,,1,vocal_gender,,,0.0,0.0,0.0,0.0,0.0,0.0,,0,,,,4048381|5684791|602469319|4021445|602388655|4645220|602173808|602499365|8233373|31286161
m403,dev,modality_v1,vague,oracle:best,,1,vocal_gender,,,0.0,0.0,0.0,0.0,0.0,0.0,,0,,,,4048381|5684791|4021445|602173808|602499365|602369677|602047697|454477|601893642|602540788
m403,dev,modality_v1,vague,flow:reject,30849733,1,vocal_gender,,,0.0,0.0,0.0,0.0,0.0,0.0,,0,,1,3,3436083|5536206|602541837|602428694|602377791|2930971|31388145|602369677|33001672|602047697
m403,dev,modality_v1,vague,flow:reject,4129672,1,vocal_gender,,,0.0,0.0,0.0,0.0,0.0,0.0,,0,,1,3,3436083|5536206|602541837|602428694|602377791|2930971|31388145|602369677|33001672|602047697
m403,dev,modality_v1,vague,flow:skip,30849733,1,vocal_gender,,,0.0,0.0,0.0,0.0,0.0,0.0,,0,,1,3,3436083|5536206|602541837|602428694|602377791|2930971|31388145|602369677|33001672|602047697
m403,dev,modality_v1,vague,flow:skip,4129672,1,vocal_gender,,,0.0,0.0,0.0,0.0,0.0,0.0,,0,,1,3,3436083|5536206|602541837|602428694|602377791|2930971|31388145|602369677|33001672|602047697
m403,dev,modality_v1,vague,flow:oracle,30849733,1,vocal_gender,,,0.0,0.0,0.0,0.0,0.0,0.0,,0,,1,3,3436083|31388145|602428694|5536206|602469319|602388655|4645220|602541837|602377791|2930971
m403,dev,modality_v1,vague,flow:oracle,4129672,1,vocal_gender,,,0.0,0.0,0.0,0.0,0.0,0.0,,0,,1,3,1575129|3436083|5536206|602541837|602428694|602377791|2930971|31388145|8233373|31286161
m403,dev,modality_v1,vague,flow:noisy,30849733,1,vocal_gender,,,0.0,0.0,0.0,0.0,0.0,0.0,,0,,1,3,37463572|1879332|3904614|602437176|602541837|602377791|2930971|602173808|602499365|602369677
m403,dev,modality_v1,vague,flow:noisy,4129672,1,vocal_gender,,,0.0,0.0,0.0,0.0,0.0,0.0,,0,,1,3,3436083|31388145|5536206|602428694|31286161|33001672|31532438|30512671|31055324|33589488
q101,dev,v04,vague,initial,,1,,9,9,1.0,0.0,0.0,1.0,0.111111,0.30103,9,1,,,,1807098|1566277|2238379|1929329|1724693|2197448|2271648|2930969|2289852|2797558
q101,dev,v04,vague,reject_only,,0,,9,9,1.0,0.0,0.0,1.0,0.111111,0.30103,9,1,,,,1807098|1566277|2238379|1929329|1724693|2197448|2271648|2930969|2289852|2797558
q101,dev,v04,vague,reject_twice,,0,,9,9,1.0,0.0,0.0,1.0,0.111111,0.30103,9,1,,,,1807098|1566277|2238379|1929329|1724693|2197448|2271648|2930969|2289852|2797558
q101,dev,v04,vague,skip,,0,,9,9,1.0,0.0,0.0,1.0,0.111111,0.30103,9,1,,,,1807098|1566277|2238379|1929329|1724693|2197448|2271648|2930969|2289852|2797558
q101,dev,v04,vague,oracle:vocal_gender,,0,,9,9,1.0,0.0,0.0,1.0,0.111111,0.30103,9,1,,,,1807098|1566277|2238379|1929329|1724693|2197448|2271648|2930969|2289852|2797558
q101,dev,v04,vague,oracle:type,,0,,9,9,1.0,0.0,0.0,1.0,0.111111,0.30103,9,1,,,,1807098|1566277|2238379|1929329|1724693|2197448|2271648|2930969|2289852|2797558
q101,dev,v04,vague,oracle:genre,,0,,9,9,1.0,0.0,0.0,1.0,0.111111,0.30103,9,1,,,,1807098|1566277|2238379|1929329|1724693|2197448|2271648|2930969|2289852|2797558
q101,dev,v04,vague,oracle:release_era,,0,,9,9,1.0,0.0,0.0,1.0,0.111111,0.30103,9,1,,,,1807098|1566277|2238379|1929329|1724693|2197448|2271648|2930969|2289852|2797558
q101,dev,v04,vague,noisy:vocal_gender,,0,,9,9,1.0,0.0,0.0,1.0,0.111111,0.30103,9,1,,,,1807098|1566277|2238379|1929329|1724693|2197448|2271648|2930969|2289852|2797558
q101,dev,v04,vague,noisy:type,,0,,9,9,1.0,0.0,0.0,1.0,0.111111,0.30103,9,1,,,,1807098|1566277|2238379|1929329|1724693|2197448|2271648|2930969|2289852|2797558
q101,dev,v04,vague,noisy:genre,,0,,9,9,1.0,0.0,0.0,1.0,0.111111,0.30103,9,1,,,,1807098|1566277|2238379|1929329|1724693|2197448|2271648|2930969|2289852|2797558
q101,dev,v04,vague,noisy:release_era,,0,,9,9,1.0,0.0,0.0,1.0,0.111111,0.30103,9,1,,,,1807098|1566277|2238379|1929329|1724693|2197448|2271648|2930969|2289852|2797558
q101,dev,v04,vague,rule:oracle,,0,,9,9,1.0,0.0,0.0,1.0,0.111111,0.30103,9,1,,,,1807098|1566277|2238379|1929329|1724693|2197448|2271648|2930969|2289852|2797558
q101,dev,v04,vague,rule:noisy,,0,,9,9,1.0,0.0,0.0,1.0,0.111111,0.30103,9,1,,,,1807098|1566277|2238379|1929329|1724693|2197448|2271648|2930969|2289852|2797558
q101,dev,v04,vague,rule:skip,,0,,9,9,1.0,0.0,0.0,1.0,0.111111,0.30103,9,1,,,,1807098|1566277|2238379|1929329|1724693|2197448|2271648|2930969|2289852|2797558
q101,dev,v04,vague,oracle:best,,0,,9,9,1.0,0.0,0.0,1.0,0.111111,0.30103,9,1,,,,1807098|1566277|2238379|1929329|1724693|2197448|2271648|2930969|2289852|2797558
q101,dev,v04,vague,flow:reject,,0,,9,9,1.0,0.0,0.0,1.0,0.111111,0.30103,9,1,1,1,1,1807098|1566277|2238379|1929329|1724693|2197448|2271648|2930969|2289852|2797558
q101,dev,v04,vague,flow:skip,,0,,9,9,1.0,0.0,0.0,1.0,0.111111,0.30103,9,1,1,1,1,1807098|1566277|2238379|1929329|1724693|2197448|2271648|2930969|2289852|2797558
q101,dev,v04,vague,flow:oracle,,0,,9,9,1.0,0.0,0.0,1.0,0.111111,0.30103,9,1,1,1,1,1807098|1566277|2238379|1929329|1724693|2197448|2271648|2930969|2289852|2797558
q101,dev,v04,vague,flow:noisy,,0,,9,9,1.0,0.0,0.0,1.0,0.111111,0.30103,9,1,1,1,1,1807098|1566277|2238379|1929329|1724693|2197448|2271648|2930969|2289852|2797558
q103,dev,v04,vague,initial,,1,,1,2,1.0,1.0,1.0,1.0,1.0,1.0,1,1,,,,5572312|602398964|602334340|33978183|5576417|482652|602471271|602429934|602490798|602313630
q103,dev,v04,vague,reject_only,,0,,1,2,1.0,1.0,1.0,1.0,1.0,1.0,1,1,,,,5572312|602398964|602334340|33978183|5576417|482652|602471271|602429934|602490798|602313630
q103,dev,v04,vague,reject_twice,,0,,1,2,1.0,1.0,1.0,1.0,1.0,1.0,1,1,,,,5572312|602398964|602334340|33978183|5576417|482652|602471271|602429934|602490798|602313630
q103,dev,v04,vague,skip,,0,,1,2,1.0,1.0,1.0,1.0,1.0,1.0,1,1,,,,5572312|602398964|602334340|33978183|5576417|482652|602471271|602429934|602490798|602313630
q103,dev,v04,vague,oracle:vocal_gender,,0,,1,2,1.0,1.0,1.0,1.0,1.0,1.0,1,1,,,,5572312|602398964|602334340|33978183|5576417|482652|602471271|602429934|602490798|602313630
q103,dev,v04,vague,oracle:type,,0,,1,2,1.0,1.0,1.0,1.0,1.0,1.0,1,1,,,,5572312|602398964|602334340|33978183|5576417|482652|602471271|602429934|602490798|602313630
q103,dev,v04,vague,oracle:genre,,0,,1,2,1.0,1.0,1.0,1.0,1.0,1.0,1,1,,,,5572312|602398964|602334340|33978183|5576417|482652|602471271|602429934|602490798|602313630
q103,dev,v04,vague,oracle:release_era,,0,,1,2,1.0,1.0,1.0,1.0,1.0,1.0,1,1,,,,5572312|602398964|602334340|33978183|5576417|482652|602471271|602429934|602490798|602313630
q103,dev,v04,vague,noisy:vocal_gender,,0,,1,2,1.0,1.0,1.0,1.0,1.0,1.0,1,1,,,,5572312|602398964|602334340|33978183|5576417|482652|602471271|602429934|602490798|602313630
q103,dev,v04,vague,noisy:type,,0,,1,2,1.0,1.0,1.0,1.0,1.0,1.0,1,1,,,,5572312|602398964|602334340|33978183|5576417|482652|602471271|602429934|602490798|602313630
q103,dev,v04,vague,noisy:genre,,0,,1,2,1.0,1.0,1.0,1.0,1.0,1.0,1,1,,,,5572312|602398964|602334340|33978183|5576417|482652|602471271|602429934|602490798|602313630
q103,dev,v04,vague,noisy:release_era,,0,,1,2,1.0,1.0,1.0,1.0,1.0,1.0,1,1,,,,5572312|602398964|602334340|33978183|5576417|482652|602471271|602429934|602490798|602313630
q103,dev,v04,vague,rule:oracle,,0,,1,2,1.0,1.0,1.0,1.0,1.0,1.0,1,1,,,,5572312|602398964|602334340|33978183|5576417|482652|602471271|602429934|602490798|602313630
q103,dev,v04,vague,rule:noisy,,0,,1,2,1.0,1.0,1.0,1.0,1.0,1.0,1,1,,,,5572312|602398964|602334340|33978183|5576417|482652|602471271|602429934|602490798|602313630
q103,dev,v04,vague,rule:skip,,0,,1,2,1.0,1.0,1.0,1.0,1.0,1.0,1,1,,,,5572312|602398964|602334340|33978183|5576417|482652|602471271|602429934|602490798|602313630
q103,dev,v04,vague,oracle:best,,0,,1,2,1.0,1.0,1.0,1.0,1.0,1.0,1,1,,,,5572312|602398964|602334340|33978183|5576417|482652|602471271|602429934|602490798|602313630
q103,dev,v04,vague,flow:reject,,0,,1,2,1.0,1.0,1.0,1.0,1.0,1.0,1,1,1,1,1,5572312|602398964|602334340|33978183|5576417|482652|602471271|602429934|602490798|602313630
q103,dev,v04,vague,flow:skip,,0,,1,2,1.0,1.0,1.0,1.0,1.0,1.0,1,1,1,1,1,5572312|602398964|602334340|33978183|5576417|482652|602471271|602429934|602490798|602313630
q103,dev,v04,vague,flow:oracle,,0,,1,2,1.0,1.0,1.0,1.0,1.0,1.0,1,1,1,1,1,5572312|602398964|602334340|33978183|5576417|482652|602471271|602429934|602490798|602313630
q103,dev,v04,vague,flow:noisy,,0,,1,2,1.0,1.0,1.0,1.0,1.0,1.0,1,1,1,1,1,5572312|602398964|602334340|33978183|5576417|482652|602471271|602429934|602490798|602313630
q104,dev,v04,vague,initial,,1,,1,1,1.0,1.0,1.0,1.0,1.0,1.0,1,1,,,,27833|537750|418598|420534|91166|3824|488134|21749|27561|418596
q104,dev,v04,vague,reject_only,,0,,1,1,1.0,1.0,1.0,1.0,1.0,1.0,1,1,,,,27833|537750|418598|420534|91166|3824|488134|21749|27561|418596
q104,dev,v04,vague,reject_twice,,0,,1,1,1.0,1.0,1.0,1.0,1.0,1.0,1,1,,,,27833|537750|418598|420534|91166|3824|488134|21749|27561|418596
q104,dev,v04,vague,skip,,0,,1,1,1.0,1.0,1.0,1.0,1.0,1.0,1,1,,,,27833|537750|418598|420534|91166|3824|488134|21749|27561|418596
q104,dev,v04,vague,oracle:vocal_gender,,0,,1,1,1.0,1.0,1.0,1.0,1.0,1.0,1,1,,,,27833|537750|418598|420534|91166|3824|488134|21749|27561|418596
q104,dev,v04,vague,oracle:type,,0,,1,1,1.0,1.0,1.0,1.0,1.0,1.0,1,1,,,,27833|537750|418598|420534|91166|3824|488134|21749|27561|418596
q104,dev,v04,vague,oracle:genre,,0,,1,1,1.0,1.0,1.0,1.0,1.0,1.0,1,1,,,,27833|537750|418598|420534|91166|3824|488134|21749|27561|418596
q104,dev,v04,vague,oracle:release_era,,0,,1,1,1.0,1.0,1.0,1.0,1.0,1.0,1,1,,,,27833|537750|418598|420534|91166|3824|488134|21749|27561|418596
q104,dev,v04,vague,noisy:vocal_gender,,0,,1,1,1.0,1.0,1.0,1.0,1.0,1.0,1,1,,,,27833|537750|418598|420534|91166|3824|488134|21749|27561|418596
q104,dev,v04,vague,noisy:type,,0,,1,1,1.0,1.0,1.0,1.0,1.0,1.0,1,1,,,,27833|537750|418598|420534|91166|3824|488134|21749|27561|418596
q104,dev,v04,vague,noisy:genre,,0,,1,1,1.0,1.0,1.0,1.0,1.0,1.0,1,1,,,,27833|537750|418598|420534|91166|3824|488134|21749|27561|418596
q104,dev,v04,vague,noisy:release_era,,0,,1,1,1.0,1.0,1.0,1.0,1.0,1.0,1,1,,,,27833|537750|418598|420534|91166|3824|488134|21749|27561|418596
q104,dev,v04,vague,rule:oracle,,0,,1,1,1.0,1.0,1.0,1.0,1.0,1.0,1,1,,,,27833|537750|418598|420534|91166|3824|488134|21749|27561|418596
q104,dev,v04,vague,rule:noisy,,0,,1,1,1.0,1.0,1.0,1.0,1.0,1.0,1,1,,,,27833|537750|418598|420534|91166|3824|488134|21749|27561|418596
q104,dev,v04,vague,rule:skip,,0,,1,1,1.0,1.0,1.0,1.0,1.0,1.0,1,1,,,,27833|537750|418598|420534|91166|3824|488134|21749|27561|418596
q104,dev,v04,vague,oracle:best,,0,,1,1,1.0,1.0,1.0,1.0,1.0,1.0,1,1,,,,27833|537750|418598|420534|91166|3824|488134|21749|27561|418596
q104,dev,v04,vague,flow:reject,,0,,1,1,1.0,1.0,1.0,1.0,1.0,1.0,1,1,1,1,1,27833|537750|418598|420534|91166|3824|488134|21749|27561|418596
q104,dev,v04,vague,flow:skip,,0,,1,1,1.0,1.0,1.0,1.0,1.0,1.0,1,1,1,1,1,27833|537750|418598|420534|91166|3824|488134|21749|27561|418596
q104,dev,v04,vague,flow:oracle,,0,,1,1,1.0,1.0,1.0,1.0,1.0,1.0,1,1,1,1,1,27833|537750|418598|420534|91166|3824|488134|21749|27561|418596
q104,dev,v04,vague,flow:noisy,,0,,1,1,1.0,1.0,1.0,1.0,1.0,1.0,1,1,1,1,1,27833|537750|418598|420534|91166|3824|488134|21749|27561|418596
q105,dev,v04,vague,initial,,1,,3,3,1.0,0.0,1.0,1.0,0.333333,0.5,3,1,,,,1903057|31286161|30838076|602540011|2231948|3532821|2159569|602004476|4118143|894063
q105,dev,v04,vague,reject_only,,0,,3,3,1.0,0.0,1.0,1.0,0.333333,0.5,3,1,,,,1903057|31286161|30838076|602540011|2231948|3532821|2159569|602004476|4118143|894063
q105,dev,v04,vague,reject_twice,,0,,3,3,1.0,0.0,1.0,1.0,0.333333,0.5,3,1,,,,1903057|31286161|30838076|602540011|2231948|3532821|2159569|602004476|4118143|894063
q105,dev,v04,vague,skip,,0,,3,3,1.0,0.0,1.0,1.0,0.333333,0.5,3,1,,,,1903057|31286161|30838076|602540011|2231948|3532821|2159569|602004476|4118143|894063
q105,dev,v04,vague,oracle:vocal_gender,,0,,3,3,1.0,0.0,1.0,1.0,0.333333,0.5,3,1,,,,1903057|31286161|30838076|602540011|2231948|3532821|2159569|602004476|4118143|894063
q105,dev,v04,vague,oracle:type,,0,,3,3,1.0,0.0,1.0,1.0,0.333333,0.5,3,1,,,,1903057|31286161|30838076|602540011|2231948|3532821|2159569|602004476|4118143|894063
q105,dev,v04,vague,oracle:genre,,0,,3,3,1.0,0.0,1.0,1.0,0.333333,0.5,3,1,,,,1903057|31286161|30838076|602540011|2231948|3532821|2159569|602004476|4118143|894063
q105,dev,v04,vague,oracle:release_era,,0,,3,3,1.0,0.0,1.0,1.0,0.333333,0.5,3,1,,,,1903057|31286161|30838076|602540011|2231948|3532821|2159569|602004476|4118143|894063
q105,dev,v04,vague,noisy:vocal_gender,,0,,3,3,1.0,0.0,1.0,1.0,0.333333,0.5,3,1,,,,1903057|31286161|30838076|602540011|2231948|3532821|2159569|602004476|4118143|894063
q105,dev,v04,vague,noisy:type,,0,,3,3,1.0,0.0,1.0,1.0,0.333333,0.5,3,1,,,,1903057|31286161|30838076|602540011|2231948|3532821|2159569|602004476|4118143|894063
q105,dev,v04,vague,noisy:genre,,0,,3,3,1.0,0.0,1.0,1.0,0.333333,0.5,3,1,,,,1903057|31286161|30838076|602540011|2231948|3532821|2159569|602004476|4118143|894063
q105,dev,v04,vague,noisy:release_era,,0,,3,3,1.0,0.0,1.0,1.0,0.333333,0.5,3,1,,,,1903057|31286161|30838076|602540011|2231948|3532821|2159569|602004476|4118143|894063
q105,dev,v04,vague,rule:oracle,,0,,3,3,1.0,0.0,1.0,1.0,0.333333,0.5,3,1,,,,1903057|31286161|30838076|602540011|2231948|3532821|2159569|602004476|4118143|894063
q105,dev,v04,vague,rule:noisy,,0,,3,3,1.0,0.0,1.0,1.0,0.333333,0.5,3,1,,,,1903057|31286161|30838076|602540011|2231948|3532821|2159569|602004476|4118143|894063
q105,dev,v04,vague,rule:skip,,0,,3,3,1.0,0.0,1.0,1.0,0.333333,0.5,3,1,,,,1903057|31286161|30838076|602540011|2231948|3532821|2159569|602004476|4118143|894063
q105,dev,v04,vague,oracle:best,,0,,3,3,1.0,0.0,1.0,1.0,0.333333,0.5,3,1,,,,1903057|31286161|30838076|602540011|2231948|3532821|2159569|602004476|4118143|894063
q105,dev,v04,vague,flow:reject,,0,,3,3,1.0,0.0,1.0,1.0,0.333333,0.5,3,1,1,1,1,1903057|31286161|30838076|602540011|2231948|3532821|2159569|602004476|4118143|894063
q105,dev,v04,vague,flow:skip,,0,,3,3,1.0,0.0,1.0,1.0,0.333333,0.5,3,1,1,1,1,1903057|31286161|30838076|602540011|2231948|3532821|2159569|602004476|4118143|894063
q105,dev,v04,vague,flow:oracle,,0,,3,3,1.0,0.0,1.0,1.0,0.333333,0.5,3,1,1,1,1,1903057|31286161|30838076|602540011|2231948|3532821|2159569|602004476|4118143|894063
q105,dev,v04,vague,flow:noisy,,0,,3,3,1.0,0.0,1.0,1.0,0.333333,0.5,3,1,1,1,1,1903057|31286161|30838076|602540011|2231948|3532821|2159569|602004476|4118143|894063
q106,dev,v04,vague,initial,,1,,4,4,1.0,0.0,1.0,1.0,0.25,0.430677,4,1,,,,602438295|5713422|1839831|2906349|3169779|4011608|420424|489055|732514|732516
q106,dev,v04,vague,reject_only,,0,,4,4,1.0,0.0,1.0,1.0,0.25,0.430677,4,1,,,,602438295|5713422|1839831|2906349|3169779|4011608|420424|489055|732514|732516
q106,dev,v04,vague,reject_twice,,0,,4,4,1.0,0.0,1.0,1.0,0.25,0.430677,4,1,,,,602438295|5713422|1839831|2906349|3169779|4011608|420424|489055|732514|732516
q106,dev,v04,vague,skip,,0,,4,4,1.0,0.0,1.0,1.0,0.25,0.430677,4,1,,,,602438295|5713422|1839831|2906349|3169779|4011608|420424|489055|732514|732516
q106,dev,v04,vague,oracle:vocal_gender,,0,,4,4,1.0,0.0,1.0,1.0,0.25,0.430677,4,1,,,,602438295|5713422|1839831|2906349|3169779|4011608|420424|489055|732514|732516
q106,dev,v04,vague,oracle:type,,0,,4,4,1.0,0.0,1.0,1.0,0.25,0.430677,4,1,,,,602438295|5713422|1839831|2906349|3169779|4011608|420424|489055|732514|732516
q106,dev,v04,vague,oracle:genre,,0,,4,4,1.0,0.0,1.0,1.0,0.25,0.430677,4,1,,,,602438295|5713422|1839831|2906349|3169779|4011608|420424|489055|732514|732516
q106,dev,v04,vague,oracle:release_era,,0,,4,4,1.0,0.0,1.0,1.0,0.25,0.430677,4,1,,,,602438295|5713422|1839831|2906349|3169779|4011608|420424|489055|732514|732516
q106,dev,v04,vague,noisy:vocal_gender,,0,,4,4,1.0,0.0,1.0,1.0,0.25,0.430677,4,1,,,,602438295|5713422|1839831|2906349|3169779|4011608|420424|489055|732514|732516
q106,dev,v04,vague,noisy:type,,0,,4,4,1.0,0.0,1.0,1.0,0.25,0.430677,4,1,,,,602438295|5713422|1839831|2906349|3169779|4011608|420424|489055|732514|732516
q106,dev,v04,vague,noisy:genre,,0,,4,4,1.0,0.0,1.0,1.0,0.25,0.430677,4,1,,,,602438295|5713422|1839831|2906349|3169779|4011608|420424|489055|732514|732516
q106,dev,v04,vague,noisy:release_era,,0,,4,4,1.0,0.0,1.0,1.0,0.25,0.430677,4,1,,,,602438295|5713422|1839831|2906349|3169779|4011608|420424|489055|732514|732516
q106,dev,v04,vague,rule:oracle,,0,,4,4,1.0,0.0,1.0,1.0,0.25,0.430677,4,1,,,,602438295|5713422|1839831|2906349|3169779|4011608|420424|489055|732514|732516
q106,dev,v04,vague,rule:noisy,,0,,4,4,1.0,0.0,1.0,1.0,0.25,0.430677,4,1,,,,602438295|5713422|1839831|2906349|3169779|4011608|420424|489055|732514|732516
q106,dev,v04,vague,rule:skip,,0,,4,4,1.0,0.0,1.0,1.0,0.25,0.430677,4,1,,,,602438295|5713422|1839831|2906349|3169779|4011608|420424|489055|732514|732516
q106,dev,v04,vague,oracle:best,,0,,4,4,1.0,0.0,1.0,1.0,0.25,0.430677,4,1,,,,602438295|5713422|1839831|2906349|3169779|4011608|420424|489055|732514|732516
q106,dev,v04,vague,flow:reject,,0,,4,4,1.0,0.0,1.0,1.0,0.25,0.430677,4,1,1,1,1,602438295|5713422|1839831|2906349|3169779|4011608|420424|489055|732514|732516
q106,dev,v04,vague,flow:skip,,0,,4,4,1.0,0.0,1.0,1.0,0.25,0.430677,4,1,1,1,1,602438295|5713422|1839831|2906349|3169779|4011608|420424|489055|732514|732516
q106,dev,v04,vague,flow:oracle,,0,,4,4,1.0,0.0,1.0,1.0,0.25,0.430677,4,1,1,1,1,602438295|5713422|1839831|2906349|3169779|4011608|420424|489055|732514|732516
q106,dev,v04,vague,flow:noisy,,0,,4,4,1.0,0.0,1.0,1.0,0.25,0.430677,4,1,1,1,1,602438295|5713422|1839831|2906349|3169779|4011608|420424|489055|732514|732516
q107,dev,v04,vague,initial,,1,,1,1,1.0,1.0,1.0,1.0,1.0,1.0,1,1,,,,420424|91846|316434|476529|455268|732519|732512|495147|487515|466094
q107,dev,v04,vague,reject_only,,0,,1,1,1.0,1.0,1.0,1.0,1.0,1.0,1,1,,,,420424|91846|316434|476529|455268|732519|732512|495147|487515|466094
q107,dev,v04,vague,reject_twice,,0,,1,1,1.0,1.0,1.0,1.0,1.0,1.0,1,1,,,,420424|91846|316434|476529|455268|732519|732512|495147|487515|466094
q107,dev,v04,vague,skip,,0,,1,1,1.0,1.0,1.0,1.0,1.0,1.0,1,1,,,,420424|91846|316434|476529|455268|732519|732512|495147|487515|466094
q107,dev,v04,vague,oracle:vocal_gender,,0,,1,1,1.0,1.0,1.0,1.0,1.0,1.0,1,1,,,,420424|91846|316434|476529|455268|732519|732512|495147|487515|466094
q107,dev,v04,vague,oracle:type,,0,,1,1,1.0,1.0,1.0,1.0,1.0,1.0,1,1,,,,420424|91846|316434|476529|455268|732519|732512|495147|487515|466094
q107,dev,v04,vague,oracle:genre,,0,,1,1,1.0,1.0,1.0,1.0,1.0,1.0,1,1,,,,420424|91846|316434|476529|455268|732519|732512|495147|487515|466094
q107,dev,v04,vague,oracle:release_era,,0,,1,1,1.0,1.0,1.0,1.0,1.0,1.0,1,1,,,,420424|91846|316434|476529|455268|732519|732512|495147|487515|466094
q107,dev,v04,vague,noisy:vocal_gender,,0,,1,1,1.0,1.0,1.0,1.0,1.0,1.0,1,1,,,,420424|91846|316434|476529|455268|732519|732512|495147|487515|466094
q107,dev,v04,vague,noisy:type,,0,,1,1,1.0,1.0,1.0,1.0,1.0,1.0,1,1,,,,420424|91846|316434|476529|455268|732519|732512|495147|487515|466094
q107,dev,v04,vague,noisy:genre,,0,,1,1,1.0,1.0,1.0,1.0,1.0,1.0,1,1,,,,420424|91846|316434|476529|455268|732519|732512|495147|487515|466094
q107,dev,v04,vague,noisy:release_era,,0,,1,1,1.0,1.0,1.0,1.0,1.0,1.0,1,1,,,,420424|91846|316434|476529|455268|732519|732512|495147|487515|466094
q107,dev,v04,vague,rule:oracle,,0,,1,1,1.0,1.0,1.0,1.0,1.0,1.0,1,1,,,,420424|91846|316434|476529|455268|732519|732512|495147|487515|466094
q107,dev,v04,vague,rule:noisy,,0,,1,1,1.0,1.0,1.0,1.0,1.0,1.0,1,1,,,,420424|91846|316434|476529|455268|732519|732512|495147|487515|466094
q107,dev,v04,vague,rule:skip,,0,,1,1,1.0,1.0,1.0,1.0,1.0,1.0,1,1,,,,420424|91846|316434|476529|455268|732519|732512|495147|487515|466094
q107,dev,v04,vague,oracle:best,,0,,1,1,1.0,1.0,1.0,1.0,1.0,1.0,1,1,,,,420424|91846|316434|476529|455268|732519|732512|495147|487515|466094
q107,dev,v04,vague,flow:reject,,0,,1,1,1.0,1.0,1.0,1.0,1.0,1.0,1,1,1,1,1,420424|91846|316434|476529|455268|732519|732512|495147|487515|466094
q107,dev,v04,vague,flow:skip,,0,,1,1,1.0,1.0,1.0,1.0,1.0,1.0,1,1,1,1,1,420424|91846|316434|476529|455268|732519|732512|495147|487515|466094
q107,dev,v04,vague,flow:oracle,,0,,1,1,1.0,1.0,1.0,1.0,1.0,1.0,1,1,1,1,1,420424|91846|316434|476529|455268|732519|732512|495147|487515|466094
q107,dev,v04,vague,flow:noisy,,0,,1,1,1.0,1.0,1.0,1.0,1.0,1.0,1,1,1,1,1,420424|91846|316434|476529|455268|732519|732512|495147|487515|466094
q108,dev,v04,vague,initial,,1,,1,1,1.0,1.0,1.0,1.0,1.0,1.0,1,1,,,,30859584|1913501|90105|5682700|8252409|32646938|1456783|1932604|1199786|3403761
q108,dev,v04,vague,reject_only,,0,,1,1,1.0,1.0,1.0,1.0,1.0,1.0,1,1,,,,30859584|1913501|90105|5682700|8252409|32646938|1456783|1932604|1199786|3403761
q108,dev,v04,vague,reject_twice,,0,,1,1,1.0,1.0,1.0,1.0,1.0,1.0,1,1,,,,30859584|1913501|90105|5682700|8252409|32646938|1456783|1932604|1199786|3403761
q108,dev,v04,vague,skip,,0,,1,1,1.0,1.0,1.0,1.0,1.0,1.0,1,1,,,,30859584|1913501|90105|5682700|8252409|32646938|1456783|1932604|1199786|3403761
q108,dev,v04,vague,oracle:vocal_gender,,0,,1,1,1.0,1.0,1.0,1.0,1.0,1.0,1,1,,,,30859584|1913501|90105|5682700|8252409|32646938|1456783|1932604|1199786|3403761
q108,dev,v04,vague,oracle:type,,0,,1,1,1.0,1.0,1.0,1.0,1.0,1.0,1,1,,,,30859584|1913501|90105|5682700|8252409|32646938|1456783|1932604|1199786|3403761
q108,dev,v04,vague,oracle:genre,,0,,1,1,1.0,1.0,1.0,1.0,1.0,1.0,1,1,,,,30859584|1913501|90105|5682700|8252409|32646938|1456783|1932604|1199786|3403761
q108,dev,v04,vague,oracle:release_era,,0,,1,1,1.0,1.0,1.0,1.0,1.0,1.0,1,1,,,,30859584|1913501|90105|5682700|8252409|32646938|1456783|1932604|1199786|3403761
q108,dev,v04,vague,noisy:vocal_gender,,0,,1,1,1.0,1.0,1.0,1.0,1.0,1.0,1,1,,,,30859584|1913501|90105|5682700|8252409|32646938|1456783|1932604|1199786|3403761
q108,dev,v04,vague,noisy:type,,0,,1,1,1.0,1.0,1.0,1.0,1.0,1.0,1,1,,,,30859584|1913501|90105|5682700|8252409|32646938|1456783|1932604|1199786|3403761
q108,dev,v04,vague,noisy:genre,,0,,1,1,1.0,1.0,1.0,1.0,1.0,1.0,1,1,,,,30859584|1913501|90105|5682700|8252409|32646938|1456783|1932604|1199786|3403761
q108,dev,v04,vague,noisy:release_era,,0,,1,1,1.0,1.0,1.0,1.0,1.0,1.0,1,1,,,,30859584|1913501|90105|5682700|8252409|32646938|1456783|1932604|1199786|3403761
q108,dev,v04,vague,rule:oracle,,0,,1,1,1.0,1.0,1.0,1.0,1.0,1.0,1,1,,,,30859584|1913501|90105|5682700|8252409|32646938|1456783|1932604|1199786|3403761
q108,dev,v04,vague,rule:noisy,,0,,1,1,1.0,1.0,1.0,1.0,1.0,1.0,1,1,,,,30859584|1913501|90105|5682700|8252409|32646938|1456783|1932604|1199786|3403761
q108,dev,v04,vague,rule:skip,,0,,1,1,1.0,1.0,1.0,1.0,1.0,1.0,1,1,,,,30859584|1913501|90105|5682700|8252409|32646938|1456783|1932604|1199786|3403761
q108,dev,v04,vague,oracle:best,,0,,1,1,1.0,1.0,1.0,1.0,1.0,1.0,1,1,,,,30859584|1913501|90105|5682700|8252409|32646938|1456783|1932604|1199786|3403761
q108,dev,v04,vague,flow:reject,,0,,1,1,1.0,1.0,1.0,1.0,1.0,1.0,1,1,1,1,1,30859584|1913501|90105|5682700|8252409|32646938|1456783|1932604|1199786|3403761
q108,dev,v04,vague,flow:skip,,0,,1,1,1.0,1.0,1.0,1.0,1.0,1.0,1,1,1,1,1,30859584|1913501|90105|5682700|8252409|32646938|1456783|1932604|1199786|3403761
q108,dev,v04,vague,flow:oracle,,0,,1,1,1.0,1.0,1.0,1.0,1.0,1.0,1,1,1,1,1,30859584|1913501|90105|5682700|8252409|32646938|1456783|1932604|1199786|3403761
q108,dev,v04,vague,flow:noisy,,0,,1,1,1.0,1.0,1.0,1.0,1.0,1.0,1,1,1,1,1,30859584|1913501|90105|5682700|8252409|32646938|1456783|1932604|1199786|3403761
q110,dev,v04,vague,initial,,1,,,,0.0,0.0,0.0,0.0,0.0,0.0,,0,,,,5112|37138471|1566277|602554113|36599949|3570725|2197448|425453|34349913|3366160
q110,dev,v04,vague,reject_only,,1,,1,1,1.0,1.0,1.0,1.0,1.0,1.0,1,1,,,,4503810|32559781|2231948|36430773|32528369|2987448|602048198|2797558|602499783|602335674
q110,dev,v04,vague,reject_twice,,0,,1,1,1.0,1.0,1.0,1.0,1.0,1.0,1,1,,,,4503810|32559781|2231948|36430773|32528369|2987448|602048198|2797558|602499783|602335674
q110,dev,v04,vague,skip,,1,,1,1,1.0,1.0,1.0,1.0,1.0,1.0,1,1,,,,4503810|32559781|2231948|36430773|32528369|2987448|602048198|2797558|602499783|602335674
q110,dev,v04,vague,oracle:vocal_gender,,1,,1,1,1.0,1.0,1.0,1.0,1.0,1.0,1,1,,,,4503810|32559781|2231948|36430773|32528369|2987448|602048198|2797558|602499783|602335674
q110,dev,v04,vague,oracle:type,,1,,1,1,1.0,1.0,1.0,1.0,1.0,1.0,1,1,,,,4503810|32559781|2231948|36430773|32528369|2987448|602048198|2797558|602499783|602335674
q110,dev,v04,vague,oracle:genre,,1,,1,1,1.0,1.0,1.0,1.0,1.0,1.0,1,1,,,,4503810|32559781|2231948|36430773|32528369|2987448|602048198|2797558|602499783|602335674
q110,dev,v04,vague,oracle:release_era,,1,,1,1,1.0,1.0,1.0,1.0,1.0,1.0,1,1,,,,4503810|2987448|2797558|8068881|2667293|31055324|4383773|2930969|2629049|4184826
q110,dev,v04,vague,noisy:vocal_gender,,1,,1,1,1.0,1.0,1.0,1.0,1.0,1.0,1,1,,,,4503810|32559781|2231948|36430773|32528369|2987448|602048198|2797558|602499783|602335674
q110,dev,v04,vague,noisy:type,,1,,2,2,1.0,0.0,1.0,1.0,0.5,0.63093,2,1,,,,2231948|4503810|32559781|36430773|32528369|2987448|602048198|2797558|602499783|602335674
q110,dev,v04,vague,noisy:genre,,1,,1,1,1.0,1.0,1.0,1.0,1.0,1.0,1,1,,,,4503810|32559781|2231948|36430773|32528369|2987448|602048198|2797558|602499783|602335674
q110,dev,v04,vague,noisy:release_era,,1,,5,5,1.0,0.0,1.0,1.0,0.2,0.386853,5,1,,,,2231948|2160048|1926582|1929329|4503810|32559781|36430773|32528369|2987448|602048198
q110,dev,v04,vague,rule:oracle,,1,,1,1,1.0,1.0,1.0,1.0,1.0,1.0,1,1,,,,4503810|32559781|2231948|36430773|32528369|2987448|602048198|2797558|602499783|602335674
q110,dev,v04,vague,rule:noisy,,1,,1,1,1.0,1.0,1.0,1.0,1.0,1.0,1,1,,,,4503810|32559781|2231948|36430773|32528369|2987448|602048198|2797558|602499783|602335674
q110,dev,v04,vague,rule:skip,,1,,1,1,1.0,1.0,1.0,1.0,1.0,1.0,1,1,,,,4503810|32559781|2231948|36430773|32528369|2987448|602048198|2797558|602499783|602335674
q110,dev,v04,vague,oracle:best,,1,,1,1,1.0,1.0,1.0,1.0,1.0,1.0,1,1,,,,4503810|32559781|2231948|36430773|32528369|2987448|602048198|2797558|602499783|602335674
q110,dev,v04,vague,flow:reject,4503810,1,,1,1,1.0,1.0,1.0,1.0,1.0,1.0,1,1,2,2,2,4503810|32559781|2231948|36430773|32528369|2987448|602048198|2797558|602499783|602335674
q110,dev,v04,vague,flow:skip,4503810,1,,1,1,1.0,1.0,1.0,1.0,1.0,1.0,1,1,2,2,2,4503810|32559781|2231948|36430773|32528369|2987448|602048198|2797558|602499783|602335674
q110,dev,v04,vague,flow:oracle,4503810,1,,1,1,1.0,1.0,1.0,1.0,1.0,1.0,1,1,2,2,2,4503810|32559781|2231948|36430773|32528369|2987448|602048198|2797558|602499783|602335674
q110,dev,v04,vague,flow:noisy,4503810,1,,1,1,1.0,1.0,1.0,1.0,1.0,1.0,1,1,2,2,2,4503810|32559781|2231948|36430773|32528369|2987448|602048198|2797558|602499783|602335674
q112,dev,v04,vague,initial,,1,vocal_gender,,,0.0,0.0,0.0,0.0,0.0,0.0,,0,,,,1765767|1932604|933372|1786851|1566277|1583453|35640077|2271648|1657769|1500206
q112,dev,v04,vague,reject_only,,1,vocal_gender,,,0.0,0.0,0.0,0.0,0.0,0.0,,0,,,,420248|1139741|1951553|986817|2908515|2024974|33625988|1455699|1807098|1204915
q112,dev,v04,vague,reject_twice,,1,vocal_gender,,,0.0,0.0,0.0,0.0,0.0,0.0,,0,,,,2203097|1929329|2289852|8252409|2803451|862035|622649|486743|423583|602511189
q112,dev,v04,vague,skip,,1,vocal_gender,,,0.0,0.0,0.0,0.0,0.0,0.0,,0,,,,420248|1139741|1951553|986817|2908515|2024974|33625988|1455699|1807098|1204915
q112,dev,v04,vague,oracle:vocal_gender,,1,vocal_gender,,,0.0,0.0,0.0,0.0,0.0,0.0,,0,,,,420248|1139741|1951553|986817|33625988|8252409|622649|486743|602511189|2172570
q112,dev,v04,vague,oracle:type,,1,vocal_gender,,,0.0,0.0,0.0,0.0,0.0,0.0,,0,,,,420248|1139741|1951553|986817|2908515|2024974|33625988|1455699|1807098|2203097
q112,dev,v04,vague,oracle:genre,,1,vocal_gender,,,0.0,0.0,0.0,0.0,0.0,0.0,,0,,,,420248|1204915|8252409|622649|602511189|504835|488135|488134|1139741|1951553
q112,dev,v04,vague,oracle:release_era,,1,vocal_gender,,,0.0,0.0,0.0,0.0,0.0,0.0,,0,,,,420248|1139741|1951553|986817|2024974|1455699|1807098|1204915|2203097|1929329
q112,dev,v04,vague,noisy:vocal_gender,,1,vocal_gender,,,0.0,0.0,0.0,0.0,0.0,0.0,,0,,,,2908515|2024974|1807098|2203097|1929329|2803451|862035|3037051|2159715|488135
q112,dev,v04,vague,noisy:type,,1,vocal_gender,,,0.0,0.0,0.0,0.0,0.0,0.0,,0,,,,488135|488134|420248|1139741|1951553|986817|2908515|2024974|33625988|1455699
q112,dev,v04,vague,noisy:genre,,1,vocal_gender,,,0.0,0.0,0.0,0.0,0.0,0.0,,0,,,,1139741|420248|1951553|986817|2908515|2024974|33625988|1455699|1807098|1204915
q112,dev,v04,vague,noisy:release_era,,1,vocal_gender,,,0.0,0.0,0.0,0.0,0.0,0.0,,0,,,,504835|420248|1139741|1951553|986817|2908515|2024974|33625988|1455699|1807098
q112,dev,v04,vague,rule:oracle,,1,vocal_gender,,,0.0,0.0,0.0,0.0,0.0,0.0,,0,,,,420248|1139741|1951553|986817|33625988|8252409|622649|486743|602511189|2172570
q112,dev,v04,vague,rule:noisy,,1,vocal_gender,,,0.0,0.0,0.0,0.0,0.0,0.0,,0,,,,2908515|2024974|1807098|2203097|1929329|2803451|862035|3037051|2159715|488135
q112,dev,v04,vague,rule:skip,,1,vocal_gender,,,0.0,0.0,0.0,0.0,0.0,0.0,,0,,,,420248|1139741|1951553|986817|2908515|2024974|33625988|1455699|1807098|1204915
q112,dev,v04,vague,oracle:best,,1,vocal_gender,,,0.0,0.0,0.0,0.0,0.0,0.0,,0,,,,420248|1139741|1951553|986817|33625988|8252409|622649|486743|602511189|2172570
q112,dev,v04,vague,flow:reject,1556547,1,vocal_gender,,,0.0,0.0,0.0,0.0,0.0,0.0,,0,,,3,2203097|1929329|2289852|8252409|2803451|862035|622649|486743|423583|602511189
q112,dev,v04,vague,flow:skip,1556547,1,vocal_gender,,,0.0,0.0,0.0,0.0,0.0,0.0,,0,,,3,2203097|1929329|2289852|8252409|2803451|862035|622649|486743|423583|602511189
q112,dev,v04,vague,flow:oracle,1556547,1,vocal_gender,,,0.0,0.0,0.0,0.0,0.0,0.0,,0,,,3,602294060|106465|3906377|1204915|504835|488135|3692955|488134|8218594|8122589
q112,dev,v04,vague,flow:noisy,1556547,1,vocal_gender,,,0.0,0.0,0.0,0.0,0.0,0.0,,0,,,3,1139741|2129151|2930969|488134|3764899|5660040|3815739|420248|1951553|986817
q113,dev,v04,vague,initial,,1,,1,1,1.0,1.0,1.0,1.0,1.0,1.0,1,1,,,,1569649|1121540|4118143|1288745|85258|4212184|602292853|35730562|602066108|2159569
q113,dev,v04,vague,reject_only,,0,,1,1,1.0,1.0,1.0,1.0,1.0,1.0,1,1,,,,1569649|1121540|4118143|1288745|85258|4212184|602292853|35730562|602066108|2159569
q113,dev,v04,vague,reject_twice,,0,,1,1,1.0,1.0,1.0,1.0,1.0,1.0,1,1,,,,1569649|1121540|4118143|1288745|85258|4212184|602292853|35730562|602066108|2159569
q113,dev,v04,vague,skip,,0,,1,1,1.0,1.0,1.0,1.0,1.0,1.0,1,1,,,,1569649|1121540|4118143|1288745|85258|4212184|602292853|35730562|602066108|2159569
q113,dev,v04,vague,oracle:vocal_gender,,0,,1,1,1.0,1.0,1.0,1.0,1.0,1.0,1,1,,,,1569649|1121540|4118143|1288745|85258|4212184|602292853|35730562|602066108|2159569
q113,dev,v04,vague,oracle:type,,0,,1,1,1.0,1.0,1.0,1.0,1.0,1.0,1,1,,,,1569649|1121540|4118143|1288745|85258|4212184|602292853|35730562|602066108|2159569
q113,dev,v04,vague,oracle:genre,,0,,1,1,1.0,1.0,1.0,1.0,1.0,1.0,1,1,,,,1569649|1121540|4118143|1288745|85258|4212184|602292853|35730562|602066108|2159569
q113,dev,v04,vague,oracle:release_era,,0,,1,1,1.0,1.0,1.0,1.0,1.0,1.0,1,1,,,,1569649|1121540|4118143|1288745|85258|4212184|602292853|35730562|602066108|2159569
q113,dev,v04,vague,noisy:vocal_gender,,0,,1,1,1.0,1.0,1.0,1.0,1.0,1.0,1,1,,,,1569649|1121540|4118143|1288745|85258|4212184|602292853|35730562|602066108|2159569
q113,dev,v04,vague,noisy:type,,0,,1,1,1.0,1.0,1.0,1.0,1.0,1.0,1,1,,,,1569649|1121540|4118143|1288745|85258|4212184|602292853|35730562|602066108|2159569
q113,dev,v04,vague,noisy:genre,,0,,1,1,1.0,1.0,1.0,1.0,1.0,1.0,1,1,,,,1569649|1121540|4118143|1288745|85258|4212184|602292853|35730562|602066108|2159569
q113,dev,v04,vague,noisy:release_era,,0,,1,1,1.0,1.0,1.0,1.0,1.0,1.0,1,1,,,,1569649|1121540|4118143|1288745|85258|4212184|602292853|35730562|602066108|2159569
q113,dev,v04,vague,rule:oracle,,0,,1,1,1.0,1.0,1.0,1.0,1.0,1.0,1,1,,,,1569649|1121540|4118143|1288745|85258|4212184|602292853|35730562|602066108|2159569
q113,dev,v04,vague,rule:noisy,,0,,1,1,1.0,1.0,1.0,1.0,1.0,1.0,1,1,,,,1569649|1121540|4118143|1288745|85258|4212184|602292853|35730562|602066108|2159569
q113,dev,v04,vague,rule:skip,,0,,1,1,1.0,1.0,1.0,1.0,1.0,1.0,1,1,,,,1569649|1121540|4118143|1288745|85258|4212184|602292853|35730562|602066108|2159569
q113,dev,v04,vague,oracle:best,,0,,1,1,1.0,1.0,1.0,1.0,1.0,1.0,1,1,,,,1569649|1121540|4118143|1288745|85258|4212184|602292853|35730562|602066108|2159569
q113,dev,v04,vague,flow:reject,,0,,1,1,1.0,1.0,1.0,1.0,1.0,1.0,1,1,1,1,1,1569649|1121540|4118143|1288745|85258|4212184|602292853|35730562|602066108|2159569
q113,dev,v04,vague,flow:skip,,0,,1,1,1.0,1.0,1.0,1.0,1.0,1.0,1,1,1,1,1,1569649|1121540|4118143|1288745|85258|4212184|602292853|35730562|602066108|2159569
q113,dev,v04,vague,flow:oracle,,0,,1,1,1.0,1.0,1.0,1.0,1.0,1.0,1,1,1,1,1,1569649|1121540|4118143|1288745|85258|4212184|602292853|35730562|602066108|2159569
q113,dev,v04,vague,flow:noisy,,0,,1,1,1.0,1.0,1.0,1.0,1.0,1.0,1,1,1,1,1,1569649|1121540|4118143|1288745|85258|4212184|602292853|35730562|602066108|2159569
q114,dev,v04,vague,initial,,1,,1,1,1.0,1.0,1.0,1.0,1.0,1.0,1,1,,,,3065249|602113331|8261338|5684826|3906377|2951700|602362112|1913501|32399832|30566061
q114,dev,v04,vague,reject_only,,0,,1,1,1.0,1.0,1.0,1.0,1.0,1.0,1,1,,,,3065249|602113331|8261338|5684826|3906377|2951700|602362112|1913501|32399832|30566061
q114,dev,v04,vague,reject_twice,,0,,1,1,1.0,1.0,1.0,1.0,1.0,1.0,1,1,,,,3065249|602113331|8261338|5684826|3906377|2951700|602362112|1913501|32399832|30566061
q114,dev,v04,vague,skip,,0,,1,1,1.0,1.0,1.0,1.0,1.0,1.0,1,1,,,,3065249|602113331|8261338|5684826|3906377|2951700|602362112|1913501|32399832|30566061
q114,dev,v04,vague,oracle:vocal_gender,,0,,1,1,1.0,1.0,1.0,1.0,1.0,1.0,1,1,,,,3065249|602113331|8261338|5684826|3906377|2951700|602362112|1913501|32399832|30566061
q114,dev,v04,vague,oracle:type,,0,,1,1,1.0,1.0,1.0,1.0,1.0,1.0,1,1,,,,3065249|602113331|8261338|5684826|3906377|2951700|602362112|1913501|32399832|30566061
q114,dev,v04,vague,oracle:genre,,0,,1,1,1.0,1.0,1.0,1.0,1.0,1.0,1,1,,,,3065249|602113331|8261338|5684826|3906377|2951700|602362112|1913501|32399832|30566061
q114,dev,v04,vague,oracle:release_era,,0,,1,1,1.0,1.0,1.0,1.0,1.0,1.0,1,1,,,,3065249|602113331|8261338|5684826|3906377|2951700|602362112|1913501|32399832|30566061
q114,dev,v04,vague,noisy:vocal_gender,,0,,1,1,1.0,1.0,1.0,1.0,1.0,1.0,1,1,,,,3065249|602113331|8261338|5684826|3906377|2951700|602362112|1913501|32399832|30566061
q114,dev,v04,vague,noisy:type,,0,,1,1,1.0,1.0,1.0,1.0,1.0,1.0,1,1,,,,3065249|602113331|8261338|5684826|3906377|2951700|602362112|1913501|32399832|30566061
q114,dev,v04,vague,noisy:genre,,0,,1,1,1.0,1.0,1.0,1.0,1.0,1.0,1,1,,,,3065249|602113331|8261338|5684826|3906377|2951700|602362112|1913501|32399832|30566061
q114,dev,v04,vague,noisy:release_era,,0,,1,1,1.0,1.0,1.0,1.0,1.0,1.0,1,1,,,,3065249|602113331|8261338|5684826|3906377|2951700|602362112|1913501|32399832|30566061
q114,dev,v04,vague,rule:oracle,,0,,1,1,1.0,1.0,1.0,1.0,1.0,1.0,1,1,,,,3065249|602113331|8261338|5684826|3906377|2951700|602362112|1913501|32399832|30566061
q114,dev,v04,vague,rule:noisy,,0,,1,1,1.0,1.0,1.0,1.0,1.0,1.0,1,1,,,,3065249|602113331|8261338|5684826|3906377|2951700|602362112|1913501|32399832|30566061
q114,dev,v04,vague,rule:skip,,0,,1,1,1.0,1.0,1.0,1.0,1.0,1.0,1,1,,,,3065249|602113331|8261338|5684826|3906377|2951700|602362112|1913501|32399832|30566061
q114,dev,v04,vague,oracle:best,,0,,1,1,1.0,1.0,1.0,1.0,1.0,1.0,1,1,,,,3065249|602113331|8261338|5684826|3906377|2951700|602362112|1913501|32399832|30566061
q114,dev,v04,vague,flow:reject,,0,,1,1,1.0,1.0,1.0,1.0,1.0,1.0,1,1,1,1,1,3065249|602113331|8261338|5684826|3906377|2951700|602362112|1913501|32399832|30566061
q114,dev,v04,vague,flow:skip,,0,,1,1,1.0,1.0,1.0,1.0,1.0,1.0,1,1,1,1,1,3065249|602113331|8261338|5684826|3906377|2951700|602362112|1913501|32399832|30566061
q114,dev,v04,vague,flow:oracle,,0,,1,1,1.0,1.0,1.0,1.0,1.0,1.0,1,1,1,1,1,3065249|602113331|8261338|5684826|3906377|2951700|602362112|1913501|32399832|30566061
q114,dev,v04,vague,flow:noisy,,0,,1,1,1.0,1.0,1.0,1.0,1.0,1.0,1,1,1,1,1,3065249|602113331|8261338|5684826|3906377|2951700|602362112|1913501|32399832|30566061
q115,dev,v04,vague,initial,,1,,,,0.0,0.0,0.0,0.0,0.0,0.0,5,1,,,,31532642|31316695|4132144|30514366|36394038|5400360|3436083|35252996|602540604|32224409
q115,dev,v04,vague,reject_only,,1,,,,0.0,0.0,0.0,0.0,0.0,0.0,,0,,,,31406357|31304766|602508757|4543502|32998018|36616378|32034629|602302119|31324607|35890454
q115,dev,v04,vague,reject_twice,,1,,,,0.0,0.0,0.0,0.0,0.0,0.0,,0,,,,602378261|698972|445159|8122589|602470600|775161|602388677|602392779|33625988|602427156
q115,dev,v04,vague,skip,,1,,,,0.0,0.0,0.0,0.0,0.0,0.0,,0,,,,31406357|31304766|602508757|4543502|32998018|36616378|32034629|602302119|31324607|35890454
q115,dev,v04,vague,oracle:vocal_gender,,1,,,,0.0,0.0,0.0,0.0,0.0,0.0,,0,,,,31406357|31304766|602508757|4543502|32998018|36616378|32034629|602302119|31324607|35890454
q115,dev,v04,vague,oracle:type,,1,,,,0.0,0.0,0.0,0.0,0.0,0.0,,0,,,,31406357|31304766|602508757|4543502|32998018|36616378|32034629|602302119|31324607|35890454
q115,dev,v04,vague,oracle:genre,,1,,,,0.0,0.0,0.0,0.0,0.0,0.0,,0,,,,31406357|31304766|602508757|4543502|32998018|36616378|32034629|602302119|31324607|35890454
q115,dev,v04,vague,oracle:release_era,,1,,,,0.0,0.0,0.0,0.0,0.0,0.0,,0,,,,31406357|31304766|4543502|32034629|31324607|8122589|31914848|3864961|30753213|7861392
q115,dev,v04,vague,noisy:vocal_gender,,1,,,,0.0,0.0,0.0,0.0,0.0,0.0,,0,,,,31406357|31304766|602508757|4543502|32998018|36616378|32034629|602302119|31324607|35890454
q115,dev,v04,vague,noisy:type,,1,,,,0.0,0.0,0.0,0.0,0.0,0.0,,0,,,,8122589|602388677|33625988|31406357|31304766|602508757|4543502|32998018|36616378|32034629
q115,dev,v04,vague,noisy:genre,,1,,,,0.0,0.0,0.0,0.0,0.0,0.0,,0,,,,31406357|31304766|602508757|4543502|32998018|36616378|32034629|602302119|31324607|35890454
q115,dev,v04,vague,noisy:release_era,,1,,,,0.0,0.0,0.0,0.0,0.0,0.0,,0,,,,698972|445159|775161|978136|1836102|1467722|31406357|31304766|602508757|4543502
q115,dev,v04,vague,rule:oracle,,1,,,,0.0,0.0,0.0,0.0,0.0,0.0,,0,,,,31406357|31304766|602508757|4543502|32998018|36616378|32034629|602302119|31324607|35890454
q115,dev,v04,vague,rule:noisy,,1,,,,0.0,0.0,0.0,0.0,0.0,0.0,,0,,,,31406357|31304766|602508757|4543502|32998018|36616378|32034629|602302119|31324607|35890454
q115,dev,v04,vague,rule:skip,,1,,,,0.0,0.0,0.0,0.0,0.0,0.0,,0,,,,31406357|31304766|602508757|4543502|32998018|36616378|32034629|602302119|31324607|35890454
q115,dev,v04,vague,oracle:best,,1,,,,0.0,0.0,0.0,0.0,0.0,0.0,,0,,,,31406357|31304766|602508757|4543502|32998018|36616378|32034629|602302119|31324607|35890454
q115,dev,v04,vague,flow:reject,31829536,1,,,,0.0,0.0,0.0,0.0,0.0,0.0,,0,,1,3,602378261|698972|445159|8122589|602470600|775161|602388677|602392779|33625988|602427156
q115,dev,v04,vague,flow:skip,31829536,1,,,,0.0,0.0,0.0,0.0,0.0,0.0,,0,,1,3,602378261|698972|445159|8122589|602470600|775161|602388677|602392779|33625988|602427156
q115,dev,v04,vague,flow:oracle,31829536,1,,,,0.0,0.0,0.0,0.0,0.0,0.0,,0,,1,3,602378261|698972|445159|8122589|602470600|775161|602388677|602392779|33625988|602427156
q115,dev,v04,vague,flow:noisy,31829536,1,,,,0.0,0.0,0.0,0.0,0.0,0.0,,0,,1,3,602378261|698972|445159|8122589|602470600|775161|602388677|602392779|33625988|602427156
q117,dev,v04,vague,initial,,1,vocal_gender,,,0.0,0.0,0.0,0.0,0.0,0.0,5,1,,,,521724|521736|521747|602362082|602005101|602278140|30550388|602378408|54517|31133898
q117,dev,v04,vague,reject_only,,1,vocal_gender,,,0.0,0.0,0.0,0.0,0.0,0.0,,0,,,,602492233|35546497|3904614|30690674|602278708|4101639|602376645|602371531|30550293|602418394
q117,dev,v04,vague,reject_twice,,1,vocal_gender,,,0.0,0.0,0.0,0.0,0.0,0.0,,0,,,,602420877|35009233|2100540|34847378|31477685|602067627|602070128|602466725|32825454|602391777
q117,dev,v04,vague,skip,,1,vocal_gender,,,0.0,0.0,0.0,0.0,0.0,0.0,,0,,,,602492233|35546497|3904614|30690674|602278708|4101639|602376645|602371531|30550293|602418394
q117,dev,v04,vague,oracle:vocal_gender,,1,vocal_gender,,,0.0,0.0,0.0,0.0,0.0,0.0,,0,,,,30690674|602278708|602376645|30550293|602418394|2100540|602067627|602070128|3534941|601893642
q117,dev,v04,vague,oracle:type,,1,vocal_gender,,,0.0,0.0,0.0,0.0,0.0,0.0,,0,,,,602492233|602376645|602418394|31477685|602466725|32825454|602391777|454477|454476|36034936
q117,dev,v04,vague,oracle:genre,,1,vocal_gender,,,0.0,0.0,0.0,0.0,0.0,0.0,,0,,,,30690674|31477685|1984780|31324607|602492233|35546497|3904614|602278708|4101639|602376645
q117,dev,v04,vague,oracle:release_era,,1,vocal_gender,,,0.0,0.0,0.0,0.0,0.0,0.0,,0,,,,2100540|454477|454476|1984780|602492233|35546497|3904614|30690674|602278708|4101639
q117,dev,v04,vague,noisy:vocal_gender,,1,vocal_gender,,,0.0,0.0,0.0,0.0,0.0,0.0,,0,,,,602492233|35546497|3904614|4101639|602371531|34847378|31477685|32825454|602391777|1984780
q117,dev,v04,vague,noisy:type,,1,vocal_gender,,,0.0,0.0,0.0,0.0,0.0,0.0,,0,,,,35546497|3904614|30690674|602278708|4101639|602371531|2100540|34847378|602067627|602070128
q117,dev,v04,vague,noisy:genre,,1,vocal_gender,,,0.0,0.0,0.0,0.0,0.0,0.0,,0,,,,35546497|3904614|4101639|602371531|2100540|34847378|602067627|602070128|601893642|36034936
q117,dev,v04,vague,noisy:release_era,,1,vocal_gender,,,0.0,0.0,0.0,0.0,0.0,0.0,,0,,,,602492233|35546497|3904614|30690674|602278708|4101639|602376645|602371531|30550293|602418394
q117,dev,v04,vague,rule:oracle,,1,vocal_gender,,,0.0,0.0,0.0,0.0,0.0,0.0,,0,,,,30690674|602278708|602376645|30550293|602418394|2100540|602067627|602070128|3534941|601893642
q117,dev,v04,vague,rule:noisy,,1,vocal_gender,,,0.0,0.0,0.0,0.0,0.0,0.0,,0,,,,602492233|35546497|3904614|4101639|602371531|34847378|31477685|32825454|602391777|1984780
q117,dev,v04,vague,rule:skip,,1,vocal_gender,,,0.0,0.0,0.0,0.0,0.0,0.0,,0,,,,602492233|35546497|3904614|30690674|602278708|4101639|602376645|602371531|30550293|602418394
q117,dev,v04,vague,oracle:best,,1,vocal_gender,,,0.0,0.0,0.0,0.0,0.0,0.0,,0,,,,30690674|602278708|602376645|30550293|602418394|2100540|602067627|602070128|3534941|601893642
q117,dev,v04,vague,flow:reject,1379738,1,vocal_gender,,,0.0,0.0,0.0,0.0,0.0,0.0,,0,,1,3,602420877|35009233|2100540|34847378|31477685|602067627|602070128|602466725|32825454|602391777
q117,dev,v04,vague,flow:reject,1204915,1,vocal_gender,,,0.0,0.0,0.0,0.0,0.0,0.0,,0,,1,3,602420877|35009233|2100540|34847378|31477685|602067627|602070128|602466725|32825454|602391777
q117,dev,v04,vague,flow:reject,4806686,1,vocal_gender,,,0.0,0.0,0.0,0.0,0.0,0.0,,0,,1,3,602420877|35009233|2100540|34847378|31477685|602067627|602070128|602466725|32825454|602391777
q117,dev,v04,vague,flow:reject,31829536,1,vocal_gender,,,0.0,0.0,0.0,0.0,0.0,0.0,,0,,1,3,602420877|35009233|2100540|34847378|31477685|602067627|602070128|602466725|32825454|602391777
q117,dev,v04,vague,flow:reject,5668985,1,vocal_gender,,,0.0,0.0,0.0,0.0,0.0,0.0,,0,,1,3,602420877|35009233|2100540|34847378|31477685|602067627|602070128|602466725|32825454|602391777
q117,dev,v04,vague,flow:skip,1379738,1,vocal_gender,,,0.0,0.0,0.0,0.0,0.0,0.0,,0,,1,3,602420877|35009233|2100540|34847378|31477685|602067627|602070128|602466725|32825454|602391777
q117,dev,v04,vague,flow:skip,1204915,1,vocal_gender,,,0.0,0.0,0.0,0.0,0.0,0.0,,0,,1,3,602420877|35009233|2100540|34847378|31477685|602067627|602070128|602466725|32825454|602391777
q117,dev,v04,vague,flow:skip,4806686,1,vocal_gender,,,0.0,0.0,0.0,0.0,0.0,0.0,,0,,1,3,602420877|35009233|2100540|34847378|31477685|602067627|602070128|602466725|32825454|602391777
q117,dev,v04,vague,flow:skip,31829536,1,vocal_gender,,,0.0,0.0,0.0,0.0,0.0,0.0,,0,,1,3,602420877|35009233|2100540|34847378|31477685|602067627|602070128|602466725|32825454|602391777
q117,dev,v04,vague,flow:skip,5668985,1,vocal_gender,,,0.0,0.0,0.0,0.0,0.0,0.0,,0,,1,3,602420877|35009233|2100540|34847378|31477685|602067627|602070128|602466725|32825454|602391777
q117,dev,v04,vague,flow:oracle,1379738,1,vocal_gender,,,0.0,0.0,0.0,0.0,0.0,0.0,,0,,1,3,31324607|602420877|31477685|454477|454476|1984780|36034936|602265790|3620493|5807274
q117,dev,v04,vague,flow:oracle,1204915,1,vocal_gender,,,0.0,0.0,0.0,0.0,0.0,0.0,,0,,1,3,602420877|602418394|32825454|3534941|602265790|5807273|3561276|35009233|30550293|2100540
q117,dev,v04,vague,flow:oracle,4806686,1,vocal_gender,,,0.0,0.0,0.0,0.0,0.0,0.0,,0,,1,3,31324607|602420877|31477685|454477|454476|1984780|36034936|602265790|3620493|5807274
q117,dev,v04,vague,flow:oracle,31829536,1,vocal_gender,,,0.0,0.0,0.0,0.0,0.0,0.0,,0,,1,3,31324607|602420877|31477685|454477|454476|1984780|36034936|602265790|3620493|5807274
q117,dev,v04,vague,flow:oracle,5668985,1,vocal_gender,,,0.0,0.0,0.0,0.0,0.0,0.0,,0,,1,3,31324607|602420877|31477685|454477|454476|1984780|36034936|602265790|3620493|5807274
q117,dev,v04,vague,flow:noisy,1379738,1,vocal_gender,,,0.0,0.0,0.0,0.0,0.0,0.0,,0,,1,3,35009233|36411342|36411344|105639|2100540|602067627|602070128|601893642|36034936|5807274
q117,dev,v04,vague,flow:noisy,1204915,1,vocal_gender,,,0.0,0.0,0.0,0.0,0.0,0.0,,0,,1,3,602420877|602492233|602466725|602391777|454477|454476|36034936|602265790|31324607|3620493
q117,dev,v04,vague,flow:noisy,4806686,1,vocal_gender,,,0.0,0.0,0.0,0.0,0.0,0.0,,0,,1,3,35009233|36411342|36411344|105639|2100540|602067627|602070128|601893642|36034936|5807274
q117,dev,v04,vague,flow:noisy,31829536,1,vocal_gender,,,0.0,0.0,0.0,0.0,0.0,0.0,,0,,1,3,35009233|36411342|36411344|105639|2100540|602067627|602070128|601893642|36034936|5807274
q117,dev,v04,vague,flow:noisy,5668985,1,vocal_gender,,,0.0,0.0,0.0,0.0,0.0,0.0,,0,,1,3,35009233|36411342|36411344|105639|2100540|602067627|602070128|601893642|36034936|5807274
q202,dev,v04,vague,initial,,1,,,15,1.0,0.0,0.0,0.0,0.0,0.0,,0,,,,602230561|602554113|32528369|36871671|36430773|34668619|30816860|36411342|36266615|602540011
q202,dev,v04,vague,reject_only,,1,,6,6,1.0,0.0,0.0,1.0,0.166667,0.356207,6,1,,,,32175937|30287019|33749109|7982920|7847861|4400561|1566277|1807098|1927248|4840271
q202,dev,v04,vague,reject_twice,,0,,6,6,1.0,0.0,0.0,1.0,0.166667,0.356207,6,1,,,,32175937|30287019|33749109|7982920|7847861|4400561|1566277|1807098|1927248|4840271
q202,dev,v04,vague,skip,,1,,6,6,1.0,0.0,0.0,1.0,0.166667,0.356207,6,1,,,,32175937|30287019|33749109|7982920|7847861|4400561|1566277|1807098|1927248|4840271
q202,dev,v04,vague,oracle:vocal_gender,,1,,6,6,1.0,0.0,0.0,1.0,0.166667,0.356207,6,1,,,,32175937|30287019|33749109|7982920|7847861|4400561|1566277|1807098|1927248|4840271
q202,dev,v04,vague,oracle:type,,1,,5,5,1.0,0.0,1.0,1.0,0.2,0.386853,5,1,,,,32175937|30287019|7982920|7847861|4400561|1566277|1807098|1927248|4840271|2371261
q202,dev,v04,vague,oracle:genre,,1,,6,6,1.0,0.0,0.0,1.0,0.166667,0.356207,6,1,,,,32175937|30287019|33749109|7982920|7847861|4400561|1566277|1807098|1927248|4840271
q202,dev,v04,vague,oracle:release_era,,1,,5,5,1.0,0.0,1.0,1.0,0.2,0.386853,5,1,,,,32175937|30287019|7982920|7847861|4400561|4840271|3395649|2987448|3488849|3087888
q202,dev,v04,vague,noisy:vocal_gender,,1,,9,9,1.0,0.0,0.0,1.0,0.111111,0.30103,9,1,,,,602193303|3666277|602399222|32175937|30287019|33749109|7982920|7847861|4400561|1566277
q202,dev,v04,vague,noisy:type,,1,,,13,1.0,0.0,0.0,0.0,0.0,0.0,,0,,,,33749109|1288745|864431|3532821|4118143|2159569|34883833|5658708|32175937|30287019
q202,dev,v04,vague,noisy:genre,,1,,6,6,1.0,0.0,0.0,1.0,0.166667,0.356207,6,1,,,,32175937|30287019|33749109|7982920|7847861|4400561|1566277|1807098|1927248|4840271
q202,dev,v04,vague,noisy:release_era,,1,,,14,1.0,0.0,0.0,0.0,0.0,0.0,,0,,,,1566277|1807098|1927248|2371261|1288745|2219848|864431|2159569|32175937|30287019
q202,dev,v04,vague,rule:oracle,,1,,6,6,1.0,0.0,0.0,1.0,0.166667,0.356207,6,1,,,,32175937|30287019|33749109|7982920|7847861|4400561|1566277|1807098|1927248|4840271
q202,dev,v04,vague,rule:noisy,,1,,6,6,1.0,0.0,0.0,1.0,0.166667,0.356207,6,1,,,,32175937|30287019|33749109|7982920|7847861|4400561|1566277|1807098|1927248|4840271
q202,dev,v04,vague,rule:skip,,1,,6,6,1.0,0.0,0.0,1.0,0.166667,0.356207,6,1,,,,32175937|30287019|33749109|7982920|7847861|4400561|1566277|1807098|1927248|4840271
q202,dev,v04,vague,oracle:best,,1,,5,5,1.0,0.0,1.0,1.0,0.2,0.386853,5,1,,,,32175937|30287019|7982920|7847861|4400561|1566277|1807098|1927248|4840271|2371261
q202,dev,v04,vague,flow:reject,4400561,1,,6,6,1.0,0.0,0.0,1.0,0.166667,0.356207,6,1,2,2,2,32175937|30287019|33749109|7982920|7847861|4400561|1566277|1807098|1927248|4840271
q202,dev,v04,vague,flow:skip,4400561,1,,6,6,1.0,0.0,0.0,1.0,0.166667,0.356207,6,1,2,2,2,32175937|30287019|33749109|7982920|7847861|4400561|1566277|1807098|1927248|4840271
q202,dev,v04,vague,flow:oracle,4400561,1,,6,6,1.0,0.0,0.0,1.0,0.166667,0.356207,6,1,2,2,2,32175937|30287019|33749109|7982920|7847861|4400561|1566277|1807098|1927248|4840271
q202,dev,v04,vague,flow:noisy,4400561,1,,6,6,1.0,0.0,0.0,1.0,0.166667,0.356207,6,1,2,2,2,32175937|30287019|33749109|7982920|7847861|4400561|1566277|1807098|1927248|4840271
q203,dev,v04,vague,initial,,1,genre,,,0.0,0.0,0.0,0.0,0.0,0.0,,0,,,,3689468|602142810|91322|476529|1177472|1177475|30232719|3411459|489055|1883446
q203,dev,v04,vague,reject_only,,1,genre,,,0.0,0.0,0.0,0.0,0.0,0.0,,0,,,,5668985|1177471|602470506|2906349|2759248|602378408|843729|3170749|622912|31938046
q203,dev,v04,vague,reject_twice,,1,genre,,,0.0,0.0,0.0,0.0,0.0,0.0,,0,,,,32698101|602410419|521068|1110715|5639931|602378300|1778590|1913501|2549956|1108584
q203,dev,v04,vague,skip,,1,genre,,,0.0,0.0,0.0,0.0,0.0,0.0,,0,,,,5668985|1177471|602470506|2906349|2759248|602378408|843729|3170749|622912|31938046
q203,dev,v04,vague,oracle:vocal_gender,,1,genre,,,0.0,0.0,0.0,0.0,0.0,0.0,,0,,,,5668985|1177471|602470506|2906349|2759248|602378408|843729|3170749|622912|31938046
q203,dev,v04,vague,oracle:type,,1,genre,,,0.0,0.0,0.0,0.0,0.0,0.0,,0,,,,602470506|2759248|602378408|622912|31938046|32698101|602410419|521068|1110715|5639931
q203,dev,v04,vague,oracle:genre,,1,genre,,,0.0,0.0,0.0,0.0,0.0,0.0,,0,,,,1177471|2906349|37373234|5668985|602470506|2759248|602378408|843729|3170749|622912
q203,dev,v04,vague,oracle:release_era,,1,genre,,,0.0,0.0,0.0,0.0,0.0,0.0,,0,,,,1177471|843729|622912|521068|1110715|1778590|1913501|490173|1667441|485716
q203,dev,v04,vague,noisy:vocal_gender,,1,genre,,,0.0,0.0,0.0,0.0,0.0,0.0,,0,,,,37373234|5668985|1177471|602470506|2906349|2759248|602378408|843729|3170749|622912
q203,dev,v04,vague,noisy:type,,1,genre,,,0.0,0.0,0.0,0.0,0.0,0.0,,0,,,,1778590|1913501|2549956|30859584|485716|5668985|1177471|602470506|2906349|2759248
q203,dev,v04,vague,noisy:genre,,1,genre,,,0.0,0.0,0.0,0.0,0.0,0.0,,0,,,,5668985|602470506|2759248|843729|622912|31938046|602410419|521068|1110715|5639931
q203,dev,v04,vague,noisy:release_era,,1,genre,,,0.0,0.0,0.0,0.0,0.0,0.0,,0,,,,5668985|1177471|602470506|2906349|2759248|602378408|843729|3170749|622912|31938046
q203,dev,v04,vague,rule:oracle,,1,genre,,,0.0,0.0,0.0,0.0,0.0,0.0,,0,,,,1177471|2906349|37373234|5668985|602470506|2759248|602378408|843729|3170749|622912
q203,dev,v04,vague,rule:noisy,,1,genre,,,0.0,0.0,0.0,0.0,0.0,0.0,,0,,,,5668985|602470506|2759248|843729|622912|31938046|602410419|521068|1110715|5639931
q203,dev,v04,vague,rule:skip,,1,genre,,,0.0,0.0,0.0,0.0,0.0,0.0,,0,,,,5668985|1177471|602470506|2906349|2759248|602378408|843729|3170749|622912|31938046
q203,dev,v04,vague,oracle:best,,1,genre,,,0.0,0.0,0.0,0.0,0.0,0.0,,0,,,,5668985|1177471|602470506|2906349|2759248|602378408|843729|3170749|622912|31938046
q203,dev,v04,vague,flow:reject,837567,1,genre,,,0.0,0.0,0.0,0.0,0.0,0.0,,0,,,3,32698101|602410419|521068|1110715|5639931|602378300|1778590|1913501|2549956|1108584
q203,dev,v04,vague,flow:skip,837567,1,genre,,,0.0,0.0,0.0,0.0,0.0,0.0,,0,,,3,32698101|602410419|521068|1110715|5639931|602378300|1778590|1913501|2549956|1108584
q203,dev,v04,vague,flow:oracle,837567,1,genre,,,0.0,0.0,0.0,0.0,0.0,0.0,,0,,,3,31938046|32698101|602410419|521068|1110715|5639931|602378300|1778590|1913501|2549956
q203,dev,v04,vague,flow:noisy,837567,1,genre,,,0.0,0.0,0.0,0.0,0.0,0.0,,0,,,3,602378300|1778590|2549956|1108584|3758104|31304766|490173|30486509|602441427|1667441
q204,dev,v04,vague,initial,,1,,1,1,1.0,1.0,1.0,1.0,1.0,1.0,1,1,,,,3822622|602371531|5629148|5820368|1733348|1724693|2371262|2371261|3573326|3600223
q204,dev,v04,vague,reject_only,,0,,1,1,1.0,1.0,1.0,1.0,1.0,1.0,1,1,,,,3822622|602371531|5629148|5820368|1733348|1724693|2371262|2371261|3573326|3600223
q204,dev,v04,vague,reject_twice,,0,,1,1,1.0,1.0,1.0,1.0,1.0,1.0,1,1,,,,3822622|602371531|5629148|5820368|1733348|1724693|2371262|2371261|3573326|3600223
q204,dev,v04,vague,skip,,0,,1,1,1.0,1.0,1.0,1.0,1.0,1.0,1,1,,,,3822622|602371531|5629148|5820368|1733348|1724693|2371262|2371261|3573326|3600223
q204,dev,v04,vague,oracle:vocal_gender,,0,,1,1,1.0,1.0,1.0,1.0,1.0,1.0,1,1,,,,3822622|602371531|5629148|5820368|1733348|1724693|2371262|2371261|3573326|3600223
q204,dev,v04,vague,oracle:type,,0,,1,1,1.0,1.0,1.0,1.0,1.0,1.0,1,1,,,,3822622|602371531|5629148|5820368|1733348|1724693|2371262|2371261|3573326|3600223
q204,dev,v04,vague,oracle:genre,,0,,1,1,1.0,1.0,1.0,1.0,1.0,1.0,1,1,,,,3822622|602371531|5629148|5820368|1733348|1724693|2371262|2371261|3573326|3600223
q204,dev,v04,vague,oracle:release_era,,0,,1,1,1.0,1.0,1.0,1.0,1.0,1.0,1,1,,,,3822622|602371531|5629148|5820368|1733348|1724693|2371262|2371261|3573326|3600223
q204,dev,v04,vague,noisy:vocal_gender,,0,,1,1,1.0,1.0,1.0,1.0,1.0,1.0,1,1,,,,3822622|602371531|5629148|5820368|1733348|1724693|2371262|2371261|3573326|3600223
q204,dev,v04,vague,noisy:type,,0,,1,1,1.0,1.0,1.0,1.0,1.0,1.0,1,1,,,,3822622|602371531|5629148|5820368|1733348|1724693|2371262|2371261|3573326|3600223
q204,dev,v04,vague,noisy:genre,,0,,1,1,1.0,1.0,1.0,1.0,1.0,1.0,1,1,,,,3822622|602371531|5629148|5820368|1733348|1724693|2371262|2371261|3573326|3600223
q204,dev,v04,vague,noisy:release_era,,0,,1,1,1.0,1.0,1.0,1.0,1.0,1.0,1,1,,,,3822622|602371531|5629148|5820368|1733348|1724693|2371262|2371261|3573326|3600223
q204,dev,v04,vague,rule:oracle,,0,,1,1,1.0,1.0,1.0,1.0,1.0,1.0,1,1,,,,3822622|602371531|5629148|5820368|1733348|1724693|2371262|2371261|3573326|3600223
q204,dev,v04,vague,rule:noisy,,0,,1,1,1.0,1.0,1.0,1.0,1.0,1.0,1,1,,,,3822622|602371531|5629148|5820368|1733348|1724693|2371262|2371261|3573326|3600223
q204,dev,v04,vague,rule:skip,,0,,1,1,1.0,1.0,1.0,1.0,1.0,1.0,1,1,,,,3822622|602371531|5629148|5820368|1733348|1724693|2371262|2371261|3573326|3600223
q204,dev,v04,vague,oracle:best,,0,,1,1,1.0,1.0,1.0,1.0,1.0,1.0,1,1,,,,3822622|602371531|5629148|5820368|1733348|1724693|2371262|2371261|3573326|3600223
q204,dev,v04,vague,flow:reject,,0,,1,1,1.0,1.0,1.0,1.0,1.0,1.0,1,1,1,1,1,3822622|602371531|5629148|5820368|1733348|1724693|2371262|2371261|3573326|3600223
q204,dev,v04,vague,flow:skip,,0,,1,1,1.0,1.0,1.0,1.0,1.0,1.0,1,1,1,1,1,3822622|602371531|5629148|5820368|1733348|1724693|2371262|2371261|3573326|3600223
q204,dev,v04,vague,flow:oracle,,0,,1,1,1.0,1.0,1.0,1.0,1.0,1.0,1,1,1,1,1,3822622|602371531|5629148|5820368|1733348|1724693|2371262|2371261|3573326|3600223
q204,dev,v04,vague,flow:noisy,,0,,1,1,1.0,1.0,1.0,1.0,1.0,1.0,1,1,1,1,1,3822622|602371531|5629148|5820368|1733348|1724693|2371262|2371261|3573326|3600223
q205,dev,v04,vague,initial,,1,vocal_gender,,11,1.0,0.0,0.0,0.0,0.0,0.0,,0,,,,5495296|1417550|602450228|529685|612040|482521|602540121|1099596|621108|1183921
q205,dev,v04,vague,reject_only,,1,vocal_gender,4,4,1.0,0.0,1.0,1.0,0.25,0.430677,4,1,,,,1110715|419762|1739689|30486509|2183418|602410419|3971021|1379738|35890454|602313630
q205,dev,v04,vague,reject_twice,,0,vocal_gender,4,4,1.0,0.0,1.0,1.0,0.25,0.430677,4,1,,,,1110715|419762|1739689|30486509|2183418|602410419|3971021|1379738|35890454|602313630
q205,dev,v04,vague,skip,,1,vocal_gender,4,4,1.0,0.0,1.0,1.0,0.25,0.430677,4,1,,,,1110715|419762|1739689|30486509|2183418|602410419|3971021|1379738|35890454|602313630
q205,dev,v04,vague,oracle:vocal_gender,,1,vocal_gender,4,4,1.0,0.0,1.0,1.0,0.25,0.430677,4,1,,,,1110715|419762|1739689|30486509|2183418|602410419|3971021|1379738|35890454|602313630
q205,dev,v04,vague,oracle:type,,1,vocal_gender,4,4,1.0,0.0,1.0,1.0,0.25,0.430677,4,1,,,,1110715|419762|1739689|30486509|2183418|602410419|3971021|1379738|35890454|602313630
q205,dev,v04,vague,oracle:genre,,1,vocal_gender,4,4,1.0,0.0,1.0,1.0,0.25,0.430677,4,1,,,,1110715|419762|1739689|30486509|2183418|602410419|3971021|1379738|35890454|1563629
q205,dev,v04,vague,oracle:release_era,,1,vocal_gender,1,1,1.0,1.0,1.0,1.0,1.0,1.0,1,1,,,,30486509|3971021|4366156|30757693|31684634|31684636|30519033|30613202|31856628|31927275
q205,dev,v04,vague,noisy:vocal_gender,,1,vocal_gender,7,7,1.0,0.0,0.0,1.0,0.142857,0.333333,7,1,,,,34481680|34481682|4021259|419762|1110715|1739689|30486509|2183418|602410419|3971021
q205,dev,v04,vague,noisy:type,,1,vocal_gender,4,4,1.0,0.0,1.0,1.0,0.25,0.430677,4,1,,,,419762|1110715|1739689|30486509|2183418|602410419|3971021|1379738|35890454|602313630
q205,dev,v04,vague,noisy:genre,,1,vocal_gender,5,5,1.0,0.0,1.0,1.0,0.2,0.386853,5,1,,,,104372|1110715|419762|1739689|30486509|2183418|602410419|3971021|1379738|35890454
q205,dev,v04,vague,noisy:release_era,,1,vocal_gender,9,9,1.0,0.0,0.0,1.0,0.111111,0.30103,9,1,,,,1110715|419762|1739689|1379738|104372|1563629|11172|531594|30486509|2183418
q205,dev,v04,vague,rule:oracle,,1,vocal_gender,4,4,1.0,0.0,1.0,1.0,0.25,0.430677,4,1,,,,1110715|419762|1739689|30486509|2183418|602410419|3971021|1379738|35890454|602313630
q205,dev,v04,vague,rule:noisy,,1,vocal_gender,7,7,1.0,0.0,0.0,1.0,0.142857,0.333333,7,1,,,,34481680|34481682|4021259|419762|1110715|1739689|30486509|2183418|602410419|3971021
q205,dev,v04,vague,rule:skip,,1,vocal_gender,4,4,1.0,0.0,1.0,1.0,0.25,0.430677,4,1,,,,1110715|419762|1739689|30486509|2183418|602410419|3971021|1379738|35890454|602313630
q205,dev,v04,vague,oracle:best,,1,vocal_gender,1,1,1.0,1.0,1.0,1.0,1.0,1.0,1,1,,,,30486509|3971021|4366156|30757693|31684634|31684636|30519033|30613202|31856628|31927275
q205,dev,v04,vague,flow:reject,30486509,1,vocal_gender,4,4,1.0,0.0,1.0,1.0,0.25,0.430677,4,1,2,2,2,1110715|419762|1739689|30486509|2183418|602410419|3971021|1379738|35890454|602313630
q205,dev,v04,vague,flow:skip,30486509,1,vocal_gender,4,4,1.0,0.0,1.0,1.0,0.25,0.430677,4,1,2,2,2,1110715|419762|1739689|30486509|2183418|602410419|3971021|1379738|35890454|602313630
q205,dev,v04,vague,flow:oracle,30486509,1,vocal_gender,4,4,1.0,0.0,1.0,1.0,0.25,0.430677,4,1,2,2,2,1110715|419762|1739689|30486509|2183418|602410419|3971021|1379738|35890454|602313630
q205,dev,v04,vague,flow:noisy,30486509,1,vocal_gender,7,7,1.0,0.0,0.0,1.0,0.142857,0.333333,7,1,2,2,2,34481680|34481682|4021259|419762|1110715|1739689|30486509|2183418|602410419|3971021
q206,dev,v04,vague,initial,,1,,1,1,1.0,1.0,1.0,1.0,1.0,1.0,1,1,,,,31304766|30486509|9642570|32224166|31406357|32034629|1644930|1417550|1099596|1110715
q206,dev,v04,vague,reject_only,,0,,1,1,1.0,1.0,1.0,1.0,1.0,1.0,1,1,,,,31304766|30486509|9642570|32224166|31406357|32034629|1644930|1417550|1099596|1110715
q206,dev,v04,vague,reject_twice,,0,,1,1,1.0,1.0,1.0,1.0,1.0,1.0,1,1,,,,31304766|30486509|9642570|32224166|31406357|32034629|1644930|1417550|1099596|1110715
q206,dev,v04,vague,skip,,0,,1,1,1.0,1.0,1.0,1.0,1.0,1.0,1,1,,,,31304766|30486509|9642570|32224166|31406357|32034629|1644930|1417550|1099596|1110715
q206,dev,v04,vague,oracle:vocal_gender,,0,,1,1,1.0,1.0,1.0,1.0,1.0,1.0,1,1,,,,31304766|30486509|9642570|32224166|31406357|32034629|1644930|1417550|1099596|1110715
q206,dev,v04,vague,oracle:type,,0,,1,1,1.0,1.0,1.0,1.0,1.0,1.0,1,1,,,,31304766|30486509|9642570|32224166|31406357|32034629|1644930|1417550|1099596|1110715
q206,dev,v04,vague,oracle:genre,,0,,1,1,1.0,1.0,1.0,1.0,1.0,1.0,1,1,,,,31304766|30486509|9642570|32224166|31406357|32034629|1644930|1417550|1099596|1110715
q206,dev,v04,vague,oracle:release_era,,0,,1,1,1.0,1.0,1.0,1.0,1.0,1.0,1,1,,,,31304766|30486509|9642570|32224166|31406357|32034629|1644930|1417550|1099596|1110715
q206,dev,v04,vague,noisy:vocal_gender,,0,,1,1,1.0,1.0,1.0,1.0,1.0,1.0,1,1,,,,31304766|30486509|9642570|32224166|31406357|32034629|1644930|1417550|1099596|1110715
q206,dev,v04,vague,noisy:type,,0,,1,1,1.0,1.0,1.0,1.0,1.0,1.0,1,1,,,,31304766|30486509|9642570|32224166|31406357|32034629|1644930|1417550|1099596|1110715
q206,dev,v04,vague,noisy:genre,,0,,1,1,1.0,1.0,1.0,1.0,1.0,1.0,1,1,,,,31304766|30486509|9642570|32224166|31406357|32034629|1644930|1417550|1099596|1110715
q206,dev,v04,vague,noisy:release_era,,0,,1,1,1.0,1.0,1.0,1.0,1.0,1.0,1,1,,,,31304766|30486509|9642570|32224166|31406357|32034629|1644930|1417550|1099596|1110715
q206,dev,v04,vague,rule:oracle,,0,,1,1,1.0,1.0,1.0,1.0,1.0,1.0,1,1,,,,31304766|30486509|9642570|32224166|31406357|32034629|1644930|1417550|1099596|1110715
q206,dev,v04,vague,rule:noisy,,0,,1,1,1.0,1.0,1.0,1.0,1.0,1.0,1,1,,,,31304766|30486509|9642570|32224166|31406357|32034629|1644930|1417550|1099596|1110715
q206,dev,v04,vague,rule:skip,,0,,1,1,1.0,1.0,1.0,1.0,1.0,1.0,1,1,,,,31304766|30486509|9642570|32224166|31406357|32034629|1644930|1417550|1099596|1110715
q206,dev,v04,vague,oracle:best,,0,,1,1,1.0,1.0,1.0,1.0,1.0,1.0,1,1,,,,31304766|30486509|9642570|32224166|31406357|32034629|1644930|1417550|1099596|1110715
q206,dev,v04,vague,flow:reject,,0,,1,1,1.0,1.0,1.0,1.0,1.0,1.0,1,1,1,1,1,31304766|30486509|9642570|32224166|31406357|32034629|1644930|1417550|1099596|1110715
q206,dev,v04,vague,flow:skip,,0,,1,1,1.0,1.0,1.0,1.0,1.0,1.0,1,1,1,1,1,31304766|30486509|9642570|32224166|31406357|32034629|1644930|1417550|1099596|1110715
q206,dev,v04,vague,flow:oracle,,0,,1,1,1.0,1.0,1.0,1.0,1.0,1.0,1,1,1,1,1,31304766|30486509|9642570|32224166|31406357|32034629|1644930|1417550|1099596|1110715
q206,dev,v04,vague,flow:noisy,,0,,1,1,1.0,1.0,1.0,1.0,1.0,1.0,1,1,1,1,1,31304766|30486509|9642570|32224166|31406357|32034629|1644930|1417550|1099596|1110715
q207,dev,v04,vague,initial,,1,,1,1,1.0,1.0,1.0,1.0,1.0,1.0,1,1,,,,3630755|489250|3940533|8184472|1417729|2705410|4433490|33331004|8005879|3884575
q207,dev,v04,vague,reject_only,,0,,1,1,1.0,1.0,1.0,1.0,1.0,1.0,1,1,,,,3630755|489250|3940533|8184472|1417729|2705410|4433490|33331004|8005879|3884575
q207,dev,v04,vague,reject_twice,,0,,1,1,1.0,1.0,1.0,1.0,1.0,1.0,1,1,,,,3630755|489250|3940533|8184472|1417729|2705410|4433490|33331004|8005879|3884575
q207,dev,v04,vague,skip,,0,,1,1,1.0,1.0,1.0,1.0,1.0,1.0,1,1,,,,3630755|489250|3940533|8184472|1417729|2705410|4433490|33331004|8005879|3884575
q207,dev,v04,vague,oracle:vocal_gender,,0,,1,1,1.0,1.0,1.0,1.0,1.0,1.0,1,1,,,,3630755|489250|3940533|8184472|1417729|2705410|4433490|33331004|8005879|3884575
q207,dev,v04,vague,oracle:type,,0,,1,1,1.0,1.0,1.0,1.0,1.0,1.0,1,1,,,,3630755|489250|3940533|8184472|1417729|2705410|4433490|33331004|8005879|3884575
q207,dev,v04,vague,oracle:genre,,0,,1,1,1.0,1.0,1.0,1.0,1.0,1.0,1,1,,,,3630755|489250|3940533|8184472|1417729|2705410|4433490|33331004|8005879|3884575
q207,dev,v04,vague,oracle:release_era,,0,,1,1,1.0,1.0,1.0,1.0,1.0,1.0,1,1,,,,3630755|489250|3940533|8184472|1417729|2705410|4433490|33331004|8005879|3884575
q207,dev,v04,vague,noisy:vocal_gender,,0,,1,1,1.0,1.0,1.0,1.0,1.0,1.0,1,1,,,,3630755|489250|3940533|8184472|1417729|2705410|4433490|33331004|8005879|3884575
q207,dev,v04,vague,noisy:type,,0,,1,1,1.0,1.0,1.0,1.0,1.0,1.0,1,1,,,,3630755|489250|3940533|8184472|1417729|2705410|4433490|33331004|8005879|3884575
q207,dev,v04,vague,noisy:genre,,0,,1,1,1.0,1.0,1.0,1.0,1.0,1.0,1,1,,,,3630755|489250|3940533|8184472|1417729|2705410|4433490|33331004|8005879|3884575
q207,dev,v04,vague,noisy:release_era,,0,,1,1,1.0,1.0,1.0,1.0,1.0,1.0,1,1,,,,3630755|489250|3940533|8184472|1417729|2705410|4433490|33331004|8005879|3884575
q207,dev,v04,vague,rule:oracle,,0,,1,1,1.0,1.0,1.0,1.0,1.0,1.0,1,1,,,,3630755|489250|3940533|8184472|1417729|2705410|4433490|33331004|8005879|3884575
q207,dev,v04,vague,rule:noisy,,0,,1,1,1.0,1.0,1.0,1.0,1.0,1.0,1,1,,,,3630755|489250|3940533|8184472|1417729|2705410|4433490|33331004|8005879|3884575
q207,dev,v04,vague,rule:skip,,0,,1,1,1.0,1.0,1.0,1.0,1.0,1.0,1,1,,,,3630755|489250|3940533|8184472|1417729|2705410|4433490|33331004|8005879|3884575
q207,dev,v04,vague,oracle:best,,0,,1,1,1.0,1.0,1.0,1.0,1.0,1.0,1,1,,,,3630755|489250|3940533|8184472|1417729|2705410|4433490|33331004|8005879|3884575
q207,dev,v04,vague,flow:reject,,0,,1,1,1.0,1.0,1.0,1.0,1.0,1.0,1,1,1,1,1,3630755|489250|3940533|8184472|1417729|2705410|4433490|33331004|8005879|3884575
q207,dev,v04,vague,flow:skip,,0,,1,1,1.0,1.0,1.0,1.0,1.0,1.0,1,1,1,1,1,3630755|489250|3940533|8184472|1417729|2705410|4433490|33331004|8005879|3884575
q207,dev,v04,vague,flow:oracle,,0,,1,1,1.0,1.0,1.0,1.0,1.0,1.0,1,1,1,1,1,3630755|489250|3940533|8184472|1417729|2705410|4433490|33331004|8005879|3884575
q207,dev,v04,vague,flow:noisy,,0,,1,1,1.0,1.0,1.0,1.0,1.0,1.0,1,1,1,1,1,3630755|489250|3940533|8184472|1417729|2705410|4433490|33331004|8005879|3884575
q208,dev,v04,vague,initial,,1,vocal_gender,,,0.0,0.0,0.0,0.0,0.0,0.0,,0,,,,482652|482653|2903041|3174148|111413|1727368|602376988|33691794|602463022|851423
q208,dev,v04,vague,reject_only,,1,vocal_gender,1,1,1.0,1.0,1.0,1.0,1.0,1.0,1,1,,,,2063248|602461695|32698101|37023625|33260801|1951550|602452568|665221|4300699|34431086
q208,dev,v04,vague,reject_twice,,0,vocal_gender,1,1,1.0,1.0,1.0,1.0,1.0,1.0,1,1,,,,2063248|602461695|32698101|37023625|33260801|1951550|602452568|665221|4300699|34431086
q208,dev,v04,vague,skip,,1,vocal_gender,1,1,1.0,1.0,1.0,1.0,1.0,1.0,1,1,,,,2063248|602461695|32698101|37023625|33260801|1951550|602452568|665221|4300699|34431086
q208,dev,v04,vague,oracle:vocal_gender,,1,vocal_gender,1,1,1.0,1.0,1.0,1.0,1.0,1.0,1,1,,,,2063248|602461695|32698101|37023625|33260801|1951550|602452568|665221|4300699|34431086
q208,dev,v04,vague,oracle:type,,1,vocal_gender,1,1,1.0,1.0,1.0,1.0,1.0,1.0,1,1,,,,2063248|602461695|32698101|37023625|33260801|602452568|665221|4300699|34431086|37069064
q208,dev,v04,vague,oracle:genre,,1,vocal_gender,1,1,1.0,1.0,1.0,1.0,1.0,1.0,1,1,,,,2063248|665221|926191|602479419|602461695|32698101|37023625|33260801|1951550|602452568
q208,dev,v04,vague,oracle:release_era,,1,vocal_gender,1,1,1.0,1.0,1.0,1.0,1.0,1.0,1,1,,,,2063248|1951550|665221|926191|503339|489210|1857969|1756967|602461695|32698101
q208,dev,v04,vague,noisy:vocal_gender,,1,vocal_gender,,11,1.0,0.0,0.0,0.0,0.0,0.0,,0,,,,32473998|34632789|1756967|34599917|602391253|36440243|4645220|602552833|35920493|602388655
q208,dev,v04,vague,noisy:type,,1,vocal_gender,4,5,1.0,0.0,1.0,1.0,0.25,0.430677,4,1,,,,1951550|926191|7985298|2063248|1756967|602461695|32698101|37023625|33260801|602452568
q208,dev,v04,vague,noisy:genre,,1,vocal_gender,2,3,1.0,0.0,1.0,1.0,0.5,0.63093,2,1,,,,32698101|2063248|1857969|602461695|37023625|33260801|1951550|602452568|665221|4300699
q208,dev,v04,vague,noisy:release_era,,1,vocal_gender,1,1,1.0,1.0,1.0,1.0,1.0,1.0,1,1,,,,2063248|602461695|32698101|37023625|33260801|1951550|602452568|665221|4300699|34431086
q208,dev,v04,vague,rule:oracle,,1,vocal_gender,1,1,1.0,1.0,1.0,1.0,1.0,1.0,1,1,,,,2063248|602461695|32698101|37023625|33260801|1951550|602452568|665221|4300699|34431086
q208,dev,v04,vague,rule:noisy,,1,vocal_gender,,11,1.0,0.0,0.0,0.0,0.0,0.0,,0,,,,32473998|34632789|1756967|34599917|602391253|36440243|4645220|602552833|35920493|602388655
q208,dev,v04,vague,rule:skip,,1,vocal_gender,1,1,1.0,1.0,1.0,1.0,1.0,1.0,1,1,,,,2063248|602461695|32698101|37023625|33260801|1951550|602452568|665221|4300699|34431086
q208,dev,v04,vague,oracle:best,,1,vocal_gender,1,1,1.0,1.0,1.0,1.0,1.0,1.0,1,1,,,,2063248|602461695|32698101|37023625|33260801|1951550|602452568|665221|4300699|34431086
q208,dev,v04,vague,flow:reject,2063248,1,vocal_gender,1,1,1.0,1.0,1.0,1.0,1.0,1.0,1,1,2,2,2,2063248|602461695|32698101|37023625|33260801|1951550|602452568|665221|4300699|34431086
q208,dev,v04,vague,flow:skip,2063248,1,vocal_gender,1,1,1.0,1.0,1.0,1.0,1.0,1.0,1,1,2,2,2,2063248|602461695|32698101|37023625|33260801|1951550|602452568|665221|4300699|34431086
q208,dev,v04,vague,flow:oracle,2063248,1,vocal_gender,1,1,1.0,1.0,1.0,1.0,1.0,1.0,1,1,2,2,2,2063248|602461695|32698101|37023625|33260801|1951550|602452568|665221|4300699|34431086
q208,dev,v04,vague,flow:noisy,2063248,1,vocal_gender,3,3,1.0,0.0,1.0,1.0,0.333333,0.5,3,1,3,3,3,32698101|1857969|2063248|602014|3681993|602492500|602461695|37023625|33260801|1951550
q209,dev,v04,vague,initial,,1,,1,1,1.0,1.0,1.0,1.0,1.0,1.0,1,1,,,,30177818|8089568|602508850|4262073|4375626|4544242|33503722|8053157|4268435|30190630
q209,dev,v04,vague,reject_only,,0,,1,1,1.0,1.0,1.0,1.0,1.0,1.0,1,1,,,,30177818|8089568|602508850|4262073|4375626|4544242|33503722|8053157|4268435|30190630
q209,dev,v04,vague,reject_twice,,0,,1,1,1.0,1.0,1.0,1.0,1.0,1.0,1,1,,,,30177818|8089568|602508850|4262073|4375626|4544242|33503722|8053157|4268435|30190630
q209,dev,v04,vague,skip,,0,,1,1,1.0,1.0,1.0,1.0,1.0,1.0,1,1,,,,30177818|8089568|602508850|4262073|4375626|4544242|33503722|8053157|4268435|30190630
q209,dev,v04,vague,oracle:vocal_gender,,0,,1,1,1.0,1.0,1.0,1.0,1.0,1.0,1,1,,,,30177818|8089568|602508850|4262073|4375626|4544242|33503722|8053157|4268435|30190630
q209,dev,v04,vague,oracle:type,,0,,1,1,1.0,1.0,1.0,1.0,1.0,1.0,1,1,,,,30177818|8089568|602508850|4262073|4375626|4544242|33503722|8053157|4268435|30190630
q209,dev,v04,vague,oracle:genre,,0,,1,1,1.0,1.0,1.0,1.0,1.0,1.0,1,1,,,,30177818|8089568|602508850|4262073|4375626|4544242|33503722|8053157|4268435|30190630
q209,dev,v04,vague,oracle:release_era,,0,,1,1,1.0,1.0,1.0,1.0,1.0,1.0,1,1,,,,30177818|8089568|602508850|4262073|4375626|4544242|33503722|8053157|4268435|30190630
q209,dev,v04,vague,noisy:vocal_gender,,0,,1,1,1.0,1.0,1.0,1.0,1.0,1.0,1,1,,,,30177818|8089568|602508850|4262073|4375626|4544242|33503722|8053157|4268435|30190630
q209,dev,v04,vague,noisy:type,,0,,1,1,1.0,1.0,1.0,1.0,1.0,1.0,1,1,,,,30177818|8089568|602508850|4262073|4375626|4544242|33503722|8053157|4268435|30190630
q209,dev,v04,vague,noisy:genre,,0,,1,1,1.0,1.0,1.0,1.0,1.0,1.0,1,1,,,,30177818|8089568|602508850|4262073|4375626|4544242|33503722|8053157|4268435|30190630
q209,dev,v04,vague,noisy:release_era,,0,,1,1,1.0,1.0,1.0,1.0,1.0,1.0,1,1,,,,30177818|8089568|602508850|4262073|4375626|4544242|33503722|8053157|4268435|30190630
q209,dev,v04,vague,rule:oracle,,0,,1,1,1.0,1.0,1.0,1.0,1.0,1.0,1,1,,,,30177818|8089568|602508850|4262073|4375626|4544242|33503722|8053157|4268435|30190630
q209,dev,v04,vague,rule:noisy,,0,,1,1,1.0,1.0,1.0,1.0,1.0,1.0,1,1,,,,30177818|8089568|602508850|4262073|4375626|4544242|33503722|8053157|4268435|30190630
q209,dev,v04,vague,rule:skip,,0,,1,1,1.0,1.0,1.0,1.0,1.0,1.0,1,1,,,,30177818|8089568|602508850|4262073|4375626|4544242|33503722|8053157|4268435|30190630
q209,dev,v04,vague,oracle:best,,0,,1,1,1.0,1.0,1.0,1.0,1.0,1.0,1,1,,,,30177818|8089568|602508850|4262073|4375626|4544242|33503722|8053157|4268435|30190630
q209,dev,v04,vague,flow:reject,,0,,1,1,1.0,1.0,1.0,1.0,1.0,1.0,1,1,1,1,1,30177818|8089568|602508850|4262073|4375626|4544242|33503722|8053157|4268435|30190630
q209,dev,v04,vague,flow:skip,,0,,1,1,1.0,1.0,1.0,1.0,1.0,1.0,1,1,1,1,1,30177818|8089568|602508850|4262073|4375626|4544242|33503722|8053157|4268435|30190630
q209,dev,v04,vague,flow:oracle,,0,,1,1,1.0,1.0,1.0,1.0,1.0,1.0,1,1,1,1,1,30177818|8089568|602508850|4262073|4375626|4544242|33503722|8053157|4268435|30190630
q209,dev,v04,vague,flow:noisy,,0,,1,1,1.0,1.0,1.0,1.0,1.0,1.0,1,1,1,1,1,30177818|8089568|602508850|4262073|4375626|4544242|33503722|8053157|4268435|30190630
q210,dev,v04,vague,initial,,1,vocal_gender,,,0.0,0.0,0.0,0.0,0.0,0.0,,0,,,,711628|441007|519558|1913503|1875215|5760115|31009483|2648642|602399233|1141600
q210,dev,v04,vague,reject_only,,1,vocal_gender,1,5,1.0,1.0,1.0,1.0,1.0,1.0,1,1,,,,3397448|5684826|33510307|667166|3685853|1556547|971439|1068643|602496852|1379738
q210,dev,v04,vague,reject_twice,,0,vocal_gender,1,5,1.0,1.0,1.0,1.0,1.0,1.0,1,1,,,,3397448|5684826|33510307|667166|3685853|1556547|971439|1068643|602496852|1379738
q210,dev,v04,vague,skip,,1,vocal_gender,1,5,1.0,1.0,1.0,1.0,1.0,1.0,1,1,,,,3397448|5684826|33510307|667166|3685853|1556547|971439|1068643|602496852|1379738
q210,dev,v04,vague,oracle:vocal_gender,,1,vocal_gender,1,5,1.0,1.0,1.0,1.0,1.0,1.0,1,1,,,,3397448|5684826|33510307|667166|3685853|1556547|1068643|602496852|1379738|3485088
q210,dev,v04,vague,oracle:type,,1,vocal_gender,1,5,1.0,1.0,1.0,1.0,1.0,1.0,1,1,,,,3397448|5684826|33510307|667166|3685853|1556547|971439|1556553|8236055|105639
q210,dev,v04,vague,oracle:genre,,1,vocal_gender,1,2,1.0,1.0,1.0,1.0,1.0,1.0,1,1,,,,3397448|667166|1379738|3485088|529685|1657448|5684826|33510307|3685853|1556547
q210,dev,v04,vague,oracle:release_era,,1,vocal_gender,1,3,1.0,1.0,1.0,1.0,1.0,1.0,1,1,,,,3397448|5684826|3685853|3485088|30227061|8235260|30492279|4038121|8236055|4230002
q210,dev,v04,vague,noisy:vocal_gender,,1,vocal_gender,,12,1.0,0.0,0.0,0.0,0.0,0.0,,0,,,,8236055|105639|602341184|4230002|4138608|1115206|602462884|5684826|33510307|667166
q210,dev,v04,vague,noisy:type,,1,vocal_gender,,16,1.0,0.0,0.0,0.0,0.0,0.0,,0,,,,602496852|1379738|529685|30227061|431614|2019681|8235260|30492279|4038121|36351997
q210,dev,v04,vague,noisy:genre,,1,vocal_gender,,11,1.0,0.0,0.0,0.0,0.0,0.0,,0,,,,33510307|3685853|431614|8236055|105639|602341184|4230002|4138608|5684826|667166
q210,dev,v04,vague,noisy:release_era,,1,vocal_gender,,18,1.0,0.0,0.0,0.0,0.0,0.0,,0,,,,667166|1556547|971439|1068643|1379738|529685|431614|1177475|1649190|2019681
q210,dev,v04,vague,rule:oracle,,1,vocal_gender,1,5,1.0,1.0,1.0,1.0,1.0,1.0,1,1,,,,3397448|5684826|33510307|667166|3685853|1556547|1068643|602496852|1379738|3485088
q210,dev,v04,vague,rule:noisy,,1,vocal_gender,,12,1.0,0.0,0.0,0.0,0.0,0.0,,0,,,,8236055|105639|602341184|4230002|4138608|1115206|602462884|5684826|33510307|667166
q210,dev,v04,vague,rule:skip,,1,vocal_gender,1,5,1.0,1.0,1.0,1.0,1.0,1.0,1,1,,,,3397448|5684826|33510307|667166|3685853|1556547|971439|1068643|602496852|1379738
q210,dev,v04,vague,oracle:best,,1,vocal_gender,1,5,1.0,1.0,1.0,1.0,1.0,1.0,1,1,,,,3397448|5684826|33510307|667166|3685853|1556547|1068643|602496852|1379738|3485088
q210,dev,v04,vague,flow:reject,3397448,1,vocal_gender,1,5,1.0,1.0,1.0,1.0,1.0,1.0,1,1,2,2,2,3397448|5684826|33510307|667166|3685853|1556547|971439|1068643|602496852|1379738
q210,dev,v04,vague,flow:skip,3397448,1,vocal_gender,1,5,1.0,1.0,1.0,1.0,1.0,1.0,1,1,2,2,2,3397448|5684826|33510307|667166|3685853|1556547|971439|1068643|602496852|1379738
q210,dev,v04,vague,flow:oracle,3397448,1,vocal_gender,1,5,1.0,1.0,1.0,1.0,1.0,1.0,1,1,2,2,2,3397448|5684826|33510307|667166|3685853|1556547|1068643|602496852|1379738|3485088
q210,dev,v04,vague,flow:noisy,3397448,1,vocal_gender,9,9,1.0,0.0,0.0,1.0,0.111111,0.30103,9,1,3,3,3,4383773|30069773|1879332|3685853|4806688|431614|602437636|4714217|3397448|1556547
q211,dev,v04,vague,initial,,1,,4,4,1.0,0.0,1.0,1.0,0.25,0.430677,4,1,,,,602540011|7148|30613202|30079086|3904614|1807098|3488849|420520|4711007|2534748
q211,dev,v04,vague,reject_only,,0,,4,4,1.0,0.0,1.0,1.0,0.25,0.430677,4,1,,,,602540011|7148|30613202|30079086|3904614|1807098|3488849|420520|4711007|2534748
q211,dev,v04,vague,reject_twice,,0,,4,4,1.0,0.0,1.0,1.0,0.25,0.430677,4,1,,,,602540011|7148|30613202|30079086|3904614|1807098|3488849|420520|4711007|2534748
q211,dev,v04,vague,skip,,0,,4,4,1.0,0.0,1.0,1.0,0.25,0.430677,4,1,,,,602540011|7148|30613202|30079086|3904614|1807098|3488849|420520|4711007|2534748
q211,dev,v04,vague,oracle:vocal_gender,,0,,4,4,1.0,0.0,1.0,1.0,0.25,0.430677,4,1,,,,602540011|7148|30613202|30079086|3904614|1807098|3488849|420520|4711007|2534748
q211,dev,v04,vague,oracle:type,,0,,4,4,1.0,0.0,1.0,1.0,0.25,0.430677,4,1,,,,602540011|7148|30613202|30079086|3904614|1807098|3488849|420520|4711007|2534748
q211,dev,v04,vague,oracle:genre,,0,,4,4,1.0,0.0,1.0,1.0,0.25,0.430677,4,1,,,,602540011|7148|30613202|30079086|3904614|1807098|3488849|420520|4711007|2534748
q211,dev,v04,vague,oracle:release_era,,0,,4,4,1.0,0.0,1.0,1.0,0.25,0.430677,4,1,,,,602540011|7148|30613202|30079086|3904614|1807098|3488849|420520|4711007|2534748
q211,dev,v04,vague,noisy:vocal_gender,,0,,4,4,1.0,0.0,1.0,1.0,0.25,0.430677,4,1,,,,602540011|7148|30613202|30079086|3904614|1807098|3488849|420520|4711007|2534748
q211,dev,v04,vague,noisy:type,,0,,4,4,1.0,0.0,1.0,1.0,0.25,0.430677,4,1,,,,602540011|7148|30613202|30079086|3904614|1807098|3488849|420520|4711007|2534748
q211,dev,v04,vague,noisy:genre,,0,,4,4,1.0,0.0,1.0,1.0,0.25,0.430677,4,1,,,,602540011|7148|30613202|30079086|3904614|1807098|3488849|420520|4711007|2534748
q211,dev,v04,vague,noisy:release_era,,0,,4,4,1.0,0.0,1.0,1.0,0.25,0.430677,4,1,,,,602540011|7148|30613202|30079086|3904614|1807098|3488849|420520|4711007|2534748
q211,dev,v04,vague,rule:oracle,,0,,4,4,1.0,0.0,1.0,1.0,0.25,0.430677,4,1,,,,602540011|7148|30613202|30079086|3904614|1807098|3488849|420520|4711007|2534748
q211,dev,v04,vague,rule:noisy,,0,,4,4,1.0,0.0,1.0,1.0,0.25,0.430677,4,1,,,,602540011|7148|30613202|30079086|3904614|1807098|3488849|420520|4711007|2534748
q211,dev,v04,vague,rule:skip,,0,,4,4,1.0,0.0,1.0,1.0,0.25,0.430677,4,1,,,,602540011|7148|30613202|30079086|3904614|1807098|3488849|420520|4711007|2534748
q211,dev,v04,vague,oracle:best,,0,,4,4,1.0,0.0,1.0,1.0,0.25,0.430677,4,1,,,,602540011|7148|30613202|30079086|3904614|1807098|3488849|420520|4711007|2534748
q211,dev,v04,vague,flow:reject,,0,,4,4,1.0,0.0,1.0,1.0,0.25,0.430677,4,1,1,1,1,602540011|7148|30613202|30079086|3904614|1807098|3488849|420520|4711007|2534748
q211,dev,v04,vague,flow:skip,,0,,4,4,1.0,0.0,1.0,1.0,0.25,0.430677,4,1,1,1,1,602540011|7148|30613202|30079086|3904614|1807098|3488849|420520|4711007|2534748
q211,dev,v04,vague,flow:oracle,,0,,4,4,1.0,0.0,1.0,1.0,0.25,0.430677,4,1,1,1,1,602540011|7148|30613202|30079086|3904614|1807098|3488849|420520|4711007|2534748
q211,dev,v04,vague,flow:noisy,,0,,4,4,1.0,0.0,1.0,1.0,0.25,0.430677,4,1,1,1,1,602540011|7148|30613202|30079086|3904614|1807098|3488849|420520|4711007|2534748
q213,dev,v04,vague,initial,,1,,1,1,1.0,1.0,1.0,1.0,1.0,1.0,1,1,,,,530043|32698101|600630|1110715|452849|36334401|30884950|4027904|3106066|32034629
q213,dev,v04,vague,reject_only,,0,,1,1,1.0,1.0,1.0,1.0,1.0,1.0,1,1,,,,530043|32698101|600630|1110715|452849|36334401|30884950|4027904|3106066|32034629
q213,dev,v04,vague,reject_twice,,0,,1,1,1.0,1.0,1.0,1.0,1.0,1.0,1,1,,,,530043|32698101|600630|1110715|452849|36334401|30884950|4027904|3106066|32034629
q213,dev,v04,vague,skip,,0,,1,1,1.0,1.0,1.0,1.0,1.0,1.0,1,1,,,,530043|32698101|600630|1110715|452849|36334401|30884950|4027904|3106066|32034629
q213,dev,v04,vague,oracle:vocal_gender,,0,,1,1,1.0,1.0,1.0,1.0,1.0,1.0,1,1,,,,530043|32698101|600630|1110715|452849|36334401|30884950|4027904|3106066|32034629
q213,dev,v04,vague,oracle:type,,0,,1,1,1.0,1.0,1.0,1.0,1.0,1.0,1,1,,,,530043|32698101|600630|1110715|452849|36334401|30884950|4027904|3106066|32034629
q213,dev,v04,vague,oracle:genre,,0,,1,1,1.0,1.0,1.0,1.0,1.0,1.0,1,1,,,,530043|32698101|600630|1110715|452849|36334401|30884950|4027904|3106066|32034629
q213,dev,v04,vague,oracle:release_era,,0,,1,1,1.0,1.0,1.0,1.0,1.0,1.0,1,1,,,,530043|32698101|600630|1110715|452849|36334401|30884950|4027904|3106066|32034629
q213,dev,v04,vague,noisy:vocal_gender,,0,,1,1,1.0,1.0,1.0,1.0,1.0,1.0,1,1,,,,530043|32698101|600630|1110715|452849|36334401|30884950|4027904|3106066|32034629
q213,dev,v04,vague,noisy:type,,0,,1,1,1.0,1.0,1.0,1.0,1.0,1.0,1,1,,,,530043|32698101|600630|1110715|452849|36334401|30884950|4027904|3106066|32034629
q213,dev,v04,vague,noisy:genre,,0,,1,1,1.0,1.0,1.0,1.0,1.0,1.0,1,1,,,,530043|32698101|600630|1110715|452849|36334401|30884950|4027904|3106066|32034629
q213,dev,v04,vague,noisy:release_era,,0,,1,1,1.0,1.0,1.0,1.0,1.0,1.0,1,1,,,,530043|32698101|600630|1110715|452849|36334401|30884950|4027904|3106066|32034629
q213,dev,v04,vague,rule:oracle,,0,,1,1,1.0,1.0,1.0,1.0,1.0,1.0,1,1,,,,530043|32698101|600630|1110715|452849|36334401|30884950|4027904|3106066|32034629
q213,dev,v04,vague,rule:noisy,,0,,1,1,1.0,1.0,1.0,1.0,1.0,1.0,1,1,,,,530043|32698101|600630|1110715|452849|36334401|30884950|4027904|3106066|32034629
q213,dev,v04,vague,rule:skip,,0,,1,1,1.0,1.0,1.0,1.0,1.0,1.0,1,1,,,,530043|32698101|600630|1110715|452849|36334401|30884950|4027904|3106066|32034629
q213,dev,v04,vague,oracle:best,,0,,1,1,1.0,1.0,1.0,1.0,1.0,1.0,1,1,,,,530043|32698101|600630|1110715|452849|36334401|30884950|4027904|3106066|32034629
q213,dev,v04,vague,flow:reject,,0,,1,1,1.0,1.0,1.0,1.0,1.0,1.0,1,1,1,1,1,530043|32698101|600630|1110715|452849|36334401|30884950|4027904|3106066|32034629
q213,dev,v04,vague,flow:skip,,0,,1,1,1.0,1.0,1.0,1.0,1.0,1.0,1,1,1,1,1,530043|32698101|600630|1110715|452849|36334401|30884950|4027904|3106066|32034629
q213,dev,v04,vague,flow:oracle,,0,,1,1,1.0,1.0,1.0,1.0,1.0,1.0,1,1,1,1,1,530043|32698101|600630|1110715|452849|36334401|30884950|4027904|3106066|32034629
q213,dev,v04,vague,flow:noisy,,0,,1,1,1.0,1.0,1.0,1.0,1.0,1.0,1,1,1,1,1,530043|32698101|600630|1110715|452849|36334401|30884950|4027904|3106066|32034629
q215,dev,v04,vague,initial,,1,,1,5,1.0,1.0,1.0,1.0,1.0,1.0,1,1,,,,3922071|3436083|33448767|602418400|3905489|1004166|3397448|500797|602462120|837567
q215,dev,v04,vague,reject_only,,0,,1,5,1.0,1.0,1.0,1.0,1.0,1.0,1,1,,,,3922071|3436083|33448767|602418400|3905489|1004166|3397448|500797|602462120|837567
q215,dev,v04,vague,reject_twice,,0,,1,5,1.0,1.0,1.0,1.0,1.0,1.0,1,1,,,,3922071|3436083|33448767|602418400|3905489|1004166|3397448|500797|602462120|837567
q215,dev,v04,vague,skip,,0,,1,5,1.0,1.0,1.0,1.0,1.0,1.0,1,1,,,,3922071|3436083|33448767|602418400|3905489|1004166|3397448|500797|602462120|837567
q215,dev,v04,vague,oracle:vocal_gender,,0,,1,5,1.0,1.0,1.0,1.0,1.0,1.0,1,1,,,,3922071|3436083|33448767|602418400|3905489|1004166|3397448|500797|602462120|837567
q215,dev,v04,vague,oracle:type,,0,,1,5,1.0,1.0,1.0,1.0,1.0,1.0,1,1,,,,3922071|3436083|33448767|602418400|3905489|1004166|3397448|500797|602462120|837567
q215,dev,v04,vague,oracle:genre,,0,,1,5,1.0,1.0,1.0,1.0,1.0,1.0,1,1,,,,3922071|3436083|33448767|602418400|3905489|1004166|3397448|500797|602462120|837567
q215,dev,v04,vague,oracle:release_era,,0,,1,5,1.0,1.0,1.0,1.0,1.0,1.0,1,1,,,,3922071|3436083|33448767|602418400|3905489|1004166|3397448|500797|602462120|837567
q215,dev,v04,vague,noisy:vocal_gender,,0,,1,5,1.0,1.0,1.0,1.0,1.0,1.0,1,1,,,,3922071|3436083|33448767|602418400|3905489|1004166|3397448|500797|602462120|837567
q215,dev,v04,vague,noisy:type,,0,,1,5,1.0,1.0,1.0,1.0,1.0,1.0,1,1,,,,3922071|3436083|33448767|602418400|3905489|1004166|3397448|500797|602462120|837567
q215,dev,v04,vague,noisy:genre,,0,,1,5,1.0,1.0,1.0,1.0,1.0,1.0,1,1,,,,3922071|3436083|33448767|602418400|3905489|1004166|3397448|500797|602462120|837567
q215,dev,v04,vague,noisy:release_era,,0,,1,5,1.0,1.0,1.0,1.0,1.0,1.0,1,1,,,,3922071|3436083|33448767|602418400|3905489|1004166|3397448|500797|602462120|837567
q215,dev,v04,vague,rule:oracle,,0,,1,5,1.0,1.0,1.0,1.0,1.0,1.0,1,1,,,,3922071|3436083|33448767|602418400|3905489|1004166|3397448|500797|602462120|837567
q215,dev,v04,vague,rule:noisy,,0,,1,5,1.0,1.0,1.0,1.0,1.0,1.0,1,1,,,,3922071|3436083|33448767|602418400|3905489|1004166|3397448|500797|602462120|837567
q215,dev,v04,vague,rule:skip,,0,,1,5,1.0,1.0,1.0,1.0,1.0,1.0,1,1,,,,3922071|3436083|33448767|602418400|3905489|1004166|3397448|500797|602462120|837567
q215,dev,v04,vague,oracle:best,,0,,1,5,1.0,1.0,1.0,1.0,1.0,1.0,1,1,,,,3922071|3436083|33448767|602418400|3905489|1004166|3397448|500797|602462120|837567
q215,dev,v04,vague,flow:reject,,0,,1,5,1.0,1.0,1.0,1.0,1.0,1.0,1,1,1,1,1,3922071|3436083|33448767|602418400|3905489|1004166|3397448|500797|602462120|837567
q215,dev,v04,vague,flow:skip,,0,,1,5,1.0,1.0,1.0,1.0,1.0,1.0,1,1,1,1,1,3922071|3436083|33448767|602418400|3905489|1004166|3397448|500797|602462120|837567
q215,dev,v04,vague,flow:oracle,,0,,1,5,1.0,1.0,1.0,1.0,1.0,1.0,1,1,1,1,1,3922071|3436083|33448767|602418400|3905489|1004166|3397448|500797|602462120|837567
q215,dev,v04,vague,flow:noisy,,0,,1,5,1.0,1.0,1.0,1.0,1.0,1.0,1,1,1,1,1,3922071|3436083|33448767|602418400|3905489|1004166|3397448|500797|602462120|837567
q218,dev,v04,vague,initial,,1,,3,3,1.0,0.0,1.0,1.0,0.333333,0.5,3,1,,,,2566853|476529|732519|1627770|32616054|91322|2255158|531748|732514|732512
q218,dev,v04,vague,reject_only,,0,,3,3,1.0,0.0,1.0,1.0,0.333333,0.5,3,1,,,,2566853|476529|732519|1627770|32616054|91322|2255158|531748|732514|732512
q218,dev,v04,vague,reject_twice,,0,,3,3,1.0,0.0,1.0,1.0,0.333333,0.5,3,1,,,,2566853|476529|732519|1627770|32616054|91322|2255158|531748|732514|732512
q218,dev,v04,vague,skip,,0,,3,3,1.0,0.0,1.0,1.0,0.333333,0.5,3,1,,,,2566853|476529|732519|1627770|32616054|91322|2255158|531748|732514|732512
q218,dev,v04,vague,oracle:vocal_gender,,0,,3,3,1.0,0.0,1.0,1.0,0.333333,0.5,3,1,,,,2566853|476529|732519|1627770|32616054|91322|2255158|531748|732514|732512
q218,dev,v04,vague,oracle:type,,0,,3,3,1.0,0.0,1.0,1.0,0.333333,0.5,3,1,,,,2566853|476529|732519|1627770|32616054|91322|2255158|531748|732514|732512
q218,dev,v04,vague,oracle:genre,,0,,3,3,1.0,0.0,1.0,1.0,0.333333,0.5,3,1,,,,2566853|476529|732519|1627770|32616054|91322|2255158|531748|732514|732512
q218,dev,v04,vague,oracle:release_era,,0,,3,3,1.0,0.0,1.0,1.0,0.333333,0.5,3,1,,,,2566853|476529|732519|1627770|32616054|91322|2255158|531748|732514|732512
q218,dev,v04,vague,noisy:vocal_gender,,0,,3,3,1.0,0.0,1.0,1.0,0.333333,0.5,3,1,,,,2566853|476529|732519|1627770|32616054|91322|2255158|531748|732514|732512
q218,dev,v04,vague,noisy:type,,0,,3,3,1.0,0.0,1.0,1.0,0.333333,0.5,3,1,,,,2566853|476529|732519|1627770|32616054|91322|2255158|531748|732514|732512
q218,dev,v04,vague,noisy:genre,,0,,3,3,1.0,0.0,1.0,1.0,0.333333,0.5,3,1,,,,2566853|476529|732519|1627770|32616054|91322|2255158|531748|732514|732512
q218,dev,v04,vague,noisy:release_era,,0,,3,3,1.0,0.0,1.0,1.0,0.333333,0.5,3,1,,,,2566853|476529|732519|1627770|32616054|91322|2255158|531748|732514|732512
q218,dev,v04,vague,rule:oracle,,0,,3,3,1.0,0.0,1.0,1.0,0.333333,0.5,3,1,,,,2566853|476529|732519|1627770|32616054|91322|2255158|531748|732514|732512
q218,dev,v04,vague,rule:noisy,,0,,3,3,1.0,0.0,1.0,1.0,0.333333,0.5,3,1,,,,2566853|476529|732519|1627770|32616054|91322|2255158|531748|732514|732512
q218,dev,v04,vague,rule:skip,,0,,3,3,1.0,0.0,1.0,1.0,0.333333,0.5,3,1,,,,2566853|476529|732519|1627770|32616054|91322|2255158|531748|732514|732512
q218,dev,v04,vague,oracle:best,,0,,3,3,1.0,0.0,1.0,1.0,0.333333,0.5,3,1,,,,2566853|476529|732519|1627770|32616054|91322|2255158|531748|732514|732512
q218,dev,v04,vague,flow:reject,,0,,3,3,1.0,0.0,1.0,1.0,0.333333,0.5,3,1,1,1,1,2566853|476529|732519|1627770|32616054|91322|2255158|531748|732514|732512
q218,dev,v04,vague,flow:skip,,0,,3,3,1.0,0.0,1.0,1.0,0.333333,0.5,3,1,1,1,1,2566853|476529|732519|1627770|32616054|91322|2255158|531748|732514|732512
q218,dev,v04,vague,flow:oracle,,0,,3,3,1.0,0.0,1.0,1.0,0.333333,0.5,3,1,1,1,1,2566853|476529|732519|1627770|32616054|91322|2255158|531748|732514|732512
q218,dev,v04,vague,flow:noisy,,0,,3,3,1.0,0.0,1.0,1.0,0.333333,0.5,3,1,1,1,1,2566853|476529|732519|1627770|32616054|91322|2255158|531748|732514|732512
q219,dev,v04,vague,initial,,1,,1,1,1.0,1.0,1.0,1.0,1.0,1.0,1,1,,,,2733249|602539184|2017265|3110565|602196322|8184472|37657039|2134448|5442688|4660909
q219,dev,v04,vague,reject_only,,0,,1,1,1.0,1.0,1.0,1.0,1.0,1.0,1,1,,,,2733249|602539184|2017265|3110565|602196322|8184472|37657039|2134448|5442688|4660909
q219,dev,v04,vague,reject_twice,,0,,1,1,1.0,1.0,1.0,1.0,1.0,1.0,1,1,,,,2733249|602539184|2017265|3110565|602196322|8184472|37657039|2134448|5442688|4660909
q219,dev,v04,vague,skip,,0,,1,1,1.0,1.0,1.0,1.0,1.0,1.0,1,1,,,,2733249|602539184|2017265|3110565|602196322|8184472|37657039|2134448|5442688|4660909
q219,dev,v04,vague,oracle:vocal_gender,,0,,1,1,1.0,1.0,1.0,1.0,1.0,1.0,1,1,,,,2733249|602539184|2017265|3110565|602196322|8184472|37657039|2134448|5442688|4660909
q219,dev,v04,vague,oracle:type,,0,,1,1,1.0,1.0,1.0,1.0,1.0,1.0,1,1,,,,2733249|602539184|2017265|3110565|602196322|8184472|37657039|2134448|5442688|4660909
q219,dev,v04,vague,oracle:genre,,0,,1,1,1.0,1.0,1.0,1.0,1.0,1.0,1,1,,,,2733249|602539184|2017265|3110565|602196322|8184472|37657039|2134448|5442688|4660909
q219,dev,v04,vague,oracle:release_era,,0,,1,1,1.0,1.0,1.0,1.0,1.0,1.0,1,1,,,,2733249|602539184|2017265|3110565|602196322|8184472|37657039|2134448|5442688|4660909
q219,dev,v04,vague,noisy:vocal_gender,,0,,1,1,1.0,1.0,1.0,1.0,1.0,1.0,1,1,,,,2733249|602539184|2017265|3110565|602196322|8184472|37657039|2134448|5442688|4660909
q219,dev,v04,vague,noisy:type,,0,,1,1,1.0,1.0,1.0,1.0,1.0,1.0,1,1,,,,2733249|602539184|2017265|3110565|602196322|8184472|37657039|2134448|5442688|4660909
q219,dev,v04,vague,noisy:genre,,0,,1,1,1.0,1.0,1.0,1.0,1.0,1.0,1,1,,,,2733249|602539184|2017265|3110565|602196322|8184472|37657039|2134448|5442688|4660909
q219,dev,v04,vague,noisy:release_era,,0,,1,1,1.0,1.0,1.0,1.0,1.0,1.0,1,1,,,,2733249|602539184|2017265|3110565|602196322|8184472|37657039|2134448|5442688|4660909
q219,dev,v04,vague,rule:oracle,,0,,1,1,1.0,1.0,1.0,1.0,1.0,1.0,1,1,,,,2733249|602539184|2017265|3110565|602196322|8184472|37657039|2134448|5442688|4660909
q219,dev,v04,vague,rule:noisy,,0,,1,1,1.0,1.0,1.0,1.0,1.0,1.0,1,1,,,,2733249|602539184|2017265|3110565|602196322|8184472|37657039|2134448|5442688|4660909
q219,dev,v04,vague,rule:skip,,0,,1,1,1.0,1.0,1.0,1.0,1.0,1.0,1,1,,,,2733249|602539184|2017265|3110565|602196322|8184472|37657039|2134448|5442688|4660909
q219,dev,v04,vague,oracle:best,,0,,1,1,1.0,1.0,1.0,1.0,1.0,1.0,1,1,,,,2733249|602539184|2017265|3110565|602196322|8184472|37657039|2134448|5442688|4660909
q219,dev,v04,vague,flow:reject,,0,,1,1,1.0,1.0,1.0,1.0,1.0,1.0,1,1,1,1,1,2733249|602539184|2017265|3110565|602196322|8184472|37657039|2134448|5442688|4660909
q219,dev,v04,vague,flow:skip,,0,,1,1,1.0,1.0,1.0,1.0,1.0,1.0,1,1,1,1,1,2733249|602539184|2017265|3110565|602196322|8184472|37657039|2134448|5442688|4660909
q219,dev,v04,vague,flow:oracle,,0,,1,1,1.0,1.0,1.0,1.0,1.0,1.0,1,1,1,1,1,2733249|602539184|2017265|3110565|602196322|8184472|37657039|2134448|5442688|4660909
q219,dev,v04,vague,flow:noisy,,0,,1,1,1.0,1.0,1.0,1.0,1.0,1.0,1,1,1,1,1,2733249|602539184|2017265|3110565|602196322|8184472|37657039|2134448|5442688|4660909
q304,dev,v04,vague,initial,,1,,4,4,1.0,0.0,1.0,1.0,0.25,0.430677,4,1,,,,5760116|5760115|602278708|4583482|4583481|32825454|32175937|35009233|3922586|602492206
q304,dev,v04,vague,reject_only,,0,,4,4,1.0,0.0,1.0,1.0,0.25,0.430677,4,1,,,,5760116|5760115|602278708|4583482|4583481|32825454|32175937|35009233|3922586|602492206
q304,dev,v04,vague,reject_twice,,0,,4,4,1.0,0.0,1.0,1.0,0.25,0.430677,4,1,,,,5760116|5760115|602278708|4583482|4583481|32825454|32175937|35009233|3922586|602492206
q304,dev,v04,vague,skip,,0,,4,4,1.0,0.0,1.0,1.0,0.25,0.430677,4,1,,,,5760116|5760115|602278708|4583482|4583481|32825454|32175937|35009233|3922586|602492206
q304,dev,v04,vague,oracle:vocal_gender,,0,,4,4,1.0,0.0,1.0,1.0,0.25,0.430677,4,1,,,,5760116|5760115|602278708|4583482|4583481|32825454|32175937|35009233|3922586|602492206
q304,dev,v04,vague,oracle:type,,0,,4,4,1.0,0.0,1.0,1.0,0.25,0.430677,4,1,,,,5760116|5760115|602278708|4583482|4583481|32825454|32175937|35009233|3922586|602492206
q304,dev,v04,vague,oracle:genre,,0,,4,4,1.0,0.0,1.0,1.0,0.25,0.430677,4,1,,,,5760116|5760115|602278708|4583482|4583481|32825454|32175937|35009233|3922586|602492206
q304,dev,v04,vague,oracle:release_era,,0,,4,4,1.0,0.0,1.0,1.0,0.25,0.430677,4,1,,,,5760116|5760115|602278708|4583482|4583481|32825454|32175937|35009233|3922586|602492206
q304,dev,v04,vague,noisy:vocal_gender,,0,,4,4,1.0,0.0,1.0,1.0,0.25,0.430677,4,1,,,,5760116|5760115|602278708|4583482|4583481|32825454|32175937|35009233|3922586|602492206
q304,dev,v04,vague,noisy:type,,0,,4,4,1.0,0.0,1.0,1.0,0.25,0.430677,4,1,,,,5760116|5760115|602278708|4583482|4583481|32825454|32175937|35009233|3922586|602492206
q304,dev,v04,vague,noisy:genre,,0,,4,4,1.0,0.0,1.0,1.0,0.25,0.430677,4,1,,,,5760116|5760115|602278708|4583482|4583481|32825454|32175937|35009233|3922586|602492206
q304,dev,v04,vague,noisy:release_era,,0,,4,4,1.0,0.0,1.0,1.0,0.25,0.430677,4,1,,,,5760116|5760115|602278708|4583482|4583481|32825454|32175937|35009233|3922586|602492206
q304,dev,v04,vague,rule:oracle,,0,,4,4,1.0,0.0,1.0,1.0,0.25,0.430677,4,1,,,,5760116|5760115|602278708|4583482|4583481|32825454|32175937|35009233|3922586|602492206
q304,dev,v04,vague,rule:noisy,,0,,4,4,1.0,0.0,1.0,1.0,0.25,0.430677,4,1,,,,5760116|5760115|602278708|4583482|4583481|32825454|32175937|35009233|3922586|602492206
q304,dev,v04,vague,rule:skip,,0,,4,4,1.0,0.0,1.0,1.0,0.25,0.430677,4,1,,,,5760116|5760115|602278708|4583482|4583481|32825454|32175937|35009233|3922586|602492206
q304,dev,v04,vague,oracle:best,,0,,4,4,1.0,0.0,1.0,1.0,0.25,0.430677,4,1,,,,5760116|5760115|602278708|4583482|4583481|32825454|32175937|35009233|3922586|602492206
q304,dev,v04,vague,flow:reject,,0,,4,4,1.0,0.0,1.0,1.0,0.25,0.430677,4,1,1,1,1,5760116|5760115|602278708|4583482|4583481|32825454|32175937|35009233|3922586|602492206
q304,dev,v04,vague,flow:skip,,0,,4,4,1.0,0.0,1.0,1.0,0.25,0.430677,4,1,1,1,1,5760116|5760115|602278708|4583482|4583481|32825454|32175937|35009233|3922586|602492206
q304,dev,v04,vague,flow:oracle,,0,,4,4,1.0,0.0,1.0,1.0,0.25,0.430677,4,1,1,1,1,5760116|5760115|602278708|4583482|4583481|32825454|32175937|35009233|3922586|602492206
q304,dev,v04,vague,flow:noisy,,0,,4,4,1.0,0.0,1.0,1.0,0.25,0.430677,4,1,1,1,1,5760116|5760115|602278708|4583482|4583481|32825454|32175937|35009233|3922586|602492206
q307,dev,v04,vague,initial,,1,,1,1,1.0,1.0,1.0,1.0,1.0,1.0,1,1,,,,30341745|602293417|3818487|3818486|602466725|31417922|602005101|602358131|30181278|602152415
q307,dev,v04,vague,reject_only,,0,,1,1,1.0,1.0,1.0,1.0,1.0,1.0,1,1,,,,30341745|602293417|3818487|3818486|602466725|31417922|602005101|602358131|30181278|602152415
q307,dev,v04,vague,reject_twice,,0,,1,1,1.0,1.0,1.0,1.0,1.0,1.0,1,1,,,,30341745|602293417|3818487|3818486|602466725|31417922|602005101|602358131|30181278|602152415
q307,dev,v04,vague,skip,,0,,1,1,1.0,1.0,1.0,1.0,1.0,1.0,1,1,,,,30341745|602293417|3818487|3818486|602466725|31417922|602005101|602358131|30181278|602152415
q307,dev,v04,vague,oracle:vocal_gender,,0,,1,1,1.0,1.0,1.0,1.0,1.0,1.0,1,1,,,,30341745|602293417|3818487|3818486|602466725|31417922|602005101|602358131|30181278|602152415
q307,dev,v04,vague,oracle:type,,0,,1,1,1.0,1.0,1.0,1.0,1.0,1.0,1,1,,,,30341745|602293417|3818487|3818486|602466725|31417922|602005101|602358131|30181278|602152415
q307,dev,v04,vague,oracle:genre,,0,,1,1,1.0,1.0,1.0,1.0,1.0,1.0,1,1,,,,30341745|602293417|3818487|3818486|602466725|31417922|602005101|602358131|30181278|602152415
q307,dev,v04,vague,oracle:release_era,,0,,1,1,1.0,1.0,1.0,1.0,1.0,1.0,1,1,,,,30341745|602293417|3818487|3818486|602466725|31417922|602005101|602358131|30181278|602152415
q307,dev,v04,vague,noisy:vocal_gender,,0,,1,1,1.0,1.0,1.0,1.0,1.0,1.0,1,1,,,,30341745|602293417|3818487|3818486|602466725|31417922|602005101|602358131|30181278|602152415
q307,dev,v04,vague,noisy:type,,0,,1,1,1.0,1.0,1.0,1.0,1.0,1.0,1,1,,,,30341745|602293417|3818487|3818486|602466725|31417922|602005101|602358131|30181278|602152415
q307,dev,v04,vague,noisy:genre,,0,,1,1,1.0,1.0,1.0,1.0,1.0,1.0,1,1,,,,30341745|602293417|3818487|3818486|602466725|31417922|602005101|602358131|30181278|602152415
q307,dev,v04,vague,noisy:release_era,,0,,1,1,1.0,1.0,1.0,1.0,1.0,1.0,1,1,,,,30341745|602293417|3818487|3818486|602466725|31417922|602005101|602358131|30181278|602152415
q307,dev,v04,vague,rule:oracle,,0,,1,1,1.0,1.0,1.0,1.0,1.0,1.0,1,1,,,,30341745|602293417|3818487|3818486|602466725|31417922|602005101|602358131|30181278|602152415
q307,dev,v04,vague,rule:noisy,,0,,1,1,1.0,1.0,1.0,1.0,1.0,1.0,1,1,,,,30341745|602293417|3818487|3818486|602466725|31417922|602005101|602358131|30181278|602152415
q307,dev,v04,vague,rule:skip,,0,,1,1,1.0,1.0,1.0,1.0,1.0,1.0,1,1,,,,30341745|602293417|3818487|3818486|602466725|31417922|602005101|602358131|30181278|602152415
q307,dev,v04,vague,oracle:best,,0,,1,1,1.0,1.0,1.0,1.0,1.0,1.0,1,1,,,,30341745|602293417|3818487|3818486|602466725|31417922|602005101|602358131|30181278|602152415
q307,dev,v04,vague,flow:reject,,0,,1,1,1.0,1.0,1.0,1.0,1.0,1.0,1,1,1,1,1,30341745|602293417|3818487|3818486|602466725|31417922|602005101|602358131|30181278|602152415
q307,dev,v04,vague,flow:skip,,0,,1,1,1.0,1.0,1.0,1.0,1.0,1.0,1,1,1,1,1,30341745|602293417|3818487|3818486|602466725|31417922|602005101|602358131|30181278|602152415
q307,dev,v04,vague,flow:oracle,,0,,1,1,1.0,1.0,1.0,1.0,1.0,1.0,1,1,1,1,1,30341745|602293417|3818487|3818486|602466725|31417922|602005101|602358131|30181278|602152415
q307,dev,v04,vague,flow:noisy,,0,,1,1,1.0,1.0,1.0,1.0,1.0,1.0,1,1,1,1,1,30341745|602293417|3818487|3818486|602466725|31417922|602005101|602358131|30181278|602152415
q308,dev,v04,vague,initial,,1,,1,1,1.0,1.0,1.0,1.0,1.0,1.0,1,1,,,,1850253|971439|1914864|1932604|1199786|2733249|602490175|4100521|8100402|5421427
q308,dev,v04,vague,reject_only,,0,,1,1,1.0,1.0,1.0,1.0,1.0,1.0,1,1,,,,1850253|971439|1914864|1932604|1199786|2733249|602490175|4100521|8100402|5421427
q308,dev,v04,vague,reject_twice,,0,,1,1,1.0,1.0,1.0,1.0,1.0,1.0,1,1,,,,1850253|971439|1914864|1932604|1199786|2733249|602490175|4100521|8100402|5421427
q308,dev,v04,vague,skip,,0,,1,1,1.0,1.0,1.0,1.0,1.0,1.0,1,1,,,,1850253|971439|1914864|1932604|1199786|2733249|602490175|4100521|8100402|5421427
q308,dev,v04,vague,oracle:vocal_gender,,0,,1,1,1.0,1.0,1.0,1.0,1.0,1.0,1,1,,,,1850253|971439|1914864|1932604|1199786|2733249|602490175|4100521|8100402|5421427
q308,dev,v04,vague,oracle:type,,0,,1,1,1.0,1.0,1.0,1.0,1.0,1.0,1,1,,,,1850253|971439|1914864|1932604|1199786|2733249|602490175|4100521|8100402|5421427
q308,dev,v04,vague,oracle:genre,,0,,1,1,1.0,1.0,1.0,1.0,1.0,1.0,1,1,,,,1850253|971439|1914864|1932604|1199786|2733249|602490175|4100521|8100402|5421427
q308,dev,v04,vague,oracle:release_era,,0,,1,1,1.0,1.0,1.0,1.0,1.0,1.0,1,1,,,,1850253|971439|1914864|1932604|1199786|2733249|602490175|4100521|8100402|5421427
q308,dev,v04,vague,noisy:vocal_gender,,0,,1,1,1.0,1.0,1.0,1.0,1.0,1.0,1,1,,,,1850253|971439|1914864|1932604|1199786|2733249|602490175|4100521|8100402|5421427
q308,dev,v04,vague,noisy:type,,0,,1,1,1.0,1.0,1.0,1.0,1.0,1.0,1,1,,,,1850253|971439|1914864|1932604|1199786|2733249|602490175|4100521|8100402|5421427
q308,dev,v04,vague,noisy:genre,,0,,1,1,1.0,1.0,1.0,1.0,1.0,1.0,1,1,,,,1850253|971439|1914864|1932604|1199786|2733249|602490175|4100521|8100402|5421427
q308,dev,v04,vague,noisy:release_era,,0,,1,1,1.0,1.0,1.0,1.0,1.0,1.0,1,1,,,,1850253|971439|1914864|1932604|1199786|2733249|602490175|4100521|8100402|5421427
q308,dev,v04,vague,rule:oracle,,0,,1,1,1.0,1.0,1.0,1.0,1.0,1.0,1,1,,,,1850253|971439|1914864|1932604|1199786|2733249|602490175|4100521|8100402|5421427
q308,dev,v04,vague,rule:noisy,,0,,1,1,1.0,1.0,1.0,1.0,1.0,1.0,1,1,,,,1850253|971439|1914864|1932604|1199786|2733249|602490175|4100521|8100402|5421427
q308,dev,v04,vague,rule:skip,,0,,1,1,1.0,1.0,1.0,1.0,1.0,1.0,1,1,,,,1850253|971439|1914864|1932604|1199786|2733249|602490175|4100521|8100402|5421427
q308,dev,v04,vague,oracle:best,,0,,1,1,1.0,1.0,1.0,1.0,1.0,1.0,1,1,,,,1850253|971439|1914864|1932604|1199786|2733249|602490175|4100521|8100402|5421427
q308,dev,v04,vague,flow:reject,,0,,1,1,1.0,1.0,1.0,1.0,1.0,1.0,1,1,1,1,1,1850253|971439|1914864|1932604|1199786|2733249|602490175|4100521|8100402|5421427
q308,dev,v04,vague,flow:skip,,0,,1,1,1.0,1.0,1.0,1.0,1.0,1.0,1,1,1,1,1,1850253|971439|1914864|1932604|1199786|2733249|602490175|4100521|8100402|5421427
q308,dev,v04,vague,flow:oracle,,0,,1,1,1.0,1.0,1.0,1.0,1.0,1.0,1,1,1,1,1,1850253|971439|1914864|1932604|1199786|2733249|602490175|4100521|8100402|5421427
q308,dev,v04,vague,flow:noisy,,0,,1,1,1.0,1.0,1.0,1.0,1.0,1.0,1,1,1,1,1,1850253|971439|1914864|1932604|1199786|2733249|602490175|4100521|8100402|5421427
q310,dev,v04,vague,initial,,1,,3,3,1.0,0.0,1.0,1.0,0.333333,0.5,3,1,,,,8155478|9620471|30054344|4047160|4024692|3820647|3866006|602470569|423507|3450190
q310,dev,v04,vague,reject_only,,0,,3,3,1.0,0.0,1.0,1.0,0.333333,0.5,3,1,,,,8155478|9620471|30054344|4047160|4024692|3820647|3866006|602470569|423507|3450190
q310,dev,v04,vague,reject_twice,,0,,3,3,1.0,0.0,1.0,1.0,0.333333,0.5,3,1,,,,8155478|9620471|30054344|4047160|4024692|3820647|3866006|602470569|423507|3450190
q310,dev,v04,vague,skip,,0,,3,3,1.0,0.0,1.0,1.0,0.333333,0.5,3,1,,,,8155478|9620471|30054344|4047160|4024692|3820647|3866006|602470569|423507|3450190
q310,dev,v04,vague,oracle:vocal_gender,,0,,3,3,1.0,0.0,1.0,1.0,0.333333,0.5,3,1,,,,8155478|9620471|30054344|4047160|4024692|3820647|3866006|602470569|423507|3450190
q310,dev,v04,vague,oracle:type,,0,,3,3,1.0,0.0,1.0,1.0,0.333333,0.5,3,1,,,,8155478|9620471|30054344|4047160|4024692|3820647|3866006|602470569|423507|3450190
q310,dev,v04,vague,oracle:genre,,0,,3,3,1.0,0.0,1.0,1.0,0.333333,0.5,3,1,,,,8155478|9620471|30054344|4047160|4024692|3820647|3866006|602470569|423507|3450190
q310,dev,v04,vague,oracle:release_era,,0,,3,3,1.0,0.0,1.0,1.0,0.333333,0.5,3,1,,,,8155478|9620471|30054344|4047160|4024692|3820647|3866006|602470569|423507|3450190
q310,dev,v04,vague,noisy:vocal_gender,,0,,3,3,1.0,0.0,1.0,1.0,0.333333,0.5,3,1,,,,8155478|9620471|30054344|4047160|4024692|3820647|3866006|602470569|423507|3450190
q310,dev,v04,vague,noisy:type,,0,,3,3,1.0,0.0,1.0,1.0,0.333333,0.5,3,1,,,,8155478|9620471|30054344|4047160|4024692|3820647|3866006|602470569|423507|3450190
q310,dev,v04,vague,noisy:genre,,0,,3,3,1.0,0.0,1.0,1.0,0.333333,0.5,3,1,,,,8155478|9620471|30054344|4047160|4024692|3820647|3866006|602470569|423507|3450190
q310,dev,v04,vague,noisy:release_era,,0,,3,3,1.0,0.0,1.0,1.0,0.333333,0.5,3,1,,,,8155478|9620471|30054344|4047160|4024692|3820647|3866006|602470569|423507|3450190
q310,dev,v04,vague,rule:oracle,,0,,3,3,1.0,0.0,1.0,1.0,0.333333,0.5,3,1,,,,8155478|9620471|30054344|4047160|4024692|3820647|3866006|602470569|423507|3450190
q310,dev,v04,vague,rule:noisy,,0,,3,3,1.0,0.0,1.0,1.0,0.333333,0.5,3,1,,,,8155478|9620471|30054344|4047160|4024692|3820647|3866006|602470569|423507|3450190
q310,dev,v04,vague,rule:skip,,0,,3,3,1.0,0.0,1.0,1.0,0.333333,0.5,3,1,,,,8155478|9620471|30054344|4047160|4024692|3820647|3866006|602470569|423507|3450190
q310,dev,v04,vague,oracle:best,,0,,3,3,1.0,0.0,1.0,1.0,0.333333,0.5,3,1,,,,8155478|9620471|30054344|4047160|4024692|3820647|3866006|602470569|423507|3450190
q310,dev,v04,vague,flow:reject,,0,,3,3,1.0,0.0,1.0,1.0,0.333333,0.5,3,1,1,1,1,8155478|9620471|30054344|4047160|4024692|3820647|3866006|602470569|423507|3450190
q310,dev,v04,vague,flow:skip,,0,,3,3,1.0,0.0,1.0,1.0,0.333333,0.5,3,1,1,1,1,8155478|9620471|30054344|4047160|4024692|3820647|3866006|602470569|423507|3450190
q310,dev,v04,vague,flow:oracle,,0,,3,3,1.0,0.0,1.0,1.0,0.333333,0.5,3,1,1,1,1,8155478|9620471|30054344|4047160|4024692|3820647|3866006|602470569|423507|3450190
q310,dev,v04,vague,flow:noisy,,0,,3,3,1.0,0.0,1.0,1.0,0.333333,0.5,3,1,1,1,1,8155478|9620471|30054344|4047160|4024692|3820647|3866006|602470569|423507|3450190
q311,dev,v04,vague,initial,,1,,1,1,1.0,1.0,1.0,1.0,1.0,1.0,1,1,,,,2320988|2165864|2343748|1951553|2135469|2135470|2328191|2352749|3403761|602291370
q311,dev,v04,vague,reject_only,,0,,1,1,1.0,1.0,1.0,1.0,1.0,1.0,1,1,,,,2320988|2165864|2343748|1951553|2135469|2135470|2328191|2352749|3403761|602291370
q311,dev,v04,vague,reject_twice,,0,,1,1,1.0,1.0,1.0,1.0,1.0,1.0,1,1,,,,2320988|2165864|2343748|1951553|2135469|2135470|2328191|2352749|3403761|602291370
q311,dev,v04,vague,skip,,0,,1,1,1.0,1.0,1.0,1.0,1.0,1.0,1,1,,,,2320988|2165864|2343748|1951553|2135469|2135470|2328191|2352749|3403761|602291370
q311,dev,v04,vague,oracle:vocal_gender,,0,,1,1,1.0,1.0,1.0,1.0,1.0,1.0,1,1,,,,2320988|2165864|2343748|1951553|2135469|2135470|2328191|2352749|3403761|602291370
q311,dev,v04,vague,oracle:type,,0,,1,1,1.0,1.0,1.0,1.0,1.0,1.0,1,1,,,,2320988|2165864|2343748|1951553|2135469|2135470|2328191|2352749|3403761|602291370
q311,dev,v04,vague,oracle:genre,,0,,1,1,1.0,1.0,1.0,1.0,1.0,1.0,1,1,,,,2320988|2165864|2343748|1951553|2135469|2135470|2328191|2352749|3403761|602291370
q311,dev,v04,vague,oracle:release_era,,0,,1,1,1.0,1.0,1.0,1.0,1.0,1.0,1,1,,,,2320988|2165864|2343748|1951553|2135469|2135470|2328191|2352749|3403761|602291370
q311,dev,v04,vague,noisy:vocal_gender,,0,,1,1,1.0,1.0,1.0,1.0,1.0,1.0,1,1,,,,2320988|2165864|2343748|1951553|2135469|2135470|2328191|2352749|3403761|602291370
q311,dev,v04,vague,noisy:type,,0,,1,1,1.0,1.0,1.0,1.0,1.0,1.0,1,1,,,,2320988|2165864|2343748|1951553|2135469|2135470|2328191|2352749|3403761|602291370
q311,dev,v04,vague,noisy:genre,,0,,1,1,1.0,1.0,1.0,1.0,1.0,1.0,1,1,,,,2320988|2165864|2343748|1951553|2135469|2135470|2328191|2352749|3403761|602291370
q311,dev,v04,vague,noisy:release_era,,0,,1,1,1.0,1.0,1.0,1.0,1.0,1.0,1,1,,,,2320988|2165864|2343748|1951553|2135469|2135470|2328191|2352749|3403761|602291370
q311,dev,v04,vague,rule:oracle,,0,,1,1,1.0,1.0,1.0,1.0,1.0,1.0,1,1,,,,2320988|2165864|2343748|1951553|2135469|2135470|2328191|2352749|3403761|602291370
q311,dev,v04,vague,rule:noisy,,0,,1,1,1.0,1.0,1.0,1.0,1.0,1.0,1,1,,,,2320988|2165864|2343748|1951553|2135469|2135470|2328191|2352749|3403761|602291370
q311,dev,v04,vague,rule:skip,,0,,1,1,1.0,1.0,1.0,1.0,1.0,1.0,1,1,,,,2320988|2165864|2343748|1951553|2135469|2135470|2328191|2352749|3403761|602291370
q311,dev,v04,vague,oracle:best,,0,,1,1,1.0,1.0,1.0,1.0,1.0,1.0,1,1,,,,2320988|2165864|2343748|1951553|2135469|2135470|2328191|2352749|3403761|602291370
q311,dev,v04,vague,flow:reject,,0,,1,1,1.0,1.0,1.0,1.0,1.0,1.0,1,1,1,1,1,2320988|2165864|2343748|1951553|2135469|2135470|2328191|2352749|3403761|602291370
q311,dev,v04,vague,flow:skip,,0,,1,1,1.0,1.0,1.0,1.0,1.0,1.0,1,1,1,1,1,2320988|2165864|2343748|1951553|2135469|2135470|2328191|2352749|3403761|602291370
q311,dev,v04,vague,flow:oracle,,0,,1,1,1.0,1.0,1.0,1.0,1.0,1.0,1,1,1,1,1,2320988|2165864|2343748|1951553|2135469|2135470|2328191|2352749|3403761|602291370
q311,dev,v04,vague,flow:noisy,,0,,1,1,1.0,1.0,1.0,1.0,1.0,1.0,1,1,1,1,1,2320988|2165864|2343748|1951553|2135469|2135470|2328191|2352749|3403761|602291370
q312,dev,v04,vague,initial,,1,,5,5,1.0,0.0,1.0,1.0,0.2,0.386853,5,1,,,,2741566|602068294|30948698|602428696|4543502|1033126|33976677|5639931|32003395|517706
q312,dev,v04,vague,reject_only,,0,,5,5,1.0,0.0,1.0,1.0,0.2,0.386853,5,1,,,,2741566|602068294|30948698|602428696|4543502|1033126|33976677|5639931|32003395|517706
q312,dev,v04,vague,reject_twice,,0,,5,5,1.0,0.0,1.0,1.0,0.2,0.386853,5,1,,,,2741566|602068294|30948698|602428696|4543502|1033126|33976677|5639931|32003395|517706
q312,dev,v04,vague,skip,,0,,5,5,1.0,0.0,1.0,1.0,0.2,0.386853,5,1,,,,2741566|602068294|30948698|602428696|4543502|1033126|33976677|5639931|32003395|517706
q312,dev,v04,vague,oracle:vocal_gender,,0,,5,5,1.0,0.0,1.0,1.0,0.2,0.386853,5,1,,,,2741566|602068294|30948698|602428696|4543502|1033126|33976677|5639931|32003395|517706
q312,dev,v04,vague,oracle:type,,0,,5,5,1.0,0.0,1.0,1.0,0.2,0.386853,5,1,,,,2741566|602068294|30948698|602428696|4543502|1033126|33976677|5639931|32003395|517706
q312,dev,v04,vague,oracle:genre,,0,,5,5,1.0,0.0,1.0,1.0,0.2,0.386853,5,1,,,,2741566|602068294|30948698|602428696|4543502|1033126|33976677|5639931|32003395|517706
q312,dev,v04,vague,oracle:release_era,,0,,5,5,1.0,0.0,1.0,1.0,0.2,0.386853,5,1,,,,2741566|602068294|30948698|602428696|4543502|1033126|33976677|5639931|32003395|517706
q312,dev,v04,vague,noisy:vocal_gender,,0,,5,5,1.0,0.0,1.0,1.0,0.2,0.386853,5,1,,,,2741566|602068294|30948698|602428696|4543502|1033126|33976677|5639931|32003395|517706
q312,dev,v04,vague,noisy:type,,0,,5,5,1.0,0.0,1.0,1.0,0.2,0.386853,5,1,,,,2741566|602068294|30948698|602428696|4543502|1033126|33976677|5639931|32003395|517706
q312,dev,v04,vague,noisy:genre,,0,,5,5,1.0,0.0,1.0,1.0,0.2,0.386853,5,1,,,,2741566|602068294|30948698|602428696|4543502|1033126|33976677|5639931|32003395|517706
q312,dev,v04,vague,noisy:release_era,,0,,5,5,1.0,0.0,1.0,1.0,0.2,0.386853,5,1,,,,2741566|602068294|30948698|602428696|4543502|1033126|33976677|5639931|32003395|517706
q312,dev,v04,vague,rule:oracle,,0,,5,5,1.0,0.0,1.0,1.0,0.2,0.386853,5,1,,,,2741566|602068294|30948698|602428696|4543502|1033126|33976677|5639931|32003395|517706
q312,dev,v04,vague,rule:noisy,,0,,5,5,1.0,0.0,1.0,1.0,0.2,0.386853,5,1,,,,2741566|602068294|30948698|602428696|4543502|1033126|33976677|5639931|32003395|517706
q312,dev,v04,vague,rule:skip,,0,,5,5,1.0,0.0,1.0,1.0,0.2,0.386853,5,1,,,,2741566|602068294|30948698|602428696|4543502|1033126|33976677|5639931|32003395|517706
q312,dev,v04,vague,oracle:best,,0,,5,5,1.0,0.0,1.0,1.0,0.2,0.386853,5,1,,,,2741566|602068294|30948698|602428696|4543502|1033126|33976677|5639931|32003395|517706
q312,dev,v04,vague,flow:reject,,0,,5,5,1.0,0.0,1.0,1.0,0.2,0.386853,5,1,1,1,1,2741566|602068294|30948698|602428696|4543502|1033126|33976677|5639931|32003395|517706
q312,dev,v04,vague,flow:skip,,0,,5,5,1.0,0.0,1.0,1.0,0.2,0.386853,5,1,1,1,1,2741566|602068294|30948698|602428696|4543502|1033126|33976677|5639931|32003395|517706
q312,dev,v04,vague,flow:oracle,,0,,5,5,1.0,0.0,1.0,1.0,0.2,0.386853,5,1,1,1,1,2741566|602068294|30948698|602428696|4543502|1033126|33976677|5639931|32003395|517706
q312,dev,v04,vague,flow:noisy,,0,,5,5,1.0,0.0,1.0,1.0,0.2,0.386853,5,1,1,1,1,2741566|602068294|30948698|602428696|4543502|1033126|33976677|5639931|32003395|517706
q313,dev,v04,vague,initial,,1,,1,1,1.0,1.0,1.0,1.0,1.0,1.0,1,1,,,,31093710|602500319|602542990|32038651|430053|31417871|601920911|602488511|602362082|602311490
q313,dev,v04,vague,reject_only,,0,,1,1,1.0,1.0,1.0,1.0,1.0,1.0,1,1,,,,31093710|602500319|602542990|32038651|430053|31417871|601920911|602488511|602362082|602311490
q313,dev,v04,vague,reject_twice,,0,,1,1,1.0,1.0,1.0,1.0,1.0,1.0,1,1,,,,31093710|602500319|602542990|32038651|430053|31417871|601920911|602488511|602362082|602311490
q313,dev,v04,vague,skip,,0,,1,1,1.0,1.0,1.0,1.0,1.0,1.0,1,1,,,,31093710|602500319|602542990|32038651|430053|31417871|601920911|602488511|602362082|602311490
q313,dev,v04,vague,oracle:vocal_gender,,0,,1,1,1.0,1.0,1.0,1.0,1.0,1.0,1,1,,,,31093710|602500319|602542990|32038651|430053|31417871|601920911|602488511|602362082|602311490
q313,dev,v04,vague,oracle:type,,0,,1,1,1.0,1.0,1.0,1.0,1.0,1.0,1,1,,,,31093710|602500319|602542990|32038651|430053|31417871|601920911|602488511|602362082|602311490
q313,dev,v04,vague,oracle:genre,,0,,1,1,1.0,1.0,1.0,1.0,1.0,1.0,1,1,,,,31093710|602500319|602542990|32038651|430053|31417871|601920911|602488511|602362082|602311490
q313,dev,v04,vague,oracle:release_era,,0,,1,1,1.0,1.0,1.0,1.0,1.0,1.0,1,1,,,,31093710|602500319|602542990|32038651|430053|31417871|601920911|602488511|602362082|602311490
q313,dev,v04,vague,noisy:vocal_gender,,0,,1,1,1.0,1.0,1.0,1.0,1.0,1.0,1,1,,,,31093710|602500319|602542990|32038651|430053|31417871|601920911|602488511|602362082|602311490
q313,dev,v04,vague,noisy:type,,0,,1,1,1.0,1.0,1.0,1.0,1.0,1.0,1,1,,,,31093710|602500319|602542990|32038651|430053|31417871|601920911|602488511|602362082|602311490
q313,dev,v04,vague,noisy:genre,,0,,1,1,1.0,1.0,1.0,1.0,1.0,1.0,1,1,,,,31093710|602500319|602542990|32038651|430053|31417871|601920911|602488511|602362082|602311490
q313,dev,v04,vague,noisy:release_era,,0,,1,1,1.0,1.0,1.0,1.0,1.0,1.0,1,1,,,,31093710|602500319|602542990|32038651|430053|31417871|601920911|602488511|602362082|602311490
q313,dev,v04,vague,rule:oracle,,0,,1,1,1.0,1.0,1.0,1.0,1.0,1.0,1,1,,,,31093710|602500319|602542990|32038651|430053|31417871|601920911|602488511|602362082|602311490
q313,dev,v04,vague,rule:noisy,,0,,1,1,1.0,1.0,1.0,1.0,1.0,1.0,1,1,,,,31093710|602500319|602542990|32038651|430053|31417871|601920911|602488511|602362082|602311490
q313,dev,v04,vague,rule:skip,,0,,1,1,1.0,1.0,1.0,1.0,1.0,1.0,1,1,,,,31093710|602500319|602542990|32038651|430053|31417871|601920911|602488511|602362082|602311490
q313,dev,v04,vague,oracle:best,,0,,1,1,1.0,1.0,1.0,1.0,1.0,1.0,1,1,,,,31093710|602500319|602542990|32038651|430053|31417871|601920911|602488511|602362082|602311490
q313,dev,v04,vague,flow:reject,,0,,1,1,1.0,1.0,1.0,1.0,1.0,1.0,1,1,1,1,1,31093710|602500319|602542990|32038651|430053|31417871|601920911|602488511|602362082|602311490
q313,dev,v04,vague,flow:skip,,0,,1,1,1.0,1.0,1.0,1.0,1.0,1.0,1,1,1,1,1,31093710|602500319|602542990|32038651|430053|31417871|601920911|602488511|602362082|602311490
q313,dev,v04,vague,flow:oracle,,0,,1,1,1.0,1.0,1.0,1.0,1.0,1.0,1,1,1,1,1,31093710|602500319|602542990|32038651|430053|31417871|601920911|602488511|602362082|602311490
q313,dev,v04,vague,flow:noisy,,0,,1,1,1.0,1.0,1.0,1.0,1.0,1.0,1,1,1,1,1,31093710|602500319|602542990|32038651|430053|31417871|601920911|602488511|602362082|602311490
q314,dev,v04,vague,initial,,1,,1,1,1.0,1.0,1.0,1.0,1.0,1.0,1,1,,,,525682|602389456|1589039|602538022|24136|2759248|602479420|8102386|1589078|34451383
q314,dev,v04,vague,reject_only,,0,,1,1,1.0,1.0,1.0,1.0,1.0,1.0,1,1,,,,525682|602389456|1589039|602538022|24136|2759248|602479420|8102386|1589078|34451383
q314,dev,v04,vague,reject_twice,,0,,1,1,1.0,1.0,1.0,1.0,1.0,1.0,1,1,,,,525682|602389456|1589039|602538022|24136|2759248|602479420|8102386|1589078|34451383
q314,dev,v04,vague,skip,,0,,1,1,1.0,1.0,1.0,1.0,1.0,1.0,1,1,,,,525682|602389456|1589039|602538022|24136|2759248|602479420|8102386|1589078|34451383
q314,dev,v04,vague,oracle:vocal_gender,,0,,1,1,1.0,1.0,1.0,1.0,1.0,1.0,1,1,,,,525682|602389456|1589039|602538022|24136|2759248|602479420|8102386|1589078|34451383
q314,dev,v04,vague,oracle:type,,0,,1,1,1.0,1.0,1.0,1.0,1.0,1.0,1,1,,,,525682|602389456|1589039|602538022|24136|2759248|602479420|8102386|1589078|34451383
q314,dev,v04,vague,oracle:genre,,0,,1,1,1.0,1.0,1.0,1.0,1.0,1.0,1,1,,,,525682|602389456|1589039|602538022|24136|2759248|602479420|8102386|1589078|34451383
q314,dev,v04,vague,oracle:release_era,,0,,1,1,1.0,1.0,1.0,1.0,1.0,1.0,1,1,,,,525682|602389456|1589039|602538022|24136|2759248|602479420|8102386|1589078|34451383
q314,dev,v04,vague,noisy:vocal_gender,,0,,1,1,1.0,1.0,1.0,1.0,1.0,1.0,1,1,,,,525682|602389456|1589039|602538022|24136|2759248|602479420|8102386|1589078|34451383
q314,dev,v04,vague,noisy:type,,0,,1,1,1.0,1.0,1.0,1.0,1.0,1.0,1,1,,,,525682|602389456|1589039|602538022|24136|2759248|602479420|8102386|1589078|34451383
q314,dev,v04,vague,noisy:genre,,0,,1,1,1.0,1.0,1.0,1.0,1.0,1.0,1,1,,,,525682|602389456|1589039|602538022|24136|2759248|602479420|8102386|1589078|34451383
q314,dev,v04,vague,noisy:release_era,,0,,1,1,1.0,1.0,1.0,1.0,1.0,1.0,1,1,,,,525682|602389456|1589039|602538022|24136|2759248|602479420|8102386|1589078|34451383
q314,dev,v04,vague,rule:oracle,,0,,1,1,1.0,1.0,1.0,1.0,1.0,1.0,1,1,,,,525682|602389456|1589039|602538022|24136|2759248|602479420|8102386|1589078|34451383
q314,dev,v04,vague,rule:noisy,,0,,1,1,1.0,1.0,1.0,1.0,1.0,1.0,1,1,,,,525682|602389456|1589039|602538022|24136|2759248|602479420|8102386|1589078|34451383
q314,dev,v04,vague,rule:skip,,0,,1,1,1.0,1.0,1.0,1.0,1.0,1.0,1,1,,,,525682|602389456|1589039|602538022|24136|2759248|602479420|8102386|1589078|34451383
q314,dev,v04,vague,oracle:best,,0,,1,1,1.0,1.0,1.0,1.0,1.0,1.0,1,1,,,,525682|602389456|1589039|602538022|24136|2759248|602479420|8102386|1589078|34451383
q314,dev,v04,vague,flow:reject,,0,,1,1,1.0,1.0,1.0,1.0,1.0,1.0,1,1,1,1,1,525682|602389456|1589039|602538022|24136|2759248|602479420|8102386|1589078|34451383
q314,dev,v04,vague,flow:skip,,0,,1,1,1.0,1.0,1.0,1.0,1.0,1.0,1,1,1,1,1,525682|602389456|1589039|602538022|24136|2759248|602479420|8102386|1589078|34451383
q314,dev,v04,vague,flow:oracle,,0,,1,1,1.0,1.0,1.0,1.0,1.0,1.0,1,1,1,1,1,525682|602389456|1589039|602538022|24136|2759248|602479420|8102386|1589078|34451383
q314,dev,v04,vague,flow:noisy,,0,,1,1,1.0,1.0,1.0,1.0,1.0,1.0,1,1,1,1,1,525682|602389456|1589039|602538022|24136|2759248|602479420|8102386|1589078|34451383
q315,dev,v04,vague,initial,,1,,1,1,1.0,1.0,1.0,1.0,1.0,1.0,1,1,,,,7877917|31417871|2910952|32243273|2684461|1210836|8109412|503111|2803451|531840
q315,dev,v04,vague,reject_only,,0,,1,1,1.0,1.0,1.0,1.0,1.0,1.0,1,1,,,,7877917|31417871|2910952|32243273|2684461|1210836|8109412|503111|2803451|531840
q315,dev,v04,vague,reject_twice,,0,,1,1,1.0,1.0,1.0,1.0,1.0,1.0,1,1,,,,7877917|31417871|2910952|32243273|2684461|1210836|8109412|503111|2803451|531840
q315,dev,v04,vague,skip,,0,,1,1,1.0,1.0,1.0,1.0,1.0,1.0,1,1,,,,7877917|31417871|2910952|32243273|2684461|1210836|8109412|503111|2803451|531840
q315,dev,v04,vague,oracle:vocal_gender,,0,,1,1,1.0,1.0,1.0,1.0,1.0,1.0,1,1,,,,7877917|31417871|2910952|32243273|2684461|1210836|8109412|503111|2803451|531840
q315,dev,v04,vague,oracle:type,,0,,1,1,1.0,1.0,1.0,1.0,1.0,1.0,1,1,,,,7877917|31417871|2910952|32243273|2684461|1210836|8109412|503111|2803451|531840
q315,dev,v04,vague,oracle:genre,,0,,1,1,1.0,1.0,1.0,1.0,1.0,1.0,1,1,,,,7877917|31417871|2910952|32243273|2684461|1210836|8109412|503111|2803451|531840
q315,dev,v04,vague,oracle:release_era,,0,,1,1,1.0,1.0,1.0,1.0,1.0,1.0,1,1,,,,7877917|31417871|2910952|32243273|2684461|1210836|8109412|503111|2803451|531840
q315,dev,v04,vague,noisy:vocal_gender,,0,,1,1,1.0,1.0,1.0,1.0,1.0,1.0,1,1,,,,7877917|31417871|2910952|32243273|2684461|1210836|8109412|503111|2803451|531840
q315,dev,v04,vague,noisy:type,,0,,1,1,1.0,1.0,1.0,1.0,1.0,1.0,1,1,,,,7877917|31417871|2910952|32243273|2684461|1210836|8109412|503111|2803451|531840
q315,dev,v04,vague,noisy:genre,,0,,1,1,1.0,1.0,1.0,1.0,1.0,1.0,1,1,,,,7877917|31417871|2910952|32243273|2684461|1210836|8109412|503111|2803451|531840
q315,dev,v04,vague,noisy:release_era,,0,,1,1,1.0,1.0,1.0,1.0,1.0,1.0,1,1,,,,7877917|31417871|2910952|32243273|2684461|1210836|8109412|503111|2803451|531840
q315,dev,v04,vague,rule:oracle,,0,,1,1,1.0,1.0,1.0,1.0,1.0,1.0,1,1,,,,7877917|31417871|2910952|32243273|2684461|1210836|8109412|503111|2803451|531840
q315,dev,v04,vague,rule:noisy,,0,,1,1,1.0,1.0,1.0,1.0,1.0,1.0,1,1,,,,7877917|31417871|2910952|32243273|2684461|1210836|8109412|503111|2803451|531840
q315,dev,v04,vague,rule:skip,,0,,1,1,1.0,1.0,1.0,1.0,1.0,1.0,1,1,,,,7877917|31417871|2910952|32243273|2684461|1210836|8109412|503111|2803451|531840
q315,dev,v04,vague,oracle:best,,0,,1,1,1.0,1.0,1.0,1.0,1.0,1.0,1,1,,,,7877917|31417871|2910952|32243273|2684461|1210836|8109412|503111|2803451|531840
q315,dev,v04,vague,flow:reject,,0,,1,1,1.0,1.0,1.0,1.0,1.0,1.0,1,1,1,1,1,7877917|31417871|2910952|32243273|2684461|1210836|8109412|503111|2803451|531840
q315,dev,v04,vague,flow:skip,,0,,1,1,1.0,1.0,1.0,1.0,1.0,1.0,1,1,1,1,1,7877917|31417871|2910952|32243273|2684461|1210836|8109412|503111|2803451|531840
q315,dev,v04,vague,flow:oracle,,0,,1,1,1.0,1.0,1.0,1.0,1.0,1.0,1,1,1,1,1,7877917|31417871|2910952|32243273|2684461|1210836|8109412|503111|2803451|531840
q315,dev,v04,vague,flow:noisy,,0,,1,1,1.0,1.0,1.0,1.0,1.0,1.0,1,1,1,1,1,7877917|31417871|2910952|32243273|2684461|1210836|8109412|503111|2803451|531840
q316,dev,v04,misinformation,initial,,1,genre,,30,1.0,0.0,0.0,0.0,0.0,0.0,,0,,,,601971707|602195311|602334524|602312463|602102412|8109412|454839|455208|1379738|602113331
q316,dev,v04,misinformation,reject_only,,1,genre,,22,1.0,0.0,0.0,0.0,0.0,0.0,,0,,,,5501618|732516|602410419|503472|104372|602540089|2776748|482521|2759248|1210836
q316,dev,v04,misinformation,reject_twice,,1,genre,,17,1.0,0.0,0.0,0.0,0.0,0.0,,0,,,,602162936|732514|35008534|494792|2684461|2910952|602552834|602358131|4204339|1592906
q316,dev,v04,misinformation,skip,,1,genre,,22,1.0,0.0,0.0,0.0,0.0,0.0,,0,,,,5501618|732516|602410419|503472|104372|602540089|2776748|482521|2759248|1210836
q316,dev,v04,misinformation,oracle:vocal_gender,,1,genre,1,1,1.0,1.0,1.0,1.0,1.0,1.0,1,1,,,,7877917|5501618|732516|602410419|503472|104372|602540089|2776748|482521|2759248
q316,dev,v04,misinformation,oracle:type,,1,genre,9,9,1.0,0.0,0.0,1.0,0.111111,0.30103,9,1,,,,5501618|602410419|503472|104372|602540089|482521|2759248|494792|7877917|2281050
q316,dev,v04,misinformation,oracle:genre,,1,genre,5,5,1.0,0.0,1.0,1.0,0.2,0.386853,5,1,,,,732516|3753305|732514|3614345|7877917|5501618|602410419|503472|104372|602540089
q316,dev,v04,misinformation,oracle:release_era,,1,genre,8,8,1.0,0.0,0.0,1.0,0.125,0.315465,8,1,,,,5501618|2776748|2759248|2684461|2910952|3753305|3614345|7877917|3685853|3349297
q316,dev,v04,misinformation,noisy:vocal_gender,,1,genre,,26,1.0,0.0,0.0,0.0,0.0,0.0,,0,,,,5501618|732516|602410419|503472|104372|602540089|2776748|482521|2759248|1210836
q316,dev,v04,misinformation,noisy:type,,1,genre,,25,1.0,0.0,0.0,0.0,0.0,0.0,,0,,,,2776748|1210836|2684461|2910952|602552834|601893642|602431047|602412105|3685853|7650
q316,dev,v04,misinformation,noisy:genre,,1,genre,,24,1.0,0.0,0.0,0.0,0.0,0.0,,0,,,,602410419|503472|482521|2776748|2759248|2910952|1374075|2281050|5501618|732516
q316,dev,v04,misinformation,noisy:release_era,,1,genre,,25,1.0,0.0,0.0,0.0,0.0,0.0,,0,,,,732516|503472|104372|482521|1210836|494792|732514|1068643|7650|1374075
q316,dev,v04,misinformation,rule:oracle,,1,genre,5,5,1.0,0.0,1.0,1.0,0.2,0.386853,5,1,,,,732516|3753305|732514|3614345|7877917|5501618|602410419|503472|104372|602540089
q316,dev,v04,misinformation,rule:noisy,,1,genre,,24,1.0,0.0,0.0,0.0,0.0,0.0,,0,,,,602410419|503472|482521|2776748|2759248|2910952|1374075|2281050|5501618|732516
q316,dev,v04,misinformation,rule:skip,,1,genre,,22,1.0,0.0,0.0,0.0,0.0,0.0,,0,,,,5501618|732516|602410419|503472|104372|602540089|2776748|482521|2759248|1210836
q316,dev,v04,misinformation,oracle:best,,1,genre,1,1,1.0,1.0,1.0,1.0,1.0,1.0,1,1,,,,7877917|5501618|732516|602410419|503472|104372|602540089|2776748|482521|2759248
q316,dev,v04,misinformation,flow:reject,7877917,1,genre,,17,1.0,0.0,0.0,0.0,0.0,0.0,,0,,,3,602162936|732514|35008534|494792|2684461|2910952|602552834|602358131|4204339|1592906
q316,dev,v04,misinformation,flow:skip,7877917,1,genre,,17,1.0,0.0,0.0,0.0,0.0,0.0,,0,,,3,602162936|732514|35008534|494792|2684461|2910952|602552834|602358131|4204339|1592906
q316,dev,v04,misinformation,flow:oracle,7877917,1,genre,5,5,1.0,0.0,1.0,1.0,0.2,0.386853,5,1,2,2,2,732516|3753305|732514|3614345|7877917|5501618|602410419|503472|104372|602540089
q316,dev,v04,misinformation,flow:noisy,7877917,1,genre,,27,1.0,0.0,0.0,0.0,0.0,0.0,,0,,,3,35008534|1592906|1657448|3485088|602162936|104372|602540089|732514|1210836|494792
q318,dev,v04,baseline,initial,,1,,1,1,1.0,1.0,1.0,1.0,1.0,1.0,1,1,,,,1592995|34819473|4711065|34270805|2425271|602102462|31161280|35504734|2093360|602137434
q318,dev,v04,baseline,reject_only,,0,,1,1,1.0,1.0,1.0,1.0,1.0,1.0,1,1,,,,1592995|34819473|4711065|34270805|2425271|602102462|31161280|35504734|2093360|602137434
q318,dev,v04,baseline,reject_twice,,0,,1,1,1.0,1.0,1.0,1.0,1.0,1.0,1,1,,,,1592995|34819473|4711065|34270805|2425271|602102462|31161280|35504734|2093360|602137434
q318,dev,v04,baseline,skip,,0,,1,1,1.0,1.0,1.0,1.0,1.0,1.0,1,1,,,,1592995|34819473|4711065|34270805|2425271|602102462|31161280|35504734|2093360|602137434
q318,dev,v04,baseline,oracle:vocal_gender,,0,,1,1,1.0,1.0,1.0,1.0,1.0,1.0,1,1,,,,1592995|34819473|4711065|34270805|2425271|602102462|31161280|35504734|2093360|602137434
q318,dev,v04,baseline,oracle:type,,0,,1,1,1.0,1.0,1.0,1.0,1.0,1.0,1,1,,,,1592995|34819473|4711065|34270805|2425271|602102462|31161280|35504734|2093360|602137434
q318,dev,v04,baseline,oracle:genre,,0,,1,1,1.0,1.0,1.0,1.0,1.0,1.0,1,1,,,,1592995|34819473|4711065|34270805|2425271|602102462|31161280|35504734|2093360|602137434
q318,dev,v04,baseline,oracle:release_era,,0,,1,1,1.0,1.0,1.0,1.0,1.0,1.0,1,1,,,,1592995|34819473|4711065|34270805|2425271|602102462|31161280|35504734|2093360|602137434
q318,dev,v04,baseline,noisy:vocal_gender,,0,,1,1,1.0,1.0,1.0,1.0,1.0,1.0,1,1,,,,1592995|34819473|4711065|34270805|2425271|602102462|31161280|35504734|2093360|602137434
q318,dev,v04,baseline,noisy:type,,0,,1,1,1.0,1.0,1.0,1.0,1.0,1.0,1,1,,,,1592995|34819473|4711065|34270805|2425271|602102462|31161280|35504734|2093360|602137434
q318,dev,v04,baseline,noisy:genre,,0,,1,1,1.0,1.0,1.0,1.0,1.0,1.0,1,1,,,,1592995|34819473|4711065|34270805|2425271|602102462|31161280|35504734|2093360|602137434
q318,dev,v04,baseline,noisy:release_era,,0,,1,1,1.0,1.0,1.0,1.0,1.0,1.0,1,1,,,,1592995|34819473|4711065|34270805|2425271|602102462|31161280|35504734|2093360|602137434
q318,dev,v04,baseline,rule:oracle,,0,,1,1,1.0,1.0,1.0,1.0,1.0,1.0,1,1,,,,1592995|34819473|4711065|34270805|2425271|602102462|31161280|35504734|2093360|602137434
q318,dev,v04,baseline,rule:noisy,,0,,1,1,1.0,1.0,1.0,1.0,1.0,1.0,1,1,,,,1592995|34819473|4711065|34270805|2425271|602102462|31161280|35504734|2093360|602137434
q318,dev,v04,baseline,rule:skip,,0,,1,1,1.0,1.0,1.0,1.0,1.0,1.0,1,1,,,,1592995|34819473|4711065|34270805|2425271|602102462|31161280|35504734|2093360|602137434
q318,dev,v04,baseline,oracle:best,,0,,1,1,1.0,1.0,1.0,1.0,1.0,1.0,1,1,,,,1592995|34819473|4711065|34270805|2425271|602102462|31161280|35504734|2093360|602137434
q318,dev,v04,baseline,flow:reject,,0,,1,1,1.0,1.0,1.0,1.0,1.0,1.0,1,1,1,1,1,1592995|34819473|4711065|34270805|2425271|602102462|31161280|35504734|2093360|602137434
q318,dev,v04,baseline,flow:skip,,0,,1,1,1.0,1.0,1.0,1.0,1.0,1.0,1,1,1,1,1,1592995|34819473|4711065|34270805|2425271|602102462|31161280|35504734|2093360|602137434
q318,dev,v04,baseline,flow:oracle,,0,,1,1,1.0,1.0,1.0,1.0,1.0,1.0,1,1,1,1,1,1592995|34819473|4711065|34270805|2425271|602102462|31161280|35504734|2093360|602137434
q318,dev,v04,baseline,flow:noisy,,0,,1,1,1.0,1.0,1.0,1.0,1.0,1.0,1,1,1,1,1,1592995|34819473|4711065|34270805|2425271|602102462|31161280|35504734|2093360|602137434
